-- MySQL dump 10.13  Distrib 8.0.19, for Win64 (x86_64)
--
-- Host: localhost    Database: sirade
-- ------------------------------------------------------
-- Server version	8.0.40

/*!40101 SET @OLD_CHARACTER_SET_CLIENT=@@CHARACTER_SET_CLIENT */;
/*!40101 SET @OLD_CHARACTER_SET_RESULTS=@@CHARACTER_SET_RESULTS */;
/*!40101 SET @OLD_COLLATION_CONNECTION=@@COLLATION_CONNECTION */;
/*!50503 SET NAMES utf8mb4 */;
/*!40103 SET @OLD_TIME_ZONE=@@TIME_ZONE */;
/*!40103 SET TIME_ZONE='+00:00' */;
/*!40014 SET @OLD_UNIQUE_CHECKS=@@UNIQUE_CHECKS, UNIQUE_CHECKS=0 */;
/*!40014 SET @OLD_FOREIGN_KEY_CHECKS=@@FOREIGN_KEY_CHECKS, FOREIGN_KEY_CHECKS=0 */;
/*!40101 SET @OLD_SQL_MODE=@@SQL_MODE, SQL_MODE='NO_AUTO_VALUE_ON_ZERO' */;
/*!40111 SET @OLD_SQL_NOTES=@@SQL_NOTES, SQL_NOTES=0 */;

--
-- Table structure for table `srd_aplicaciones`
--

DROP TABLE IF EXISTS `srd_aplicaciones`;
/*!40101 SET @saved_cs_client     = @@character_set_client */;
/*!50503 SET character_set_client = utf8mb4 */;
CREATE TABLE `srd_aplicaciones` (
  `CAPLI_ID` varchar(120) CHARACTER SET utf8mb4 COLLATE utf8mb4_0900_ai_ci NOT NULL,
  `CAPLI_DESCRIPCION` varchar(120) CHARACTER SET utf8mb4 COLLATE utf8mb4_0900_ai_ci DEFAULT NULL,
  `NAPLI_MODULO` int DEFAULT NULL,
  `CAPLI_MARCA` varchar(120) CHARACTER SET utf8mb4 COLLATE utf8mb4_0900_ai_ci DEFAULT NULL,
  `CAPLI_NOMBRE_PAG` varchar(120) CHARACTER SET utf8mb4 COLLATE utf8mb4_0900_ai_ci DEFAULT NULL,
  `CAPLI_IMAGEN` varchar(120) CHARACTER SET utf8mb4 COLLATE utf8mb4_0900_ai_ci DEFAULT NULL,
  `NAPLI_ORDEN` int DEFAULT NULL,
  `NAUDI_REG_INS` int NOT NULL,
  `DAUDI_REG_INS` datetime NOT NULL DEFAULT CURRENT_TIMESTAMP,
  `NAUDI_REG_UPD` int DEFAULT NULL,
  `DAUDI_REG_UPD` datetime DEFAULT NULL,
  `NAPLI_ESTADO` int NOT NULL DEFAULT '1',
  `NAUDI_EST_REG` int NOT NULL DEFAULT '1',
  PRIMARY KEY (`CAPLI_ID`),
  KEY `SRD_APLICACIONES_FK` (`NAUDI_REG_INS`),
  KEY `SRD_APLICACIONES_FK_1` (`NAUDI_REG_UPD`),
  CONSTRAINT `SRD_APLICACIONES_FK` FOREIGN KEY (`NAUDI_REG_INS`) REFERENCES `srd_usuarios` (`NUSUA_ID`) ON UPDATE CASCADE,
  CONSTRAINT `SRD_APLICACIONES_FK_1` FOREIGN KEY (`NAUDI_REG_UPD`) REFERENCES `srd_usuarios` (`NUSUA_ID`) ON DELETE SET NULL ON UPDATE CASCADE
) ENGINE=InnoDB DEFAULT CHARSET=utf8mb4 COLLATE=utf8mb4_0900_ai_ci;
/*!40101 SET character_set_client = @saved_cs_client */;

--
-- Dumping data for table `srd_aplicaciones`
--

LOCK TABLES `srd_aplicaciones` WRITE;
/*!40000 ALTER TABLE `srd_aplicaciones` DISABLE KEYS */;
INSERT INTO `srd_aplicaciones` VALUES ('ENF_001','SISTEMA DE CONTROL DE TELE-ENFERMERÍA',11,'TELE ENFERMERÍA','teleenfermeria','teleenfermeria.png',5,1,'2023-10-03 12:22:35',NULL,NULL,1,1),('ENF_002','SISTEMA DE GESTIÓN DE ASISTENCIA',12,'JULIA','julia','julia.png',1,1,'2023-10-03 13:02:04',NULL,NULL,1,1),('ENF_003','JOINT COMISSION FORMS',13,'JOINT COMISSION FORMS','jci','jci.png',4,1,'2023-10-03 13:05:45',NULL,NULL,1,1),('ENF_005','HIGIENE DE MANOS',15,'LAVADO DE MANOS','higiene','hands.png',2,1,'2023-10-03 13:05:45',NULL,NULL,1,1);
/*!40000 ALTER TABLE `srd_aplicaciones` ENABLE KEYS */;
UNLOCK TABLES;

--
-- Table structure for table `srd_areas`
--

DROP TABLE IF EXISTS `srd_areas`;
/*!40101 SET @saved_cs_client     = @@character_set_client */;
/*!50503 SET character_set_client = utf8mb4 */;
CREATE TABLE `srd_areas` (
  `CAREA_ID` varchar(25) NOT NULL,
  `CAREA_DESCRIPCION` varchar(120) NOT NULL,
  `NAREA_BONUS` tinyint DEFAULT '0',
  `NAREA_CATEGORIA` int DEFAULT NULL,
  `NAUDI_REG_INS` int NOT NULL,
  `DAUDI_REG_INS` datetime NOT NULL DEFAULT CURRENT_TIMESTAMP,
  `NAUDI_REG_UPD` int DEFAULT NULL,
  `DAUDI_REG_UPD` datetime DEFAULT NULL,
  `NAREA_ESTADO` int NOT NULL DEFAULT '1',
  `NAUDI_EST_REG` int NOT NULL DEFAULT '1',
  PRIMARY KEY (`CAREA_ID`),
  KEY `SRD_AREAS_FK` (`NAUDI_REG_INS`),
  KEY `SRD_AREAS_FK_1` (`NAUDI_REG_UPD`),
  CONSTRAINT `SRD_AREAS_FK` FOREIGN KEY (`NAUDI_REG_INS`) REFERENCES `srd_usuarios` (`NUSUA_ID`) ON UPDATE CASCADE,
  CONSTRAINT `SRD_AREAS_FK_1` FOREIGN KEY (`NAUDI_REG_UPD`) REFERENCES `srd_usuarios` (`NUSUA_ID`) ON DELETE SET NULL ON UPDATE CASCADE
) ENGINE=InnoDB DEFAULT CHARSET=utf8mb4 COLLATE=utf8mb4_0900_ai_ci;
/*!40101 SET character_set_client = @saved_cs_client */;

--
-- Dumping data for table `srd_areas`
--

LOCK TABLES `srd_areas` WRITE;
/*!40000 ALTER TABLE `srd_areas` DISABLE KEYS */;
INSERT INTO `srd_areas` VALUES ('4TO N','CUARTO NORTE',0,NULL,1,'2023-11-04 20:53:24',NULL,NULL,1,1),('4TO S','CUARTO SUR',0,NULL,1,'2023-11-04 20:53:24',NULL,NULL,1,1),('5TO N','QUINTO NORTE',0,NULL,1,'2023-11-04 20:53:24',NULL,NULL,1,1),('5TO S','QUINTO SUR',0,NULL,1,'2023-11-04 20:53:24',1,'2024-11-20 10:24:17',1,1),('6TO N','SEXTO NORTE',0,NULL,1,'2023-11-04 20:53:24',NULL,NULL,1,1),('6TO S','SEXTO SUR',0,NULL,1,'2023-11-04 20:53:24',NULL,NULL,1,1),('7MO S','SEPTIMO SUR',0,NULL,1,'2023-11-04 20:53:24',NULL,NULL,1,1),('8VO S','OCTAVO SUR',0,NULL,1,'2023-11-04 20:53:24',NULL,NULL,1,1),('9NO S','NOVENO SUR',0,NULL,1,'2023-11-04 20:53:24',NULL,NULL,1,1),('CE','CENTRAL DE ESTERILIZACIÓN',0,NULL,1,'2023-11-04 20:53:24',NULL,NULL,1,1),('CINEANGIO','CINEANGIOGRAFÍA',0,NULL,1,'2023-11-04 20:53:24',NULL,NULL,1,1),('CONSERJE','CONSERJE',0,NULL,1,'2023-11-04 20:53:24',NULL,NULL,1,1),('DEP','DEPARTAMENTO DE ENFERMERÍA',0,NULL,1,'2023-11-04 20:53:24',NULL,NULL,1,1),('EA','EMERGENCIA ADULTOS',0,NULL,1,'2023-11-04 20:53:24',NULL,NULL,1,1),('ECO','ECOCARDIOGRAFIA AVANZADA',0,NULL,1,'2023-11-04 20:53:24',NULL,NULL,1,1),('EP','EMERGENCIA PEDIATRICA',0,NULL,1,'2023-11-04 20:53:24',NULL,NULL,1,1),('ER','EMERGENCIA RESPIRATORIA',0,NULL,1,'2023-11-04 20:53:24',NULL,NULL,1,1),('FRONT','FRONTIS',0,NULL,1,'2023-11-04 20:53:24',NULL,NULL,1,1),('HOSP COVID','HOSPITALIZACIÓN COVID',0,NULL,1,'2023-11-04 20:53:24',NULL,NULL,1,1),('HOSP DE DIA','HOSPITALIZACIÓN DE DÍA',0,NULL,1,'2023-11-04 20:53:24',NULL,NULL,1,1),('INTERNOS','INTERNOS',0,NULL,1,'2023-11-04 20:53:24',NULL,NULL,1,1),('INYECTABLES','INYECTABLES',0,NULL,1,'2023-11-04 20:53:24',NULL,NULL,1,1),('L','LIBRE',0,NULL,1,'2023-11-04 20:53:24',NULL,NULL,1,1),('NEO','NEONATOLOGÍA',0,NULL,1,'2023-11-04 20:53:24',NULL,NULL,1,1),('PRACTICANTES','PRACTICANTES',0,NULL,1,'2023-11-04 20:53:24',NULL,NULL,1,1),('RETEN','RETEN',0,NULL,1,'2023-11-04 20:53:24',NULL,NULL,1,1),('ROPA','ROPA',0,NULL,1,'2023-11-04 20:53:24',NULL,NULL,1,1),('S PARTO','SALA DE PARTO',0,NULL,1,'2023-11-04 20:53:24',NULL,NULL,1,1),('SOP','SALA DE OPERACIONES',0,NULL,1,'2023-11-04 20:53:24',NULL,NULL,1,1),('SUPERVISION','SUPERVISION',0,NULL,1,'2023-11-04 20:53:24',NULL,NULL,1,1),('TRIAJE','TRIAJE',0,NULL,1,'2023-11-04 20:53:24',NULL,NULL,1,1),('UCI A','UCI ADULTOS',0,NULL,1,'2023-11-04 20:53:24',NULL,NULL,1,1),('UCI AD COVID','UCI ADULTOS COVID',0,NULL,1,'2023-11-04 20:53:24',NULL,NULL,1,1),('UCI AD GENERAL','UCI ADMISIÓN GENERAL',0,NULL,1,'2023-11-04 20:53:24',NULL,NULL,1,1),('UCI I','UCI I',0,NULL,1,'2023-11-04 20:53:24',NULL,NULL,1,1),('UCI PED','UCI PEDIATRICA',0,NULL,1,'2023-11-04 20:53:24',NULL,NULL,1,1),('VULNERABLE','VULNERABLE',0,NULL,1,'2023-11-04 20:53:24',NULL,NULL,1,1),('ZE 2DO PISO','ZONA ESTE 2DO PISO',0,NULL,1,'2023-11-04 20:53:24',NULL,NULL,1,1),('ZE 3ER PISO','ZONA ESTE 3ER PISO',0,NULL,1,'2023-11-04 20:53:24',NULL,NULL,1,1),('ZE AMP A','ZONA ESTE AMPLIACIÓN A',0,NULL,1,'2023-11-04 20:53:24',NULL,NULL,1,1),('ZE HOSP','ZONA ESTE HOSPITALIZACIÓN',0,NULL,1,'2023-11-04 20:53:24',NULL,NULL,1,1);
/*!40000 ALTER TABLE `srd_areas` ENABLE KEYS */;
UNLOCK TABLES;

--
-- Table structure for table `srd_cambios_turno`
--

DROP TABLE IF EXISTS `srd_cambios_turno`;
/*!40101 SET @saved_cs_client     = @@character_set_client */;
/*!50503 SET character_set_client = utf8mb4 */;
CREATE TABLE `srd_cambios_turno` (
  `NCATU_ID` int NOT NULL AUTO_INCREMENT,
  `CCATU_CODIGO` varchar(100) CHARACTER SET utf8mb4 COLLATE utf8mb4_0900_ai_ci DEFAULT NULL,
  `NUSUA_ID_SOLICITANTE` int DEFAULT NULL,
  `NPERI_ID_SOLICITANTE` int DEFAULT NULL,
  `DCATU_FECHA_SOLICITANTE` date DEFAULT NULL,
  `CTURN_ID_SOLICITANTE` varchar(25) DEFAULT NULL,
  `DCATU_RANGO_FIN_SOL` datetime DEFAULT NULL,
  `DCATU_RANGO_INI_SOL` datetime DEFAULT NULL,
  `NUSUA_ID_RECEPTOR` int DEFAULT NULL,
  `NPERI_ID_RECEPTOR` int DEFAULT NULL,
  `DCATU_FECHA_RECEPTOR` date DEFAULT NULL,
  `CTURN_ID_RECEPTOR` varchar(25) DEFAULT NULL,
  `DCATU_RANGO_INI_REC` datetime DEFAULT NULL,
  `DCATU_RANGO_FIN_REC` datetime DEFAULT NULL,
  `NAUDI_REG_INS` int NOT NULL,
  `DAUDI_REG_INS` datetime NOT NULL DEFAULT CURRENT_TIMESTAMP,
  `NAUDI_REG_UPD` int DEFAULT NULL,
  `DAUDI_REG_UPD` datetime DEFAULT NULL,
  `NCATU_ESTADO` int NOT NULL DEFAULT '1',
  `NAUDI_EST_REG` int NOT NULL DEFAULT '1',
  PRIMARY KEY (`NCATU_ID`),
  KEY `srd_cambios_turno_srd_usuarios_FK` (`NUSUA_ID_SOLICITANTE`),
  KEY `srd_cambios_turno_srd_usuarios_FK_1` (`NUSUA_ID_RECEPTOR`),
  KEY `srd_cambios_turno_srd_turno_FK` (`CTURN_ID_SOLICITANTE`),
  KEY `srd_cambios_turno_srd_turno_FK_1` (`CTURN_ID_RECEPTOR`),
  KEY `srd_cambios_turno_srd_periodo_FK` (`NPERI_ID_SOLICITANTE`),
  KEY `srd_cambios_turno_srd_periodo_FK_1` (`NPERI_ID_RECEPTOR`),
  CONSTRAINT `srd_cambios_turno_srd_periodo_FK` FOREIGN KEY (`NPERI_ID_SOLICITANTE`) REFERENCES `srd_periodo` (`NPERI_ID`) ON UPDATE CASCADE,
  CONSTRAINT `srd_cambios_turno_srd_periodo_FK_1` FOREIGN KEY (`NPERI_ID_RECEPTOR`) REFERENCES `srd_periodo` (`NPERI_ID`) ON UPDATE CASCADE,
  CONSTRAINT `srd_cambios_turno_srd_turno_FK` FOREIGN KEY (`CTURN_ID_SOLICITANTE`) REFERENCES `srd_turno` (`CTURN_ID`) ON DELETE SET NULL ON UPDATE CASCADE,
  CONSTRAINT `srd_cambios_turno_srd_turno_FK_1` FOREIGN KEY (`CTURN_ID_RECEPTOR`) REFERENCES `srd_turno` (`CTURN_ID`) ON DELETE SET NULL ON UPDATE CASCADE,
  CONSTRAINT `srd_cambios_turno_srd_usuarios_FK` FOREIGN KEY (`NUSUA_ID_SOLICITANTE`) REFERENCES `srd_usuarios` (`NUSUA_ID`) ON DELETE SET NULL ON UPDATE CASCADE,
  CONSTRAINT `srd_cambios_turno_srd_usuarios_FK_1` FOREIGN KEY (`NUSUA_ID_RECEPTOR`) REFERENCES `srd_usuarios` (`NUSUA_ID`) ON DELETE SET NULL ON UPDATE CASCADE
) ENGINE=InnoDB AUTO_INCREMENT=2 DEFAULT CHARSET=utf8mb4 COLLATE=utf8mb4_0900_ai_ci;
/*!40101 SET character_set_client = @saved_cs_client */;

--
-- Dumping data for table `srd_cambios_turno`
--

LOCK TABLES `srd_cambios_turno` WRITE;
/*!40000 ALTER TABLE `srd_cambios_turno` DISABLE KEYS */;
INSERT INTO `srd_cambios_turno` VALUES (1,'CT000001',144,8,'2024-05-02','M1','2024-05-02 13:00:00','2024-05-02 08:00:00',843,8,'2024-05-03','T1','2024-05-03 12:30:00','2024-05-03 18:30:00',1,'2024-11-27 09:26:26',1,'2024-11-29 12:10:00',1,1);
/*!40000 ALTER TABLE `srd_cambios_turno` ENABLE KEYS */;
UNLOCK TABLES;

--
-- Table structure for table `srd_catalogo`
--

DROP TABLE IF EXISTS `srd_catalogo`;
/*!40101 SET @saved_cs_client     = @@character_set_client */;
/*!50503 SET character_set_client = utf8mb4 */;
CREATE TABLE `srd_catalogo` (
  `NCATA_ID` int NOT NULL AUTO_INCREMENT,
  `CCATA_NOMBRE` varchar(100) NOT NULL,
  `CCATA_DESCRIPCION` varchar(100) NOT NULL,
  `NAUDI_USR_INS` int NOT NULL,
  `DAUDI_USR_INS` datetime NOT NULL DEFAULT CURRENT_TIMESTAMP,
  `NAUDI_USR_UPD` int DEFAULT NULL,
  `DAUDI_USR_UPD` datetime DEFAULT NULL,
  `NAUDI_EST_REG` int NOT NULL DEFAULT '1',
  `NCATA_ESTADO` int NOT NULL DEFAULT '1',
  PRIMARY KEY (`NCATA_ID`)
) ENGINE=InnoDB AUTO_INCREMENT=16 DEFAULT CHARSET=utf8mb4 COLLATE=utf8mb4_0900_ai_ci;
/*!40101 SET character_set_client = @saved_cs_client */;

--
-- Dumping data for table `srd_catalogo`
--

LOCK TABLES `srd_catalogo` WRITE;
/*!40000 ALTER TABLE `srd_catalogo` DISABLE KEYS */;
INSERT INTO `srd_catalogo` VALUES (10,'SEXO','SEXO DE LA PERSONA',1,'2024-04-29 19:54:40',NULL,NULL,1,1),(11,'ESTADO DE REGISTRO','ESTADO DE REGISTRO',1,'2024-06-16 20:42:30',NULL,NULL,1,1),(12,'TIPO DOCUMENTO','TIPO DE DOCUMENTO DE IDENTIFICACIÓN',1,'2024-06-16 20:44:43',NULL,NULL,1,1),(13,'ESTADO CIVIL','ESTADO CIVIL DE LA PERSONA',1,'2024-06-30 17:17:40',NULL,NULL,1,1);
/*!40000 ALTER TABLE `srd_catalogo` ENABLE KEYS */;
UNLOCK TABLES;

--
-- Table structure for table `srd_catalogo_detalle`
--

DROP TABLE IF EXISTS `srd_catalogo_detalle`;
/*!40101 SET @saved_cs_client     = @@character_set_client */;
/*!50503 SET character_set_client = utf8mb4 */;
CREATE TABLE `srd_catalogo_detalle` (
  `NCADE_ID` int NOT NULL,
  `NCATA_ID` int NOT NULL,
  `CCADE_CODIGO` varchar(100) NOT NULL,
  `CCADE_NOMBRE` varchar(100) NOT NULL,
  `CCADE_DESCRIPCION` varchar(100) DEFAULT NULL,
  `CCADE_ABREVIATURA` varchar(100) DEFAULT NULL,
  `NCADE_ORDENAMIENTO` int NOT NULL,
  `NAUDI_USR_INS` int NOT NULL,
  `DAUDI_USR_INS` datetime NOT NULL DEFAULT CURRENT_TIMESTAMP,
  `NAUDI_USR_UPD` int DEFAULT NULL,
  `DAUDI_USR_UPD` datetime DEFAULT NULL,
  `NAUDI_EST_REG` int NOT NULL DEFAULT '1',
  `NCADE_ESTADO` int NOT NULL DEFAULT '1',
  PRIMARY KEY (`NCADE_ID`),
  KEY `FK1_CATALOGO_DETALLE` (`NCATA_ID`),
  CONSTRAINT `FK1_CATALOGO_DETALLE` FOREIGN KEY (`NCATA_ID`) REFERENCES `srd_catalogo` (`NCATA_ID`) ON UPDATE CASCADE
) ENGINE=InnoDB DEFAULT CHARSET=utf8mb4 COLLATE=utf8mb4_0900_ai_ci;
/*!40101 SET character_set_client = @saved_cs_client */;

--
-- Dumping data for table `srd_catalogo_detalle`
--

LOCK TABLES `srd_catalogo_detalle` WRITE;
/*!40000 ALTER TABLE `srd_catalogo_detalle` DISABLE KEYS */;
INSERT INTO `srd_catalogo_detalle` VALUES (10000001,10,'1','MASCULINO','GENERO DE LA PERSONA','M',1,1,'2024-06-16 20:38:31',NULL,NULL,1,1),(10000002,10,'2','FEMENINO','GENERO DE LA PERSONA','F',2,1,'2024-06-16 20:39:59',NULL,NULL,1,1),(10000003,10,'3','NO BINARIO','GENERO DE LA PERSONA','NB',3,1,'2024-06-16 20:40:44',NULL,NULL,1,1),(11000001,11,'1','ACTIVO','ESTADO DE REGISTRO','ACTIVO',1,1,'2024-06-16 20:42:59',NULL,NULL,1,1),(11000002,11,'0','INACTIVO','ESTADO DE REGISTRO','INACTIVO',2,1,'2024-06-16 20:43:31',NULL,NULL,1,1),(12000001,12,'1','DOCUMENTO NACIONAL DE IDENTIDAD','DOCUMENTO DE IDENTIFICACIÓN','DNI',1,1,'2024-06-16 20:46:55',NULL,NULL,1,1),(12000002,12,'2','PASAPORTE','DOCUMENTO DE IDENTIFICACIÓN','PASAPORTE',2,1,'2024-06-16 20:47:29',NULL,NULL,1,1),(12000003,12,'3','CARNÉ DE EXTRANJERÍA','DOCUMENTO DE IDENTIFICACIÓN','CE',3,1,'2024-06-16 20:48:08',NULL,NULL,1,1),(13000001,13,'1','SOLTERO(A)','ESTADO CIVIL','SOLTERO',1,1,'2024-06-30 17:19:38',NULL,NULL,1,1),(13000002,13,'2','CASADO(A)','ESTADO CIVIL','CASADO',2,1,'2024-06-30 17:19:38',NULL,NULL,1,1),(13000003,13,'3','SEPARADO(A)','ESTADO CIVIL','SEPARADO',3,1,'2024-06-30 17:21:38',NULL,NULL,1,1),(13000004,13,'4','VIUDO(A)','ESTADO CIVIL','VIUDO',4,1,'2024-06-30 17:22:23',NULL,NULL,1,1),(13000005,13,'5','CONVIVIENTE','ESTADO CIVIL','CONVIVIENTE',5,1,'2024-06-30 17:23:03',NULL,NULL,1,1),(13000006,13,'6','DIVORCIADO(A)','ESTADO CIVIL','DIVORCIADO',6,1,'2024-06-30 17:23:40',1,'2024-10-03 11:51:23',1,1);
/*!40000 ALTER TABLE `srd_catalogo_detalle` ENABLE KEYS */;
UNLOCK TABLES;

--
-- Table structure for table `srd_desempenio`
--

DROP TABLE IF EXISTS `srd_desempenio`;
/*!40101 SET @saved_cs_client     = @@character_set_client */;
/*!50503 SET character_set_client = utf8mb4 */;
CREATE TABLE `srd_desempenio` (
  `NDESE_ID` int NOT NULL AUTO_INCREMENT,
  `CDESE_DESCRIPCION` varchar(120) CHARACTER SET utf8mb4 COLLATE utf8mb4_0900_ai_ci NOT NULL,
  `CDESE_IMAGEN` varchar(120) CHARACTER SET utf8mb4 COLLATE utf8mb4_0900_ai_ci DEFAULT NULL,
  `NAUDI_REG_INS` int NOT NULL,
  `DAUDI_REG_INS` datetime NOT NULL DEFAULT CURRENT_TIMESTAMP,
  `NAUDI_REG_UPD` int DEFAULT NULL,
  `DAUDI_REG_UPD` datetime DEFAULT NULL,
  `NDESE_ESTADO` int NOT NULL DEFAULT '1',
  `NAUDI_EST_REG` int NOT NULL DEFAULT '1',
  PRIMARY KEY (`NDESE_ID`),
  KEY `SRD_DESEMPENIO_FK` (`NAUDI_REG_INS`),
  KEY `SRD_DESEMPENIO_FK_1` (`NAUDI_REG_UPD`),
  CONSTRAINT `SRD_DESEMPENIO_FK` FOREIGN KEY (`NAUDI_REG_INS`) REFERENCES `srd_usuarios` (`NUSUA_ID`) ON UPDATE CASCADE,
  CONSTRAINT `SRD_DESEMPENIO_FK_1` FOREIGN KEY (`NAUDI_REG_UPD`) REFERENCES `srd_usuarios` (`NUSUA_ID`) ON DELETE SET NULL ON UPDATE CASCADE
) ENGINE=InnoDB AUTO_INCREMENT=7 DEFAULT CHARSET=utf8mb4 COLLATE=utf8mb4_0900_ai_ci;
/*!40101 SET character_set_client = @saved_cs_client */;

--
-- Dumping data for table `srd_desempenio`
--

LOCK TABLES `srd_desempenio` WRITE;
/*!40000 ALTER TABLE `srd_desempenio` DISABLE KEYS */;
INSERT INTO `srd_desempenio` VALUES (1,'TÉCNICA(O)','tecnica.svg',1,'2023-04-27 13:38:40',1,'2023-04-27 13:38:40',1,1),(2,'ENFERMERA(O)','enfermera.svg',1,'2023-04-27 13:38:40',1,'2023-04-27 13:38:40',1,1),(3,'CONSERJE','conserje.svg',1,'2023-04-27 13:38:40',1,'2023-04-27 13:38:40',1,1),(4,'INTERNO','interno.svg',1,'2023-04-27 13:38:40',1,'2023-04-27 13:38:40',1,1),(5,'PRACTICANTE','practicante.svg',1,'2023-04-27 13:38:40',1,'2023-04-27 13:38:40',1,1),(6,'INGENIERO','ingeniero.svg',1,'2023-05-22 12:04:29',1,'2023-05-22 12:04:29',1,1);
/*!40000 ALTER TABLE `srd_desempenio` ENABLE KEYS */;
UNLOCK TABLES;

--
-- Table structure for table `srd_hig_areas_super`
--

DROP TABLE IF EXISTS `srd_hig_areas_super`;
/*!40101 SET @saved_cs_client     = @@character_set_client */;
/*!50503 SET character_set_client = utf8mb4 */;
CREATE TABLE `srd_hig_areas_super` (
  `NASUP_ID` int NOT NULL AUTO_INCREMENT,
  `CAREA_ID` varchar(25) NOT NULL,
  `NUSUA_ID` int DEFAULT NULL,
  `NUSUA_REG_INS` int NOT NULL,
  `DUSUA_REG_INS` datetime NOT NULL DEFAULT CURRENT_TIMESTAMP,
  `NUSUA_REG_UPD` int DEFAULT NULL,
  `DUSUA_REG_UPD` datetime DEFAULT NULL,
  `NASUP_ESTADO` int NOT NULL DEFAULT '1',
  `ESTADO_REG` int NOT NULL DEFAULT '1',
  PRIMARY KEY (`NASUP_ID`),
  KEY `SRD_JCI_AREAS_SUPER_FK` (`CAREA_ID`) USING BTREE,
  KEY `SRD_JCI_AREAS_SUPER_FK_1` (`NUSUA_ID`) USING BTREE,
  KEY `SRD_JCI_AREAS_SUPER_FK_2` (`NUSUA_REG_INS`) USING BTREE,
  KEY `SRD_JCI_AREAS_SUPER_FK_3` (`NUSUA_REG_UPD`) USING BTREE,
  CONSTRAINT `SRD_JCI_AREAS_SUPER_FK_1_copy` FOREIGN KEY (`NUSUA_ID`) REFERENCES `srd_usuarios` (`NUSUA_ID`) ON UPDATE CASCADE,
  CONSTRAINT `SRD_JCI_AREAS_SUPER_FK_2_copy` FOREIGN KEY (`NUSUA_REG_INS`) REFERENCES `srd_usuarios` (`NUSUA_ID`) ON UPDATE CASCADE,
  CONSTRAINT `SRD_JCI_AREAS_SUPER_FK_3_copy` FOREIGN KEY (`NUSUA_REG_UPD`) REFERENCES `srd_usuarios` (`NUSUA_ID`) ON UPDATE CASCADE,
  CONSTRAINT `SRD_JCI_AREAS_SUPER_FK_copy` FOREIGN KEY (`CAREA_ID`) REFERENCES `srd_areas` (`CAREA_ID`) ON UPDATE CASCADE
) ENGINE=InnoDB AUTO_INCREMENT=2 DEFAULT CHARSET=utf8mb4 COLLATE=utf8mb4_0900_ai_ci;
/*!40101 SET character_set_client = @saved_cs_client */;

--
-- Dumping data for table `srd_hig_areas_super`
--

LOCK TABLES `srd_hig_areas_super` WRITE;
/*!40000 ALTER TABLE `srd_hig_areas_super` DISABLE KEYS */;
INSERT INTO `srd_hig_areas_super` VALUES (1,'CINEANGIO',144,1,'2024-02-29 17:52:13',1,'2024-02-29 18:26:10',1,0);
/*!40000 ALTER TABLE `srd_hig_areas_super` ENABLE KEYS */;
UNLOCK TABLES;

--
-- Table structure for table `srd_hig_cetegoria_preg`
--

DROP TABLE IF EXISTS `srd_hig_cetegoria_preg`;
/*!40101 SET @saved_cs_client     = @@character_set_client */;
/*!50503 SET character_set_client = utf8mb4 */;
CREATE TABLE `srd_hig_cetegoria_preg` (
  `NHCAP_ID` int NOT NULL AUTO_INCREMENT,
  `CHCAP_NOMBRE` varchar(120) NOT NULL,
  `NHCAP_ORDEN` int NOT NULL,
  `NUSUA_REG_INS` int NOT NULL,
  `DUSUA_REG_INS` datetime NOT NULL DEFAULT CURRENT_TIMESTAMP,
  `NUSUA_REG_UPD` int DEFAULT NULL,
  `DUSUA_REG_UPD` datetime DEFAULT NULL,
  `NHCAP_ESTADO` int NOT NULL DEFAULT '1',
  `ESTADO_REG` int NOT NULL DEFAULT '1',
  PRIMARY KEY (`NHCAP_ID`),
  KEY `SRD_JCI_CATEGORIA_PREG_FK` (`NUSUA_REG_INS`) USING BTREE,
  KEY `SRD_JCI_CATEGORIA_PREG_FK_1` (`NUSUA_REG_UPD`) USING BTREE,
  CONSTRAINT `SRD_HIG_CETEGORIA_PREG_FK` FOREIGN KEY (`NUSUA_REG_INS`) REFERENCES `srd_usuarios` (`NUSUA_ID`) ON UPDATE CASCADE,
  CONSTRAINT `SRD_HIG_CETEGORIA_PREG_FK_1` FOREIGN KEY (`NUSUA_REG_UPD`) REFERENCES `srd_usuarios` (`NUSUA_ID`) ON UPDATE CASCADE
) ENGINE=InnoDB DEFAULT CHARSET=utf8mb4 COLLATE=utf8mb4_0900_ai_ci;
/*!40101 SET character_set_client = @saved_cs_client */;

--
-- Dumping data for table `srd_hig_cetegoria_preg`
--

LOCK TABLES `srd_hig_cetegoria_preg` WRITE;
/*!40000 ALTER TABLE `srd_hig_cetegoria_preg` DISABLE KEYS */;
/*!40000 ALTER TABLE `srd_hig_cetegoria_preg` ENABLE KEYS */;
UNLOCK TABLES;

--
-- Table structure for table `srd_hig_encuestas`
--

DROP TABLE IF EXISTS `srd_hig_encuestas`;
/*!40101 SET @saved_cs_client     = @@character_set_client */;
/*!50503 SET character_set_client = utf8mb4 */;
CREATE TABLE `srd_hig_encuestas` (
  `NHENC_ID` int NOT NULL AUTO_INCREMENT,
  `NUSUA_ID` int NOT NULL,
  `NHPER_ID` int DEFAULT NULL,
  `CAREA_ID` varchar(25) DEFAULT NULL,
  `NHENC_SUPERVISOR` int DEFAULT NULL,
  `NUSUA_REG_INS` int NOT NULL,
  `DUSUA_REG_INS` datetime NOT NULL DEFAULT CURRENT_TIMESTAMP,
  `NUSUA_REG_UPD` int DEFAULT NULL,
  `DUSUA_REG_UPD` datetime DEFAULT NULL,
  `NHENC_ESTADO` int NOT NULL DEFAULT '1',
  `ESTADO_REG` int NOT NULL DEFAULT '1',
  PRIMARY KEY (`NHENC_ID`),
  KEY `SRD_JCI_ENCUESTAS_FK` (`NHPER_ID`) USING BTREE,
  KEY `SRD_JCI_ENCUESTAS_FK_1` (`NUSUA_ID`) USING BTREE,
  KEY `SRD_JCI_ENCUESTAS_FK_2` (`NUSUA_REG_INS`) USING BTREE,
  KEY `SRD_JCI_ENCUESTAS_FK_3` (`NUSUA_REG_UPD`) USING BTREE,
  KEY `SRD_JCI_ENCUESTAS_FK_4` (`CAREA_ID`) USING BTREE,
  KEY `SRD_JCI_ENCUESTAS_FK_5` (`NHENC_SUPERVISOR`) USING BTREE,
  CONSTRAINT `SRD_HIG_ENCUESTAS_FK` FOREIGN KEY (`NHPER_ID`) REFERENCES `srd_hig_periodo` (`NHPER_ID`) ON DELETE SET NULL ON UPDATE CASCADE,
  CONSTRAINT `SRD_JCI_ENCUESTAS_FK_1_copy` FOREIGN KEY (`NUSUA_ID`) REFERENCES `srd_usuarios` (`NUSUA_ID`) ON UPDATE CASCADE,
  CONSTRAINT `SRD_JCI_ENCUESTAS_FK_2_copy` FOREIGN KEY (`NUSUA_REG_INS`) REFERENCES `srd_usuarios` (`NUSUA_ID`) ON UPDATE CASCADE,
  CONSTRAINT `SRD_JCI_ENCUESTAS_FK_3_copy` FOREIGN KEY (`NUSUA_REG_UPD`) REFERENCES `srd_usuarios` (`NUSUA_ID`) ON DELETE SET NULL ON UPDATE CASCADE,
  CONSTRAINT `SRD_JCI_ENCUESTAS_FK_4_copy` FOREIGN KEY (`CAREA_ID`) REFERENCES `srd_areas` (`CAREA_ID`) ON UPDATE CASCADE,
  CONSTRAINT `SRD_JCI_ENCUESTAS_FK_5_copy` FOREIGN KEY (`NHENC_SUPERVISOR`) REFERENCES `srd_usuarios` (`NUSUA_ID`) ON UPDATE CASCADE
) ENGINE=InnoDB DEFAULT CHARSET=utf8mb4 COLLATE=utf8mb4_0900_ai_ci;
/*!40101 SET character_set_client = @saved_cs_client */;

--
-- Dumping data for table `srd_hig_encuestas`
--

LOCK TABLES `srd_hig_encuestas` WRITE;
/*!40000 ALTER TABLE `srd_hig_encuestas` DISABLE KEYS */;
/*!40000 ALTER TABLE `srd_hig_encuestas` ENABLE KEYS */;
UNLOCK TABLES;

--
-- Table structure for table `srd_hig_periodo`
--

DROP TABLE IF EXISTS `srd_hig_periodo`;
/*!40101 SET @saved_cs_client     = @@character_set_client */;
/*!50503 SET character_set_client = utf8mb4 */;
CREATE TABLE `srd_hig_periodo` (
  `NHPER_ID` int NOT NULL AUTO_INCREMENT,
  `CHPER_DESCRIPCION` varchar(120) NOT NULL,
  `DHPER_INICIO` date NOT NULL,
  `DHPER_FIN` date NOT NULL,
  `NUSUA_REG_INS` int NOT NULL,
  `DUSUA_REG_INS` datetime NOT NULL DEFAULT CURRENT_TIMESTAMP,
  `NUSUA_REG_UPD` int DEFAULT NULL,
  `DUSUA_REG_UPD` datetime DEFAULT NULL,
  `NHPER_ESTADO` int NOT NULL DEFAULT '1',
  `ESTADO_REG` int NOT NULL DEFAULT '1',
  PRIMARY KEY (`NHPER_ID`),
  KEY `SRD_JCI_PERIODO_FK` (`NUSUA_REG_INS`) USING BTREE,
  KEY `SRD_JCI_PERIODO_FK_1` (`NUSUA_REG_UPD`) USING BTREE,
  CONSTRAINT `SRD_HIG_PERIODO_FK` FOREIGN KEY (`NUSUA_REG_INS`) REFERENCES `srd_usuarios` (`NUSUA_ID`) ON UPDATE CASCADE,
  CONSTRAINT `SRD_HIG_PERIODO_FK_1` FOREIGN KEY (`NUSUA_REG_UPD`) REFERENCES `srd_usuarios` (`NUSUA_ID`) ON UPDATE CASCADE
) ENGINE=InnoDB DEFAULT CHARSET=utf8mb4 COLLATE=utf8mb4_0900_ai_ci;
/*!40101 SET character_set_client = @saved_cs_client */;

--
-- Dumping data for table `srd_hig_periodo`
--

LOCK TABLES `srd_hig_periodo` WRITE;
/*!40000 ALTER TABLE `srd_hig_periodo` DISABLE KEYS */;
/*!40000 ALTER TABLE `srd_hig_periodo` ENABLE KEYS */;
UNLOCK TABLES;

--
-- Table structure for table `srd_hig_preguntas`
--

DROP TABLE IF EXISTS `srd_hig_preguntas`;
/*!40101 SET @saved_cs_client     = @@character_set_client */;
/*!50503 SET character_set_client = utf8mb4 */;
CREATE TABLE `srd_hig_preguntas` (
  `NHPRE_ID` int NOT NULL,
  `CHPRE_DESCRIPCION` varchar(255) CHARACTER SET utf8mb4 COLLATE utf8mb4_0900_ai_ci NOT NULL,
  `NHCAP_ID` int DEFAULT NULL,
  `NHPRE_ORDEN` int NOT NULL,
  `NUSUA_REG_INS` int NOT NULL,
  `DUSUA_REG_INS` datetime NOT NULL DEFAULT CURRENT_TIMESTAMP,
  `NUSUA_REG_UPD` int DEFAULT NULL,
  `DUSUA_REG_UPD` datetime DEFAULT NULL,
  `NHPRE_ESTADO` int NOT NULL DEFAULT '1',
  `ESTADO_REG` int NOT NULL DEFAULT '1',
  PRIMARY KEY (`NHPRE_ID`),
  KEY `SRD_JCI_PREGUNTAS_FK` (`NUSUA_REG_INS`) USING BTREE,
  KEY `SRD_JCI_PREGUNTAS_FK_1` (`NUSUA_REG_UPD`) USING BTREE,
  KEY `SRD_JCI_PREGUNTAS_FK_2` (`NHCAP_ID`) USING BTREE,
  CONSTRAINT `SRD_HIG_PREGUNTAS_FK` FOREIGN KEY (`NUSUA_REG_INS`) REFERENCES `srd_usuarios` (`NUSUA_ID`) ON UPDATE CASCADE,
  CONSTRAINT `SRD_HIG_PREGUNTAS_FK_1` FOREIGN KEY (`NUSUA_REG_UPD`) REFERENCES `srd_usuarios` (`NUSUA_ID`) ON UPDATE CASCADE,
  CONSTRAINT `SRD_HIG_PREGUNTAS_FK_2` FOREIGN KEY (`NHCAP_ID`) REFERENCES `srd_hig_cetegoria_preg` (`NHCAP_ID`) ON DELETE SET NULL ON UPDATE CASCADE
) ENGINE=InnoDB DEFAULT CHARSET=utf8mb4 COLLATE=utf8mb4_0900_ai_ci;
/*!40101 SET character_set_client = @saved_cs_client */;

--
-- Dumping data for table `srd_hig_preguntas`
--

LOCK TABLES `srd_hig_preguntas` WRITE;
/*!40000 ALTER TABLE `srd_hig_preguntas` DISABLE KEYS */;
/*!40000 ALTER TABLE `srd_hig_preguntas` ENABLE KEYS */;
UNLOCK TABLES;

--
-- Table structure for table `srd_hig_preguntas_rptas`
--

DROP TABLE IF EXISTS `srd_hig_preguntas_rptas`;
/*!40101 SET @saved_cs_client     = @@character_set_client */;
/*!50503 SET character_set_client = utf8mb4 */;
CREATE TABLE `srd_hig_preguntas_rptas` (
  `NHRPT_ID` int NOT NULL AUTO_INCREMENT,
  `NHPRE_ID` int DEFAULT NULL,
  `NHRESP_ID` int DEFAULT NULL,
  `NUSUA_REG_INS` int NOT NULL,
  `DUSUA_REG_INS` datetime NOT NULL DEFAULT CURRENT_TIMESTAMP,
  `NUSUA_REG_UPD` int DEFAULT NULL,
  `DUSUA_REG_UPD` datetime DEFAULT NULL,
  `NHRPT_ESTADO` int NOT NULL DEFAULT '1',
  `ESTADO_REG` int NOT NULL DEFAULT '1',
  PRIMARY KEY (`NHRPT_ID`),
  KEY `SRD_JCI_PREGUNTA_RPTAS_FK` (`NHPRE_ID`) USING BTREE,
  KEY `SRD_JCI_PREGUNTA_RPTAS_FK_1` (`NHRESP_ID`) USING BTREE,
  KEY `SRD_JCI_PREGUNTA_RPTAS_FK_2` (`NUSUA_REG_INS`) USING BTREE,
  KEY `SRD_JCI_PREGUNTA_RPTAS_FK_3` (`NUSUA_REG_UPD`) USING BTREE,
  CONSTRAINT `SRD_HIG_PREGUNTAS_RPTAS_FK` FOREIGN KEY (`NHPRE_ID`) REFERENCES `srd_hig_preguntas` (`NHPRE_ID`) ON DELETE SET NULL ON UPDATE CASCADE,
  CONSTRAINT `SRD_HIG_PREGUNTAS_RPTAS_FK_1` FOREIGN KEY (`NHRESP_ID`) REFERENCES `srd_hig_respuestas` (`NHRESP_ID`) ON DELETE SET NULL ON UPDATE CASCADE,
  CONSTRAINT `SRD_JCI_PREGUNTA_RPTAS_FK_2_copy` FOREIGN KEY (`NUSUA_REG_INS`) REFERENCES `srd_usuarios` (`NUSUA_ID`) ON UPDATE CASCADE,
  CONSTRAINT `SRD_JCI_PREGUNTA_RPTAS_FK_3_copy` FOREIGN KEY (`NUSUA_REG_UPD`) REFERENCES `srd_usuarios` (`NUSUA_ID`) ON DELETE SET NULL ON UPDATE CASCADE
) ENGINE=InnoDB DEFAULT CHARSET=utf8mb4 COLLATE=utf8mb4_0900_ai_ci;
/*!40101 SET character_set_client = @saved_cs_client */;

--
-- Dumping data for table `srd_hig_preguntas_rptas`
--

LOCK TABLES `srd_hig_preguntas_rptas` WRITE;
/*!40000 ALTER TABLE `srd_hig_preguntas_rptas` DISABLE KEYS */;
/*!40000 ALTER TABLE `srd_hig_preguntas_rptas` ENABLE KEYS */;
UNLOCK TABLES;

--
-- Table structure for table `srd_hig_respuestas`
--

DROP TABLE IF EXISTS `srd_hig_respuestas`;
/*!40101 SET @saved_cs_client     = @@character_set_client */;
/*!50503 SET character_set_client = utf8mb4 */;
CREATE TABLE `srd_hig_respuestas` (
  `NHRESP_ID` int NOT NULL,
  `CHRESP_DESCRIPCION` varchar(11) CHARACTER SET utf8mb4 COLLATE utf8mb4_0900_ai_ci NOT NULL,
  `NHRESP_VALOR` int DEFAULT NULL,
  `CHRESP_CLASE` varchar(11) CHARACTER SET utf8mb4 COLLATE utf8mb4_0900_ai_ci NOT NULL,
  `CHRESP_ICONO` varchar(120) CHARACTER SET utf8mb4 COLLATE utf8mb4_0900_ai_ci DEFAULT NULL,
  `NHRESP_ORDEN` int NOT NULL,
  `NUSUA_REG_INS` int NOT NULL,
  `DUSUA_REG_INS` datetime NOT NULL DEFAULT CURRENT_TIMESTAMP,
  `NUSUA_REG_UPD` int DEFAULT NULL,
  `DUSUA_REG_UPD` datetime DEFAULT NULL,
  `NHRESP_ESTADO` int NOT NULL DEFAULT '1',
  `ESTADO_REG` int NOT NULL DEFAULT '1',
  PRIMARY KEY (`NHRESP_ID`),
  KEY `SRD_JCI_RESPUESTAS_FK` (`NUSUA_REG_INS`) USING BTREE,
  KEY `SRD_JCI_RESPUESTAS_FK_1` (`NUSUA_REG_UPD`) USING BTREE,
  CONSTRAINT `SRD_JCI_RESPUESTAS_FK_1_copy` FOREIGN KEY (`NUSUA_REG_UPD`) REFERENCES `srd_usuarios` (`NUSUA_ID`) ON DELETE SET NULL ON UPDATE CASCADE,
  CONSTRAINT `SRD_JCI_RESPUESTAS_FK_copy` FOREIGN KEY (`NUSUA_REG_INS`) REFERENCES `srd_usuarios` (`NUSUA_ID`) ON UPDATE CASCADE
) ENGINE=InnoDB DEFAULT CHARSET=utf8mb4 COLLATE=utf8mb4_0900_ai_ci;
/*!40101 SET character_set_client = @saved_cs_client */;

--
-- Dumping data for table `srd_hig_respuestas`
--

LOCK TABLES `srd_hig_respuestas` WRITE;
/*!40000 ALTER TABLE `srd_hig_respuestas` DISABLE KEYS */;
/*!40000 ALTER TABLE `srd_hig_respuestas` ENABLE KEYS */;
UNLOCK TABLES;

--
-- Table structure for table `srd_horario`
--

DROP TABLE IF EXISTS `srd_horario`;
/*!40101 SET @saved_cs_client     = @@character_set_client */;
/*!50503 SET character_set_client = utf8mb4 */;
CREATE TABLE `srd_horario` (
  `NHORA_ID` int NOT NULL AUTO_INCREMENT COMMENT 'PK TABLA SRD_HORARIO',
  `NSAPE_ID` int DEFAULT NULL COMMENT 'FK TABLA SRD_SUPER_AREAS_PERIODO',
  `NUSUA_ID` int DEFAULT NULL COMMENT 'FK TABLA SRD_USUARIO',
  `NAUDI_REG_INS` int NOT NULL COMMENT 'AUDITORIA: USUARIO DE REGISTRO',
  `DAUDI_REG_INS` datetime NOT NULL DEFAULT CURRENT_TIMESTAMP COMMENT 'AUDITORIA: FECHA DE REGISTRO',
  `NAUDI_REG_UPD` int DEFAULT NULL COMMENT 'AUDITORIA: USUARIO DE ACTUALIZACIÓN',
  `DAUDI_REG_UPD` datetime DEFAULT NULL COMMENT 'AUDITORIA: FECHA DE ACTUALIZACIÓN',
  `NAUDI_EST_REG` int NOT NULL DEFAULT '1' COMMENT 'AUDITORIA: ESTADO DE REGISTRO (1=ACTIVO, 0=INACTIVO)',
  `NHORA_ESTADO` int NOT NULL DEFAULT '1' COMMENT 'ESTADO DE REGISTRO (1=ACTIVO, 0=INACTIVO)',
  PRIMARY KEY (`NHORA_ID`),
  KEY `FK1` (`NSAPE_ID`),
  KEY `FK2` (`NUSUA_ID`),
  CONSTRAINT `FK1` FOREIGN KEY (`NSAPE_ID`) REFERENCES `srd_super_areas_periodo` (`NSAPE_ID`) ON UPDATE CASCADE,
  CONSTRAINT `FK2` FOREIGN KEY (`NUSUA_ID`) REFERENCES `srd_usuarios` (`NUSUA_ID`) ON UPDATE CASCADE
) ENGINE=InnoDB AUTO_INCREMENT=22 DEFAULT CHARSET=utf8mb4 COLLATE=utf8mb4_0900_ai_ci;
/*!40101 SET character_set_client = @saved_cs_client */;

--
-- Dumping data for table `srd_horario`
--

LOCK TABLES `srd_horario` WRITE;
/*!40000 ALTER TABLE `srd_horario` DISABLE KEYS */;
INSERT INTO `srd_horario` VALUES (1,2,144,1,'2024-05-24 10:21:13',NULL,NULL,1,1),(2,2,972,1,'2024-05-24 11:12:00',NULL,NULL,1,1),(7,2,843,1,'2024-06-03 16:51:35',NULL,NULL,1,1),(15,2,374,1,'2024-11-05 15:38:44',NULL,NULL,1,1),(16,2,69,1,'2024-11-05 15:48:10',NULL,NULL,1,1),(17,2,1082,1,'2024-11-05 15:49:41',NULL,NULL,1,1),(21,2,945,1,'2024-11-05 16:54:59',NULL,NULL,1,1);
/*!40000 ALTER TABLE `srd_horario` ENABLE KEYS */;
UNLOCK TABLES;

--
-- Table structure for table `srd_horario_turnos`
--

DROP TABLE IF EXISTS `srd_horario_turnos`;
/*!40101 SET @saved_cs_client     = @@character_set_client */;
/*!50503 SET character_set_client = utf8mb4 */;
CREATE TABLE `srd_horario_turnos` (
  `NHOTU_ID` int NOT NULL AUTO_INCREMENT COMMENT 'PK TABLA SRD_HORARIO_TURNOS',
  `NHORA_ID` int NOT NULL COMMENT 'FK TABLA SRD_HORARIO',
  `CTURN_ID` varchar(25) DEFAULT NULL COMMENT 'FK TABLA SRD_TURNO',
  `CAREA_ID` varchar(25) NOT NULL COMMENT 'FK TABLA SRD_AREAS',
  `NHOEX_ID` int DEFAULT NULL COMMENT 'FK TABLA SRD_HORAS_EXTRAS',
  `NCATU_ID` int DEFAULT NULL COMMENT 'FK TABLA SRD_CAMBIOS_TURNO',
  `DHOTU_FECHA` date NOT NULL COMMENT 'FECHA DEL TURNO',
  `CHOTU_OBS_INICIAL` varchar(200) DEFAULT NULL,
  `CHOTU_OBS_FINAL` varchar(200) DEFAULT NULL,
  `NAUDI_REG_INS` int NOT NULL COMMENT 'AUDITORIA: USUARIO DE REGISTRO',
  `DAUDI_REG_INS` datetime NOT NULL DEFAULT CURRENT_TIMESTAMP COMMENT 'AUDITORIA: FECHA DE REGISTRO',
  `NAUDI_REG_UPD` int DEFAULT NULL COMMENT 'AUDITORIA: USUARIO DE ACTUALIZACIÓN',
  `DAUDI_REG_UPD` datetime DEFAULT NULL COMMENT 'AUDITORIA: FECHA DE ACTUALIZACIÓN',
  `NAUDI_EST_REG` int NOT NULL DEFAULT '1' COMMENT 'AUDITORIA: ESTADO DEL REGISTRO (1=ACTIVO, 0=INACTIVO)',
  `NHOTU_ESTADO` int NOT NULL DEFAULT '1' COMMENT 'ESTADO DEL REGISTRO (1=ACTIVO, 0=INACTIVO)',
  PRIMARY KEY (`NHOTU_ID`),
  KEY `FKHOTU1` (`CAREA_ID`),
  KEY `FKHOTU3` (`NHORA_ID`),
  KEY `SRD_HORARIO_TURNOS_srd_turno_FK` (`CTURN_ID`),
  CONSTRAINT `FKHOTU1` FOREIGN KEY (`CAREA_ID`) REFERENCES `srd_areas` (`CAREA_ID`) ON UPDATE CASCADE,
  CONSTRAINT `FKHOTU3` FOREIGN KEY (`NHORA_ID`) REFERENCES `srd_horario` (`NHORA_ID`) ON UPDATE CASCADE,
  CONSTRAINT `SRD_HORARIO_TURNOS_srd_turno_FK` FOREIGN KEY (`CTURN_ID`) REFERENCES `srd_turno` (`CTURN_ID`) ON DELETE CASCADE ON UPDATE CASCADE
) ENGINE=InnoDB AUTO_INCREMENT=81 DEFAULT CHARSET=utf8mb4 COLLATE=utf8mb4_0900_ai_ci;
/*!40101 SET character_set_client = @saved_cs_client */;

--
-- Dumping data for table `srd_horario_turnos`
--

LOCK TABLES `srd_horario_turnos` WRITE;
/*!40000 ALTER TABLE `srd_horario_turnos` DISABLE KEYS */;
INSERT INTO `srd_horario_turnos` VALUES (5,2,'M1','4TO N',NULL,NULL,'2024-05-01','Hola mundo','Hola mundo 3',1,'2024-05-24 15:21:10',1,'2024-11-13 10:27:45',1,1),(21,15,'M1','5TO N',NULL,NULL,'2024-05-01',NULL,NULL,1,'2024-11-05 15:48:01',1,'2024-11-13 15:20:30',1,1),(22,16,'M1','4TO N',NULL,NULL,'2024-05-02',NULL,NULL,1,'2024-11-05 15:48:10',NULL,NULL,1,1),(35,1,'M1','4TO N',NULL,NULL,'2024-05-02',NULL,NULL,1,'2024-11-05 16:33:17',NULL,NULL,1,1),(36,1,'T1','4TO N',NULL,NULL,'2024-05-02',NULL,NULL,1,'2024-11-05 16:33:17',NULL,NULL,1,1),(40,15,'T1','4TO N',NULL,NULL,'2024-05-03',NULL,NULL,1,'2024-11-05 16:44:21',NULL,NULL,1,1),(41,15,'M1','4TO N',NULL,NULL,'2024-05-03',NULL,NULL,1,'2024-11-05 16:44:21',NULL,NULL,1,1),(48,17,'M1','5TO N',NULL,NULL,'2024-05-01',NULL,NULL,1,'2024-11-05 16:51:07',1,'2024-11-12 14:51:26',1,1),(49,17,'T1','4TO N',NULL,NULL,'2024-05-01',NULL,NULL,1,'2024-11-05 16:51:07',1,'2024-11-13 14:59:18',1,1),(74,21,'M2','4TO N',NULL,NULL,'2024-05-02',NULL,NULL,1,'2024-11-05 17:06:08',NULL,NULL,1,1),(77,7,'M1','4TO N',NULL,NULL,'2024-05-03',NULL,NULL,1,'2024-11-06 10:01:02',NULL,NULL,1,1),(78,1,'T1','4TO N',NULL,NULL,'2024-05-01','e',NULL,1,'2024-11-07 13:44:46',1,'2024-11-13 14:59:15',1,1),(79,1,'M1','4TO N',NULL,NULL,'2024-05-01','a','Barato',1,'2024-11-07 13:44:46',1,'2024-11-13 12:46:12',1,1),(80,7,'T1','4TO N',NULL,NULL,'2024-05-03',NULL,NULL,1,'2024-11-29 09:52:33',NULL,NULL,1,1);
/*!40000 ALTER TABLE `srd_horario_turnos` ENABLE KEYS */;
UNLOCK TABLES;

--
-- Table structure for table `srd_jci_areas_super`
--

DROP TABLE IF EXISTS `srd_jci_areas_super`;
/*!40101 SET @saved_cs_client     = @@character_set_client */;
/*!50503 SET character_set_client = utf8mb4 */;
CREATE TABLE `srd_jci_areas_super` (
  `NASUP_ID` int NOT NULL AUTO_INCREMENT,
  `CAREA_ID` varchar(25) NOT NULL,
  `NUSUA_ID` int DEFAULT NULL,
  `NUSUA_REG_INS` int NOT NULL,
  `DUSUA_REG_INS` datetime NOT NULL DEFAULT CURRENT_TIMESTAMP,
  `NUSUA_REG_UPD` int DEFAULT NULL,
  `DUSUA_REG_UPD` datetime DEFAULT NULL,
  `NASUP_ESTADO` int NOT NULL DEFAULT '1',
  `NAUDI_EST_REG` int NOT NULL DEFAULT '1',
  PRIMARY KEY (`NASUP_ID`),
  KEY `SRD_JCI_AREAS_SUPER_FK` (`CAREA_ID`),
  KEY `SRD_JCI_AREAS_SUPER_FK_1` (`NUSUA_ID`),
  KEY `SRD_JCI_AREAS_SUPER_FK_2` (`NUSUA_REG_INS`),
  KEY `SRD_JCI_AREAS_SUPER_FK_3` (`NUSUA_REG_UPD`),
  CONSTRAINT `SRD_JCI_AREAS_SUPER_FK` FOREIGN KEY (`CAREA_ID`) REFERENCES `srd_areas` (`CAREA_ID`) ON UPDATE CASCADE,
  CONSTRAINT `SRD_JCI_AREAS_SUPER_FK_1` FOREIGN KEY (`NUSUA_ID`) REFERENCES `srd_usuarios` (`NUSUA_ID`) ON UPDATE CASCADE,
  CONSTRAINT `SRD_JCI_AREAS_SUPER_FK_2` FOREIGN KEY (`NUSUA_REG_INS`) REFERENCES `srd_usuarios` (`NUSUA_ID`) ON UPDATE CASCADE,
  CONSTRAINT `SRD_JCI_AREAS_SUPER_FK_3` FOREIGN KEY (`NUSUA_REG_UPD`) REFERENCES `srd_usuarios` (`NUSUA_ID`) ON UPDATE CASCADE
) ENGINE=InnoDB AUTO_INCREMENT=20 DEFAULT CHARSET=utf8mb4 COLLATE=utf8mb4_0900_ai_ci;
/*!40101 SET character_set_client = @saved_cs_client */;

--
-- Dumping data for table `srd_jci_areas_super`
--

LOCK TABLES `srd_jci_areas_super` WRITE;
/*!40000 ALTER TABLE `srd_jci_areas_super` DISABLE KEYS */;
INSERT INTO `srd_jci_areas_super` VALUES (1,'4TO N',1,1,'2023-11-04 21:11:47',1,'2024-02-03 09:13:06',1,0),(2,'4TO S',144,1,'2023-11-04 21:13:04',1,'2024-02-29 18:42:04',1,1),(3,'5TO N',NULL,1,'2023-12-16 15:05:58',NULL,NULL,1,1),(4,'5TO S',NULL,1,'2023-12-16 15:05:58',NULL,NULL,1,1),(5,'6TO N',144,1,'2023-12-16 15:05:58',1,'2024-02-23 12:24:05',1,1),(6,'6TO S',144,1,'2023-12-16 15:05:58',1,'2024-02-23 12:24:26',1,1),(7,'7MO S',NULL,1,'2023-12-16 15:05:58',NULL,NULL,1,1),(8,'8VO S',NULL,1,'2023-12-16 15:05:58',NULL,NULL,1,1),(9,'9NO S',144,1,'2023-12-16 15:05:58',1,'2024-02-23 16:47:09',1,1),(10,'CE',NULL,1,'2023-12-16 15:05:58',NULL,NULL,1,1),(11,'CINEANGIO',NULL,1,'2023-12-16 15:05:58',NULL,NULL,1,1),(12,'CONSERJE',NULL,1,'2023-12-16 15:05:58',NULL,NULL,1,1),(13,'DEP',NULL,1,'2023-12-16 15:05:58',NULL,NULL,1,1),(14,'EA',NULL,1,'2023-12-16 15:05:58',NULL,NULL,1,1),(15,'ECO',NULL,1,'2023-12-16 15:05:58',NULL,NULL,1,1),(16,'EP',NULL,1,'2023-12-16 15:05:58',NULL,NULL,1,1),(17,'ER',NULL,1,'2023-12-16 15:05:58',NULL,NULL,1,1),(18,'FRONT',NULL,1,'2023-12-16 15:05:58',NULL,NULL,1,1),(19,'HOSP COVID',NULL,1,'2023-12-16 15:05:58',NULL,NULL,1,1);
/*!40000 ALTER TABLE `srd_jci_areas_super` ENABLE KEYS */;
UNLOCK TABLES;

--
-- Table structure for table `srd_jci_categoria_preg`
--

DROP TABLE IF EXISTS `srd_jci_categoria_preg`;
/*!40101 SET @saved_cs_client     = @@character_set_client */;
/*!50503 SET character_set_client = utf8mb4 */;
CREATE TABLE `srd_jci_categoria_preg` (
  `NJCAP_ID` int NOT NULL AUTO_INCREMENT,
  `CJCAP_NOMBRE` varchar(120) NOT NULL,
  `NJCAP_ORDEN` int NOT NULL,
  `NUSUA_REG_INS` int NOT NULL,
  `DUSUA_REG_INS` datetime NOT NULL DEFAULT CURRENT_TIMESTAMP,
  `NUSUA_REG_UPD` int DEFAULT NULL,
  `DUSUA_REG_UPD` datetime DEFAULT NULL,
  `NJCAP_ESTADO` int NOT NULL DEFAULT '1',
  `ESTADO_REG` int NOT NULL DEFAULT '1',
  PRIMARY KEY (`NJCAP_ID`),
  KEY `SRD_JCI_CATEGORIA_PREG_FK` (`NUSUA_REG_INS`),
  KEY `SRD_JCI_CATEGORIA_PREG_FK_1` (`NUSUA_REG_UPD`),
  CONSTRAINT `SRD_JCI_CATEGORIA_PREG_FK` FOREIGN KEY (`NUSUA_REG_INS`) REFERENCES `srd_usuarios` (`NUSUA_ID`) ON UPDATE CASCADE,
  CONSTRAINT `SRD_JCI_CATEGORIA_PREG_FK_1` FOREIGN KEY (`NUSUA_REG_UPD`) REFERENCES `srd_usuarios` (`NUSUA_ID`) ON UPDATE CASCADE
) ENGINE=InnoDB AUTO_INCREMENT=9 DEFAULT CHARSET=utf8mb4 COLLATE=utf8mb4_0900_ai_ci;
/*!40101 SET character_set_client = @saved_cs_client */;

--
-- Dumping data for table `srd_jci_categoria_preg`
--

LOCK TABLES `srd_jci_categoria_preg` WRITE;
/*!40000 ALTER TABLE `srd_jci_categoria_preg` DISABLE KEYS */;
INSERT INTO `srd_jci_categoria_preg` VALUES (1,'IDENTIFICACIÓN INEQUÍVOCA',1,1,'2023-11-06 18:39:14',NULL,NULL,1,1),(2,'COMUNICACIÓN EFECTIVA',2,1,'2023-11-06 18:39:30',NULL,NULL,1,1),(3,'CIRUGÍA SEGURA',3,1,'2023-11-06 18:40:05',NULL,NULL,1,1),(4,'PREVENCIÓN DE INFECCIONES',4,1,'2023-11-06 18:40:05',NULL,NULL,1,1),(5,'PREVENCIÓN DE CAÍDAS',5,1,'2023-11-06 18:40:16',NULL,NULL,1,1),(6,'prueba',2,1,'2024-02-04 13:12:35',1,'2024-02-04 13:41:09',1,0),(7,'FAWFAWEF',10,1,'2024-02-04 21:27:28',1,'2024-02-04 22:03:22',1,0),(8,'FEWAF',123,1,'2024-02-28 20:03:30',1,'2024-02-28 20:10:56',0,0);
/*!40000 ALTER TABLE `srd_jci_categoria_preg` ENABLE KEYS */;
UNLOCK TABLES;

--
-- Table structure for table `srd_jci_encuestas`
--

DROP TABLE IF EXISTS `srd_jci_encuestas`;
/*!40101 SET @saved_cs_client     = @@character_set_client */;
/*!50503 SET character_set_client = utf8mb4 */;
CREATE TABLE `srd_jci_encuestas` (
  `NJENC_ID` int NOT NULL AUTO_INCREMENT,
  `NUSUA_ID` int NOT NULL,
  `NPERI_ID` int DEFAULT NULL,
  `CAREA_ID` varchar(25) DEFAULT NULL,
  `NJENC_SUPERVISOR` int DEFAULT NULL,
  `NUSUA_REG_INS` int NOT NULL,
  `DUSUA_REG_INS` datetime NOT NULL DEFAULT CURRENT_TIMESTAMP,
  `NUSUA_REG_UPD` int DEFAULT NULL,
  `DUSUA_REG_UPD` datetime DEFAULT NULL,
  `NJENC_ESTADO` int NOT NULL DEFAULT '1',
  `ESTADO_REG` int NOT NULL DEFAULT '1',
  PRIMARY KEY (`NJENC_ID`),
  KEY `SRD_JCI_ENCUESTAS_FK_1` (`NUSUA_ID`),
  KEY `SRD_JCI_ENCUESTAS_FK_2` (`NUSUA_REG_INS`),
  KEY `SRD_JCI_ENCUESTAS_FK_3` (`NUSUA_REG_UPD`),
  KEY `SRD_JCI_ENCUESTAS_FK_4` (`CAREA_ID`),
  KEY `SRD_JCI_ENCUESTAS_FK_5` (`NJENC_SUPERVISOR`),
  KEY `SRD_JCI_ENCUESTAS_FK` (`NPERI_ID`),
  CONSTRAINT `SRD_JCI_ENCUESTAS_FK` FOREIGN KEY (`NPERI_ID`) REFERENCES `srd_periodo` (`NPERI_ID`) ON DELETE SET NULL ON UPDATE CASCADE,
  CONSTRAINT `SRD_JCI_ENCUESTAS_FK_1` FOREIGN KEY (`NUSUA_ID`) REFERENCES `srd_usuarios` (`NUSUA_ID`) ON UPDATE CASCADE,
  CONSTRAINT `SRD_JCI_ENCUESTAS_FK_2` FOREIGN KEY (`NUSUA_REG_INS`) REFERENCES `srd_usuarios` (`NUSUA_ID`) ON UPDATE CASCADE,
  CONSTRAINT `SRD_JCI_ENCUESTAS_FK_3` FOREIGN KEY (`NUSUA_REG_UPD`) REFERENCES `srd_usuarios` (`NUSUA_ID`) ON DELETE SET NULL ON UPDATE CASCADE,
  CONSTRAINT `SRD_JCI_ENCUESTAS_FK_4` FOREIGN KEY (`CAREA_ID`) REFERENCES `srd_areas` (`CAREA_ID`) ON UPDATE CASCADE,
  CONSTRAINT `SRD_JCI_ENCUESTAS_FK_5` FOREIGN KEY (`NJENC_SUPERVISOR`) REFERENCES `srd_usuarios` (`NUSUA_ID`) ON UPDATE CASCADE
) ENGINE=InnoDB AUTO_INCREMENT=36 DEFAULT CHARSET=utf8mb4 COLLATE=utf8mb4_0900_ai_ci;
/*!40101 SET character_set_client = @saved_cs_client */;

--
-- Dumping data for table `srd_jci_encuestas`
--

LOCK TABLES `srd_jci_encuestas` WRITE;
/*!40000 ALTER TABLE `srd_jci_encuestas` DISABLE KEYS */;
INSERT INTO `srd_jci_encuestas` VALUES (2,2,3,'4TO S',1,1,'2023-10-26 11:32:18',NULL,NULL,1,1),(4,2,2,'4TO S',1,1,'2023-10-26 13:31:56',NULL,NULL,1,1),(5,843,3,'4TO S',1,1,'2023-11-20 09:11:22',NULL,NULL,1,1),(6,972,3,'6TO S',1,1,'2023-11-20 09:15:10',1,'2023-12-19 11:55:28',0,1),(7,603,3,'4TO S',1,1,'2023-11-20 09:15:13',NULL,NULL,1,1),(13,144,3,'4TO N',NULL,1,'2023-11-20 11:51:26',NULL,NULL,1,1),(14,4,3,'4TO S',NULL,1,'2023-11-20 11:52:03',1,'2023-11-20 11:54:40',1,1),(18,775,3,'4TO N',NULL,1,'2023-11-20 12:00:07',NULL,NULL,1,1),(19,496,3,'4TO N',NULL,1,'2023-11-20 12:14:35',NULL,NULL,1,1),(20,374,3,'4TO N',NULL,1,'2023-11-20 12:14:56',NULL,NULL,1,1),(21,681,3,'4TO N',NULL,1,'2023-11-20 12:16:49',NULL,NULL,1,1),(22,543,3,'4TO N',NULL,1,'2023-11-20 12:16:53',NULL,NULL,1,1),(23,869,3,'4TO N',NULL,1,'2023-11-24 14:41:47',NULL,NULL,1,1),(24,187,3,'4TO N',NULL,1,'2023-11-24 14:45:31',1,'2023-11-27 15:44:23',1,1),(25,840,3,'4TO S',NULL,1,'2023-11-27 15:44:29',NULL,NULL,1,1),(26,628,3,'5TO S',NULL,1,'2023-12-19 12:15:07',NULL,NULL,1,1),(28,972,3,'6TO S',NULL,1,'2023-12-19 13:58:01',144,'2024-02-23 12:26:27',0,0),(29,1082,3,'9NO S',NULL,1,'2024-02-23 07:38:29',1,'2024-02-23 07:39:47',0,0),(30,373,3,'6TO S',144,144,'2024-02-23 12:30:01',NULL,NULL,1,1),(31,69,3,'9NO S',NULL,144,'2024-02-23 16:55:46',NULL,NULL,1,1),(32,120,3,'9NO S',NULL,144,'2024-02-23 16:56:10',NULL,NULL,1,1),(33,945,3,'9NO S',NULL,144,'2024-02-23 16:56:12',NULL,NULL,1,1),(34,319,3,'9NO S',NULL,144,'2024-02-23 16:56:14',NULL,NULL,1,1),(35,948,3,'9NO S',NULL,144,'2024-02-23 16:56:17',NULL,NULL,1,1);
/*!40000 ALTER TABLE `srd_jci_encuestas` ENABLE KEYS */;
UNLOCK TABLES;

--
-- Table structure for table `srd_jci_encuestas_preg`
--

DROP TABLE IF EXISTS `srd_jci_encuestas_preg`;
/*!40101 SET @saved_cs_client     = @@character_set_client */;
/*!50503 SET character_set_client = utf8mb4 */;
CREATE TABLE `srd_jci_encuestas_preg` (
  `NJENPR_ID` int NOT NULL AUTO_INCREMENT,
  `NJENC_ID` int NOT NULL,
  `NJPRE_ID` int NOT NULL,
  `NJRESP_ID` int DEFAULT NULL,
  `NUSUA_REG_INS` int NOT NULL,
  `DUSUA_REG_INS` datetime NOT NULL DEFAULT CURRENT_TIMESTAMP,
  `NUSUA_REG_UPD` int DEFAULT NULL,
  `DUSUA_REG_UPD` datetime DEFAULT NULL,
  `NJENPR_ESTADO` int NOT NULL DEFAULT '1',
  `NAUDI_EST_REG` int NOT NULL DEFAULT '1',
  PRIMARY KEY (`NJENPR_ID`),
  KEY `SRD_JCI_ENCUESTAS_PREG_FK` (`NJENC_ID`),
  KEY `SRD_JCI_ENCUESTAS_PREG_FK_1` (`NJRESP_ID`),
  KEY `SRD_JCI_ENCUESTAS_PREG_FK_3` (`NUSUA_REG_INS`),
  KEY `SRD_JCI_ENCUESTAS_PREG_FK_4` (`NUSUA_REG_UPD`),
  KEY `SRD_JCI_ENCUESTAS_PREG_FK_5` (`NJPRE_ID`),
  CONSTRAINT `SRD_JCI_ENCUESTAS_PREG_FK` FOREIGN KEY (`NJENC_ID`) REFERENCES `srd_jci_encuestas` (`NJENC_ID`) ON UPDATE CASCADE,
  CONSTRAINT `SRD_JCI_ENCUESTAS_PREG_FK_1` FOREIGN KEY (`NJRESP_ID`) REFERENCES `srd_jci_respuestas` (`NJRESP_ID`) ON DELETE SET NULL ON UPDATE CASCADE,
  CONSTRAINT `SRD_JCI_ENCUESTAS_PREG_FK_3` FOREIGN KEY (`NUSUA_REG_INS`) REFERENCES `srd_usuarios` (`NUSUA_ID`) ON UPDATE CASCADE,
  CONSTRAINT `SRD_JCI_ENCUESTAS_PREG_FK_4` FOREIGN KEY (`NUSUA_REG_UPD`) REFERENCES `srd_usuarios` (`NUSUA_ID`) ON DELETE SET NULL ON UPDATE CASCADE,
  CONSTRAINT `SRD_JCI_ENCUESTAS_PREG_FK_5` FOREIGN KEY (`NJPRE_ID`) REFERENCES `srd_jci_preguntas_1` (`NJPRE_ID`) ON UPDATE CASCADE
) ENGINE=InnoDB AUTO_INCREMENT=92 DEFAULT CHARSET=utf8mb4 COLLATE=utf8mb4_0900_ai_ci;
/*!40101 SET character_set_client = @saved_cs_client */;

--
-- Dumping data for table `srd_jci_encuestas_preg`
--

LOCK TABLES `srd_jci_encuestas_preg` WRITE;
/*!40000 ALTER TABLE `srd_jci_encuestas_preg` DISABLE KEYS */;
INSERT INTO `srd_jci_encuestas_preg` VALUES (7,2,1,1,1,'2023-11-07 15:20:38',1,'2023-11-07 16:32:20',1,1),(8,2,2,3,1,'2023-11-07 15:20:38',1,'2023-11-07 18:03:40',1,1),(9,2,3,3,1,'2023-11-07 15:20:38',1,'2023-11-08 18:11:26',1,1),(10,2,4,1,1,'2023-11-07 15:20:38',1,'2023-11-08 18:11:26',1,1),(11,2,5,2,1,'2023-11-07 16:28:28',NULL,NULL,1,1),(12,2,6,1,1,'2023-11-07 16:33:23',1,'2023-11-07 18:03:40',1,1),(13,2,7,1,1,'2023-11-08 18:11:26',NULL,NULL,1,1),(14,2,8,3,1,'2023-11-08 18:11:26',NULL,NULL,1,1),(15,2,9,1,1,'2023-11-13 13:51:35',NULL,NULL,1,1),(16,2,10,1,1,'2023-11-13 13:51:35',NULL,NULL,1,1),(17,2,11,2,1,'2023-11-13 13:51:35',NULL,NULL,1,1),(18,2,12,1,1,'2023-11-13 13:51:35',NULL,NULL,1,1),(19,2,13,2,1,'2023-11-13 13:51:36',NULL,NULL,1,1),(20,2,14,1,1,'2023-11-13 13:51:36',NULL,NULL,1,1),(21,2,15,3,1,'2023-11-13 13:51:36',NULL,NULL,1,1),(22,2,16,2,1,'2023-11-13 13:51:36',NULL,NULL,1,1),(23,2,17,2,1,'2023-11-13 13:51:36',NULL,NULL,1,1),(24,2,18,1,1,'2023-11-13 13:53:06',NULL,NULL,1,1),(25,2,19,1,1,'2023-11-13 13:53:06',NULL,NULL,1,1),(26,2,20,1,1,'2023-11-13 13:53:06',NULL,NULL,1,1),(27,2,21,2,1,'2023-11-13 13:53:06',NULL,NULL,1,1),(28,2,22,2,1,'2023-11-13 13:53:06',NULL,NULL,1,1),(29,2,23,2,1,'2023-11-13 13:53:06',NULL,NULL,1,1),(30,2,24,3,1,'2023-11-13 13:53:06',NULL,NULL,1,1),(31,2,25,1,1,'2023-11-13 13:53:06',NULL,NULL,1,1),(32,2,26,2,1,'2023-11-13 13:53:06',NULL,NULL,1,1),(33,2,27,1,1,'2023-11-13 13:53:06',NULL,NULL,1,1),(34,2,28,3,1,'2023-11-13 13:53:06',NULL,NULL,1,1),(35,2,29,1,1,'2023-11-13 13:53:06',NULL,NULL,1,1),(36,2,30,2,1,'2023-11-13 13:53:06',NULL,NULL,1,1),(37,2,31,2,1,'2023-11-13 13:53:06',NULL,NULL,1,1),(38,2,32,3,1,'2023-11-13 13:53:06',NULL,NULL,1,1),(40,13,2,2,1,'2024-02-06 05:05:39',1,'2024-02-06 05:41:45',1,1),(41,13,3,2,1,'2024-02-06 05:15:19',1,'2024-02-06 05:41:45',1,1),(42,13,4,2,1,'2024-02-06 05:16:16',1,'2024-02-06 05:41:45',1,1),(43,13,5,2,1,'2024-02-06 05:16:16',NULL,NULL,1,1),(44,13,6,2,1,'2024-02-06 05:16:16',1,'2024-02-06 05:41:45',1,1),(45,13,7,3,1,'2024-02-06 05:16:16',1,'2024-02-06 05:41:45',1,1),(46,13,8,3,1,'2024-02-06 05:16:16',NULL,NULL,1,1),(47,13,9,2,1,'2024-02-06 05:16:16',NULL,NULL,1,1),(48,13,10,3,1,'2024-02-06 05:16:16',1,'2024-02-06 05:41:45',1,1),(49,13,11,2,1,'2024-02-06 05:16:48',1,'2024-02-06 05:41:45',1,1),(50,13,12,2,1,'2024-02-06 05:16:48',NULL,NULL,1,1),(51,13,13,2,1,'2024-02-06 05:16:48',NULL,NULL,1,1),(52,13,14,2,1,'2024-02-06 05:16:48',1,'2024-02-06 05:41:45',1,1),(53,13,15,3,1,'2024-02-06 05:16:48',1,'2024-02-06 05:41:45',1,1),(54,13,16,2,1,'2024-02-06 05:16:48',NULL,NULL,1,1),(55,13,17,2,1,'2024-02-06 05:16:48',1,'2024-02-06 05:41:45',1,1),(56,13,18,2,1,'2024-02-06 05:16:48',1,'2024-02-06 05:41:45',1,1),(57,13,19,2,1,'2024-02-06 05:16:48',1,'2024-02-06 05:41:45',1,1),(58,13,20,2,1,'2024-02-06 05:17:11',1,'2024-02-06 05:41:45',1,1),(59,13,21,2,1,'2024-02-06 05:17:11',1,'2024-02-06 05:41:45',1,1),(60,13,22,2,1,'2024-02-06 05:17:11',NULL,NULL,1,1),(61,13,23,2,1,'2024-02-06 05:17:11',1,'2024-02-06 05:41:45',1,1),(62,13,24,2,1,'2024-02-06 05:17:11',1,'2024-02-06 05:41:45',1,1),(63,13,25,2,1,'2024-02-06 05:17:11',1,'2024-02-06 05:41:45',1,1),(64,13,26,2,1,'2024-02-06 05:17:11',1,'2024-02-06 05:41:45',1,1),(65,13,27,3,1,'2024-02-06 05:17:11',1,'2024-02-06 05:41:45',1,1),(66,13,28,3,1,'2024-02-06 05:17:11',1,'2024-02-06 05:41:45',1,1),(67,13,29,3,1,'2024-02-06 05:17:11',NULL,NULL,1,1),(68,13,30,2,1,'2024-02-06 05:17:11',1,'2024-02-06 05:41:45',1,1),(69,13,31,2,1,'2024-02-06 05:17:11',NULL,NULL,1,1),(70,13,32,2,1,'2024-02-06 05:17:11',1,'2024-02-06 05:41:45',1,1),(71,13,33,2,1,'2024-02-06 05:17:27',NULL,NULL,1,1),(72,13,34,2,1,'2024-02-06 05:17:27',1,'2024-02-06 05:41:45',1,1),(73,13,35,2,1,'2024-02-06 05:17:27',NULL,NULL,1,1),(74,13,36,2,1,'2024-02-06 05:17:27',1,'2024-02-06 05:41:45',1,1),(75,13,37,2,1,'2024-02-06 05:17:27',1,'2024-02-06 05:41:45',1,1),(76,13,38,2,1,'2024-02-06 05:17:27',1,'2024-02-06 05:41:45',1,1),(77,13,39,2,1,'2024-02-06 05:17:27',1,'2024-02-06 05:41:45',1,1),(78,13,40,2,1,'2024-02-06 05:17:27',NULL,NULL,1,1),(79,13,41,2,1,'2024-02-06 05:17:27',1,'2024-02-06 05:41:45',1,1),(80,13,42,2,1,'2024-02-06 05:17:27',1,'2024-02-06 05:41:45',1,1),(81,13,43,2,1,'2024-02-06 05:17:27',NULL,NULL,1,1),(82,13,44,2,1,'2024-02-06 05:17:27',NULL,NULL,1,1),(83,13,45,2,1,'2024-02-06 05:17:27',1,'2024-02-06 05:41:45',1,1),(84,13,46,2,1,'2024-02-06 05:17:27',1,'2024-02-06 05:41:45',1,1),(85,13,47,2,1,'2024-02-06 05:17:44',1,'2024-02-06 05:41:45',1,1),(86,13,48,2,1,'2024-02-06 05:17:44',1,'2024-02-06 05:41:45',1,1),(87,13,49,2,1,'2024-02-06 05:17:44',NULL,NULL,1,1),(88,13,50,2,1,'2024-02-06 05:17:44',1,'2024-02-06 05:41:45',1,1),(89,30,2,3,144,'2024-02-23 12:39:05',NULL,NULL,1,1),(90,24,2,1,1,'2024-02-29 12:52:07',NULL,NULL,1,1),(91,24,3,2,1,'2024-02-29 12:52:07',NULL,NULL,1,1);
/*!40000 ALTER TABLE `srd_jci_encuestas_preg` ENABLE KEYS */;
UNLOCK TABLES;

--
-- Table structure for table `srd_jci_encuestas_resp`
--

DROP TABLE IF EXISTS `srd_jci_encuestas_resp`;
/*!40101 SET @saved_cs_client     = @@character_set_client */;
/*!50503 SET character_set_client = utf8mb4 */;
CREATE TABLE `srd_jci_encuestas_resp` (
  `NJENRE_ID` int NOT NULL AUTO_INCREMENT,
  `NJENC_ID` int NOT NULL,
  `NJRESP_ID` int NOT NULL,
  `NAUDI_REG_INS` int NOT NULL,
  `DAUDI_REG_INS` datetime NOT NULL DEFAULT CURRENT_TIMESTAMP,
  `NAUDI_REG_UPD` int DEFAULT NULL,
  `DAUDI_REG_UPD` datetime DEFAULT NULL,
  `NJENRE_ESTADO` int NOT NULL DEFAULT '1',
  `NAUDI_EST_REG` int NOT NULL DEFAULT '1',
  PRIMARY KEY (`NJENRE_ID`),
  KEY `SRD_JCI_ENCUESTAS_RESP_FK` (`NAUDI_REG_INS`),
  KEY `SRD_JCI_ENCUESTAS_RESP_FK_1` (`NAUDI_REG_UPD`),
  KEY `SRD_JCI_ENCUESTAS_RESP_FK_2` (`NJENC_ID`),
  KEY `SRD_JCI_ENCUESTAS_RESP_FK_3` (`NJRESP_ID`),
  CONSTRAINT `SRD_JCI_ENCUESTAS_RESP_FK` FOREIGN KEY (`NAUDI_REG_INS`) REFERENCES `srd_usuarios` (`NUSUA_ID`) ON UPDATE CASCADE,
  CONSTRAINT `SRD_JCI_ENCUESTAS_RESP_FK_1` FOREIGN KEY (`NAUDI_REG_UPD`) REFERENCES `srd_usuarios` (`NUSUA_ID`) ON UPDATE CASCADE,
  CONSTRAINT `SRD_JCI_ENCUESTAS_RESP_FK_2` FOREIGN KEY (`NJENC_ID`) REFERENCES `srd_jci_encuestas` (`NJENC_ID`) ON UPDATE CASCADE,
  CONSTRAINT `SRD_JCI_ENCUESTAS_RESP_FK_3` FOREIGN KEY (`NJRESP_ID`) REFERENCES `srd_jci_respuestas` (`NJRESP_ID`) ON UPDATE CASCADE
) ENGINE=InnoDB DEFAULT CHARSET=utf8mb4 COLLATE=utf8mb4_0900_ai_ci;
/*!40101 SET character_set_client = @saved_cs_client */;

--
-- Dumping data for table `srd_jci_encuestas_resp`
--

LOCK TABLES `srd_jci_encuestas_resp` WRITE;
/*!40000 ALTER TABLE `srd_jci_encuestas_resp` DISABLE KEYS */;
/*!40000 ALTER TABLE `srd_jci_encuestas_resp` ENABLE KEYS */;
UNLOCK TABLES;

--
-- Table structure for table `srd_jci_preguntas`
--

DROP TABLE IF EXISTS `srd_jci_preguntas`;
/*!40101 SET @saved_cs_client     = @@character_set_client */;
/*!50503 SET character_set_client = utf8mb4 */;
CREATE TABLE `srd_jci_preguntas` (
  `NJPRE_ID` int NOT NULL AUTO_INCREMENT,
  `CJPRE_DESCRIPCION` varchar(255) CHARACTER SET utf8mb4 COLLATE utf8mb4_0900_ai_ci NOT NULL,
  `NJCAP_ID` int DEFAULT NULL,
  `NJPRE_ORDEN` int NOT NULL,
  `NAUDI_REG_INS` int NOT NULL,
  `DAUDI_REG_INS` datetime NOT NULL DEFAULT CURRENT_TIMESTAMP,
  `NAUDI_REG_UPD` int DEFAULT NULL,
  `DAUDI_REG_UPD` datetime DEFAULT NULL,
  `NJPRE_ESTADO` int NOT NULL DEFAULT '1',
  `NAUDI_EST_REG` int NOT NULL DEFAULT '1',
  PRIMARY KEY (`NJPRE_ID`),
  KEY `SRD_JCI_PREGUNTAS_FK` (`NAUDI_REG_INS`) USING BTREE,
  KEY `SRD_JCI_PREGUNTAS_FK_1` (`NAUDI_REG_UPD`) USING BTREE,
  KEY `SRD_JCI_PREGUNTAS_FK_2` (`NJCAP_ID`) USING BTREE,
  CONSTRAINT `SRD_JCI_PREGUNTAS_FK_1_copy` FOREIGN KEY (`NAUDI_REG_UPD`) REFERENCES `srd_usuarios` (`NUSUA_ID`) ON DELETE SET NULL ON UPDATE CASCADE,
  CONSTRAINT `SRD_JCI_PREGUNTAS_FK_2_copy` FOREIGN KEY (`NJCAP_ID`) REFERENCES `srd_jci_categoria_preg` (`NJCAP_ID`) ON DELETE SET NULL ON UPDATE CASCADE,
  CONSTRAINT `SRD_JCI_PREGUNTAS_FK_copy` FOREIGN KEY (`NAUDI_REG_INS`) REFERENCES `srd_usuarios` (`NUSUA_ID`) ON UPDATE CASCADE
) ENGINE=InnoDB AUTO_INCREMENT=52 DEFAULT CHARSET=utf8mb4 COLLATE=utf8mb4_0900_ai_ci;
/*!40101 SET character_set_client = @saved_cs_client */;

--
-- Dumping data for table `srd_jci_preguntas`
--

LOCK TABLES `srd_jci_preguntas` WRITE;
/*!40000 ALTER TABLE `srd_jci_preguntas` DISABLE KEYS */;
INSERT INTO `srd_jci_preguntas` VALUES (1,'Verifica que el/la paciente cuente con el brazalete y los identificadores correctos',1,1,1,'2023-06-08 14:02:36',1,'2024-02-03 09:22:27',1,0),(2,'Realiza la identificación del paciente antes de la administración de medicamentos.',1,2,1,'2023-06-08 14:06:42',NULL,NULL,1,1),(3,'Realiza la identificación del paciente antes de la administración de sangre y derivados.',1,3,1,'2023-06-08 14:06:42',NULL,NULL,1,1),(4,'Realiza la identificación del paciente antes de la extracción de sangre y/u otras muestras o análisis de laboratorio.',1,4,1,'2023-06-08 14:06:42',NULL,NULL,1,1),(5,'Realiza la identificación del paciente antes de realizar procedimientos invasivos.',1,5,1,'2023-06-08 14:10:06',NULL,NULL,1,1),(6,'Realiza la identificación del paciente antes de entregar la dieta.',1,6,1,'2023-06-08 14:10:06',NULL,NULL,1,1),(7,'Verifica brazalete amarillo en pacientes alergicos.',1,7,1,'2023-06-08 14:10:06',NULL,NULL,1,1),(8,'Realiza la valoración del riesgo de caídas(según escala).',1,8,1,'2023-06-08 14:10:06',NULL,NULL,1,1),(9,'Se identifica y registra en la pizarra de identificación del paciente.',1,9,1,'2023-06-08 14:10:06',NULL,NULL,1,1),(10,'Aplica metodología SBAR (SAER) en el reporte de enfermería (transferencia/ingresos).',1,10,1,'2023-06-08 14:10:06',NULL,NULL,1,1),(11,'Aplica metodología SBAR ( SAER) en el reporte cambio de turno de enfermería.',2,1,1,'2023-06-08 14:10:06',1,'2024-02-29 18:42:27',1,1),(12,'Brinda educación clara y comprensible al paciente y/o familiares.',2,2,1,'2023-06-08 14:10:06',NULL,NULL,1,1),(13,'Hace uso de hojas en los reportes de enfermería.',2,3,1,'2023-06-08 14:13:47',NULL,NULL,1,1),(14,'Realiza acogida del paciente en su habitación (presentación) No aplica para emergencia adultos.',2,4,1,'2023-06-08 14:13:47',NULL,NULL,1,1),(15,'Aplica los 5 correctos en la administración de medicamentos.',2,5,1,'2023-06-08 14:13:47',NULL,NULL,1,1),(16,'Identifica correctamente los medicamentos MAR - LASA.',2,6,1,'2023-06-08 14:13:47',NULL,NULL,1,1),(17,'Mantiene los medicamentos MAR bajo resguardo (con llave).',2,7,1,'2023-06-08 14:13:47',NULL,NULL,1,1),(18,'Rotula correctamente los medicamentos multidosis (fecha de apertura/fecha de vencimiento).',2,8,1,'2023-06-08 14:13:47',NULL,NULL,1,1),(19,'Cumple el proceso de medicación propia del paciente.',2,9,1,'2023-06-08 14:13:47',NULL,NULL,1,1),(20,'Realiza verificación de stock de medicamentos del servicio.',3,1,1,'2023-06-08 14:13:47',1,'2024-02-03 10:29:07',1,1),(21,'Realiza el rotulo correcto de las soluciones del coche de curaciones(fecha de apertura/fecha de vencimiento).',3,2,1,'2023-06-08 14:13:47',NULL,NULL,1,1),(22,'Aplica los bundles establecidos para la administración de medicamentos',3,3,1,'2023-06-08 14:13:47',NULL,NULL,1,1),(23,'Verifica bloque quirúrgico previo a la cirugía.',3,4,1,'2023-06-08 14:13:47',NULL,NULL,1,1),(24,'Enfermera de pre anestesia revisará el correcto marcado del sitio quirúrgico.',3,5,1,'2023-06-08 14:13:47',NULL,NULL,1,1),(25,'Enfermera de centro quirurgico verificará si el paciente presenta alergia.',3,6,1,'2023-06-08 14:13:47',NULL,NULL,1,1),(26,'Circulante de centro quirurgico realiza la verificación de la pausa quirúrgica.',3,7,1,'2023-06-08 14:13:47',NULL,NULL,1,1),(27,'Cumple con conteo de gasas, agujas e instrumental completo.',3,8,1,'2023-06-08 14:13:47',1,'2024-02-03 07:11:11',1,1),(28,'Realiza rotulado de muestras de paciente para laboratorio y/o patología.',3,9,1,'2023-06-08 14:13:47',NULL,NULL,1,1),(29,'Cumple con la administracion de profilaxis antibiotica.',3,10,1,'2023-06-08 14:13:47',NULL,NULL,1,1),(30,'Realiza la tecnica correcta de la higiene de manos (agua y jabón y/o alcohol gel).',3,11,1,'2023-06-08 14:13:47',NULL,NULL,1,1),(31,'Cumple con los 5 momentos de la higiene de manos.',3,12,1,'2023-06-12 13:54:27',NULL,NULL,1,1),(32,'Aplica las medidas de aislamiento hospitalario de acuerdo a al situación presentada.',3,13,1,'2023-06-12 13:54:27',NULL,NULL,1,1),(33,'Elimina los residuos de acuerdo al protocolo establecido (bolsa color rojo,negro,amarillo).',4,2,1,'2023-06-12 13:54:27',1,'2024-02-03 07:32:41',1,1),(34,'Elimina correctamente los punzocortantes.',4,2,1,'2023-06-12 13:54:27',NULL,NULL,1,1),(35,'Cumple con el protocolo de prevención de flebitis.',4,3,1,'2023-06-12 13:54:27',NULL,NULL,1,1),(36,'Presenta eventos adversos relacionados al acceso venoso.',4,4,1,'2023-06-12 13:54:27',NULL,NULL,1,1),(37,'Aplica medidas universal de prevención de caídas.',4,5,1,'2023-06-12 13:54:27',NULL,NULL,1,1),(38,'Brinda educación al paciente y/o familia sobre prevención de caídas.',4,6,1,'2023-06-12 13:54:27',NULL,NULL,1,1),(39,'Realiza la rondas de enfermería para pacientes con riesgo de caidas',4,7,1,'2023-06-12 13:54:27',NULL,NULL,1,1),(40,'Realiza la rondas de enfermería para pacientes con riesgo',4,8,1,'2023-06-12 13:54:27',NULL,NULL,1,1),(41,'Cumple con el código de conducta ética.',4,9,1,'2023-06-12 13:54:27',NULL,NULL,1,1),(42,'Cumple con el reglamento de uso del uniforme',4,10,1,'2023-06-12 13:54:27',NULL,NULL,1,1),(43,'Cumple con sus turnos programados.',4,11,1,'2023-06-12 13:54:27',NULL,NULL,1,1),(44,'Asiste de manera puntual a todos sus turnos ( mas del 70%)',4,12,1,'2023-06-12 13:54:27',NULL,NULL,1,1),(45,'Mantiene adecuadas relaciones interprofesionales.',4,13,1,'2023-06-12 13:54:27',NULL,NULL,1,1),(46,'Presenta quejas y/o reclamos durante su turno',4,14,1,'2023-06-12 13:54:27',NULL,NULL,1,1),(47,'Participa de la capacitación programada por la Dirección de enfermería (> 80% mensual)',5,1,1,'2023-06-12 13:54:27',NULL,NULL,1,1),(48,'Cuida y mantiene el funcionamiento del equipamiento del área.',5,2,1,'2023-06-12 13:54:27',NULL,NULL,1,1),(49,'Conoce y aplica los códigos de seguridad en las instalaciones',5,3,1,'2023-06-12 13:54:27',NULL,NULL,1,1),(50,'Conoce y aplica en sus actividades las guías y protocolos en la atención del paciente',5,4,1,'2023-06-12 13:54:27',NULL,NULL,1,1),(51,'xdasxf',2,21,1,'2024-02-28 20:54:35',NULL,NULL,1,1);
/*!40000 ALTER TABLE `srd_jci_preguntas` ENABLE KEYS */;
UNLOCK TABLES;

--
-- Table structure for table `srd_jci_preguntas_rptas`
--

DROP TABLE IF EXISTS `srd_jci_preguntas_rptas`;
/*!40101 SET @saved_cs_client     = @@character_set_client */;
/*!50503 SET character_set_client = utf8mb4 */;
CREATE TABLE `srd_jci_preguntas_rptas` (
  `NJRPT_ID` int NOT NULL AUTO_INCREMENT,
  `NJPRE_ID` int DEFAULT NULL,
  `NJRESP_ID` int DEFAULT NULL,
  `NAUDI_REG_INS` int NOT NULL,
  `DAUDI_REG_INS` datetime NOT NULL DEFAULT CURRENT_TIMESTAMP,
  `NAUDI_REG_UPD` int DEFAULT NULL,
  `DAUDI_REG_UPD` datetime DEFAULT NULL,
  `NJRPT_ESTADO` int NOT NULL DEFAULT '1',
  `NAUDI_EST_REG` int NOT NULL DEFAULT '1',
  PRIMARY KEY (`NJRPT_ID`),
  KEY `SRD_JCI_PREGUNTA_RPTAS_FK_1` (`NJRESP_ID`),
  KEY `SRD_JCI_PREGUNTA_RPTAS_FK_2` (`NAUDI_REG_INS`),
  KEY `SRD_JCI_PREGUNTA_RPTAS_FK_3` (`NAUDI_REG_UPD`),
  KEY `SRD_JCI_PREGUNTAS_RPTAS_FK` (`NJPRE_ID`),
  CONSTRAINT `SRD_JCI_PREGUNTA_RPTAS_FK_1` FOREIGN KEY (`NJRESP_ID`) REFERENCES `srd_jci_respuestas` (`NJRESP_ID`) ON UPDATE CASCADE,
  CONSTRAINT `SRD_JCI_PREGUNTA_RPTAS_FK_2` FOREIGN KEY (`NAUDI_REG_INS`) REFERENCES `srd_usuarios` (`NUSUA_ID`) ON UPDATE CASCADE,
  CONSTRAINT `SRD_JCI_PREGUNTA_RPTAS_FK_3` FOREIGN KEY (`NAUDI_REG_UPD`) REFERENCES `srd_usuarios` (`NUSUA_ID`) ON DELETE SET NULL ON UPDATE CASCADE,
  CONSTRAINT `SRD_JCI_PREGUNTAS_RPTAS_FK` FOREIGN KEY (`NJPRE_ID`) REFERENCES `srd_jci_preguntas_1` (`NJPRE_ID`) ON DELETE SET NULL ON UPDATE CASCADE
) ENGINE=InnoDB AUTO_INCREMENT=123 DEFAULT CHARSET=utf8mb4 COLLATE=utf8mb4_0900_ai_ci;
/*!40101 SET character_set_client = @saved_cs_client */;

--
-- Dumping data for table `srd_jci_preguntas_rptas`
--

LOCK TABLES `srd_jci_preguntas_rptas` WRITE;
/*!40000 ALTER TABLE `srd_jci_preguntas_rptas` DISABLE KEYS */;
INSERT INTO `srd_jci_preguntas_rptas` VALUES (1,1,1,1,'2023-06-13 12:23:19',NULL,NULL,1,1),(2,1,2,1,'2023-06-13 13:10:33',NULL,NULL,1,1),(3,2,1,1,'2023-06-13 13:17:10',NULL,NULL,1,1),(4,2,2,1,'2023-06-13 13:17:10',NULL,NULL,1,1),(5,2,3,1,'2023-06-13 13:17:10',NULL,NULL,1,1),(6,3,1,1,'2023-06-13 13:17:10',NULL,NULL,1,1),(7,3,2,1,'2023-06-13 13:17:10',NULL,NULL,1,1),(8,3,3,1,'2023-06-13 13:17:10',NULL,NULL,1,1),(9,4,1,1,'2023-06-13 13:17:10',NULL,NULL,1,1),(10,4,2,1,'2023-06-13 13:17:10',NULL,NULL,1,1),(11,4,3,1,'2023-06-13 13:17:10',NULL,NULL,1,1),(12,5,1,1,'2023-06-13 13:17:10',NULL,NULL,1,1),(13,5,2,1,'2023-06-13 13:17:10',NULL,NULL,1,1),(14,5,3,1,'2023-06-13 13:17:10',NULL,NULL,1,1),(15,6,1,1,'2023-06-13 13:28:27',NULL,NULL,1,1),(16,6,2,1,'2023-06-13 13:29:14',NULL,NULL,1,1),(17,6,3,1,'2023-06-13 13:29:14',NULL,NULL,1,1),(18,7,1,1,'2023-06-13 13:36:15',NULL,NULL,1,1),(19,7,2,1,'2023-06-13 13:36:15',NULL,NULL,1,1),(20,7,3,1,'2023-06-13 13:36:15',NULL,NULL,1,1),(21,8,1,1,'2023-06-13 13:36:15',NULL,NULL,1,1),(22,8,2,1,'2023-06-13 13:36:15',NULL,NULL,1,1),(23,8,3,1,'2023-06-13 13:36:15',NULL,NULL,1,1),(24,9,1,1,'2023-06-13 13:36:15',NULL,NULL,1,1),(25,9,2,1,'2023-06-13 13:36:15',NULL,NULL,1,1),(26,10,1,1,'2023-06-13 13:36:15',NULL,NULL,1,1),(27,10,2,1,'2023-06-13 13:36:15',NULL,NULL,1,1),(28,10,3,1,'2023-06-13 13:36:15',NULL,NULL,1,1),(29,11,1,1,'2023-06-13 13:36:15',NULL,NULL,1,1),(30,11,2,1,'2023-06-13 13:36:15',NULL,NULL,1,1),(31,12,1,1,'2023-06-13 13:44:28',NULL,NULL,1,1),(32,12,2,1,'2023-06-13 13:44:28',NULL,NULL,1,1),(33,13,1,1,'2023-06-13 13:44:28',NULL,NULL,1,1),(34,13,2,1,'2023-06-13 13:44:28',NULL,NULL,1,1),(35,14,1,1,'2023-06-13 13:44:28',NULL,NULL,1,1),(36,14,2,1,'2023-06-13 13:44:28',NULL,NULL,1,1),(37,15,1,1,'2023-06-13 13:44:28',NULL,NULL,1,1),(38,15,2,1,'2023-06-13 13:44:28',NULL,NULL,1,1),(39,15,3,1,'2023-06-13 13:44:28',NULL,NULL,1,1),(40,16,1,1,'2023-06-13 13:44:28',NULL,NULL,1,1),(41,16,2,1,'2023-06-13 13:44:28',NULL,NULL,1,1),(42,17,1,1,'2023-06-13 13:48:03',NULL,NULL,1,1),(43,17,2,1,'2023-06-13 13:48:03',NULL,NULL,1,1),(44,18,1,1,'2023-06-13 13:48:03',NULL,NULL,1,1),(45,18,2,1,'2023-06-13 13:48:03',NULL,NULL,1,1),(46,19,1,1,'2023-06-13 13:48:03',NULL,NULL,1,1),(47,19,2,1,'2023-06-13 13:48:03',NULL,NULL,1,1),(48,19,3,1,'2023-06-13 13:48:03',NULL,NULL,1,1),(49,20,1,1,'2023-06-13 13:48:03',NULL,NULL,1,1),(50,20,2,1,'2023-06-13 13:48:03',NULL,NULL,1,1),(51,21,1,1,'2023-06-13 14:15:45',NULL,NULL,1,1),(52,21,2,1,'2023-06-14 11:29:03',NULL,NULL,1,1),(53,22,1,1,'2023-06-14 11:29:03',NULL,NULL,1,1),(54,22,2,1,'2023-06-14 11:29:03',NULL,NULL,1,1),(55,23,1,1,'2023-06-14 11:33:19',NULL,NULL,1,1),(56,23,2,1,'2023-06-14 11:33:19',NULL,NULL,1,1),(57,23,3,1,'2023-06-14 11:33:19',NULL,NULL,1,1),(58,24,1,1,'2023-06-14 11:33:19',NULL,NULL,1,1),(59,24,2,1,'2023-06-14 11:33:19',NULL,NULL,1,1),(60,24,3,1,'2023-06-14 11:33:19',NULL,NULL,1,1),(61,25,1,1,'2023-06-14 11:33:19',NULL,NULL,1,1),(62,25,2,1,'2023-06-14 11:33:19',NULL,NULL,1,1),(63,25,3,1,'2023-06-14 11:33:19',NULL,NULL,1,1),(64,26,1,1,'2023-06-14 11:33:19',NULL,NULL,1,1),(65,26,2,1,'2023-06-14 11:33:19',NULL,NULL,1,1),(66,26,3,1,'2023-06-14 11:33:19',NULL,NULL,1,1),(67,27,1,1,'2023-06-14 12:26:30',NULL,NULL,1,1),(68,27,2,1,'2023-06-14 12:26:30',NULL,NULL,1,1),(69,27,3,1,'2023-06-14 12:26:30',NULL,NULL,1,1),(70,28,1,1,'2023-06-14 13:06:41',NULL,NULL,1,1),(71,28,2,1,'2023-06-14 13:06:41',NULL,NULL,1,1),(72,28,3,1,'2023-06-14 13:06:41',NULL,NULL,1,1),(73,29,1,1,'2023-06-14 13:06:41',NULL,NULL,1,1),(74,29,2,1,'2023-06-14 13:06:41',NULL,NULL,1,1),(75,29,3,1,'2023-06-14 13:06:41',NULL,NULL,1,1),(76,30,1,1,'2023-06-14 13:13:01',NULL,NULL,1,1),(77,30,2,1,'2023-06-14 13:13:01',NULL,NULL,1,1),(78,31,1,1,'2023-06-14 13:23:01',NULL,NULL,1,1),(79,31,2,1,'2023-06-14 13:23:01',NULL,NULL,1,1),(80,32,1,1,'2023-06-14 13:24:33',NULL,NULL,1,1),(81,32,2,1,'2023-06-14 13:24:33',NULL,NULL,1,1),(82,32,3,1,'2023-06-14 13:24:33',NULL,NULL,1,1),(83,33,1,1,'2023-06-14 13:25:18',NULL,NULL,1,1),(84,33,2,1,'2023-06-14 13:25:18',NULL,NULL,1,1),(85,34,1,1,'2023-06-14 13:25:18',NULL,NULL,1,1),(86,34,2,1,'2023-06-14 13:25:18',NULL,NULL,1,1),(87,35,1,1,'2023-06-14 13:41:04',NULL,NULL,1,1),(88,35,2,1,'2023-06-14 13:41:04',NULL,NULL,1,1),(89,36,1,1,'2023-06-14 13:41:04',NULL,NULL,1,1),(90,36,2,1,'2023-06-14 13:41:04',NULL,NULL,1,1),(91,36,3,1,'2023-06-14 13:41:04',NULL,NULL,1,1),(92,37,1,1,'2023-06-14 13:41:04',NULL,NULL,1,1),(93,37,2,1,'2023-06-14 13:41:04',NULL,NULL,1,1),(94,37,3,1,'2023-06-14 13:41:04',NULL,NULL,1,1),(95,38,1,1,'2023-06-14 13:41:04',NULL,NULL,1,1),(96,38,2,1,'2023-06-14 13:41:04',NULL,NULL,1,1),(97,38,3,1,'2023-06-14 13:41:04',NULL,NULL,1,1),(98,39,1,1,'2023-06-14 13:41:04',NULL,NULL,1,1),(99,39,2,1,'2023-06-14 13:41:04',NULL,NULL,1,1),(100,39,3,1,'2023-06-14 13:41:04',NULL,NULL,1,1),(101,40,1,1,'2023-06-14 13:41:04',NULL,NULL,1,1),(102,40,2,1,'2023-06-14 13:41:04',NULL,NULL,1,1),(103,41,1,1,'2023-06-14 13:47:43',NULL,NULL,1,1),(104,41,2,1,'2023-06-14 13:47:43',NULL,NULL,1,1),(105,42,1,1,'2023-06-14 13:47:43',NULL,NULL,1,1),(106,42,2,1,'2023-06-14 13:47:43',NULL,NULL,1,1),(107,43,1,1,'2023-06-14 13:47:43',NULL,NULL,1,1),(108,43,2,1,'2023-06-14 13:47:43',NULL,NULL,1,1),(109,44,1,1,'2023-06-14 13:47:43',NULL,NULL,1,1),(110,44,2,1,'2023-06-14 13:47:43',NULL,NULL,1,1),(111,45,1,1,'2023-06-14 13:47:43',NULL,NULL,1,1),(112,45,2,1,'2023-06-14 13:47:43',NULL,NULL,1,1),(113,46,1,1,'2023-06-14 13:47:43',NULL,NULL,1,1),(114,46,2,1,'2023-06-14 13:47:43',NULL,NULL,1,1),(115,47,1,1,'2023-06-14 13:48:04',NULL,NULL,1,1),(116,47,2,1,'2023-06-14 13:48:04',NULL,NULL,1,1),(117,48,1,1,'2023-06-14 13:48:46',NULL,NULL,1,1),(118,48,2,1,'2023-06-14 13:48:46',NULL,NULL,1,1),(119,49,1,1,'2023-06-14 13:48:46',NULL,NULL,1,1),(120,49,2,1,'2023-06-14 13:48:46',NULL,NULL,1,1),(121,50,1,1,'2023-06-14 13:48:46',NULL,NULL,1,1),(122,50,2,1,'2023-06-14 13:48:46',NULL,NULL,1,1);
/*!40000 ALTER TABLE `srd_jci_preguntas_rptas` ENABLE KEYS */;
UNLOCK TABLES;

--
-- Table structure for table `srd_jci_respuestas`
--

DROP TABLE IF EXISTS `srd_jci_respuestas`;
/*!40101 SET @saved_cs_client     = @@character_set_client */;
/*!50503 SET character_set_client = utf8mb4 */;
CREATE TABLE `srd_jci_respuestas` (
  `NJRESP_ID` int NOT NULL,
  `CJRESP_DESCRIPCION` varchar(11) CHARACTER SET utf8mb4 COLLATE utf8mb4_0900_ai_ci NOT NULL,
  `NJRESP_VALOR` int DEFAULT NULL,
  `CJRESP_CLASE` varchar(11) CHARACTER SET utf8mb4 COLLATE utf8mb4_0900_ai_ci NOT NULL,
  `CJRESP_ICONO` varchar(120) CHARACTER SET utf8mb4 COLLATE utf8mb4_0900_ai_ci DEFAULT NULL,
  `NJRESP_ORDEN` int NOT NULL,
  `NAUDI_REG_INS` int NOT NULL,
  `DAUDI_REG_INS` datetime NOT NULL DEFAULT CURRENT_TIMESTAMP,
  `NAUDI_REG_UPD` int DEFAULT NULL,
  `DAUDI_REG_UPD` datetime DEFAULT NULL,
  `NJRESP_ESTADO` int NOT NULL DEFAULT '1',
  `NAUDI_EST_REG` int NOT NULL DEFAULT '1',
  PRIMARY KEY (`NJRESP_ID`),
  KEY `SRD_JCI_RESPUESTAS_FK` (`NAUDI_REG_INS`),
  KEY `SRD_JCI_RESPUESTAS_FK_1` (`NAUDI_REG_UPD`),
  CONSTRAINT `SRD_JCI_RESPUESTAS_FK` FOREIGN KEY (`NAUDI_REG_INS`) REFERENCES `srd_usuarios` (`NUSUA_ID`) ON UPDATE CASCADE,
  CONSTRAINT `SRD_JCI_RESPUESTAS_FK_1` FOREIGN KEY (`NAUDI_REG_UPD`) REFERENCES `srd_usuarios` (`NUSUA_ID`) ON DELETE SET NULL ON UPDATE CASCADE
) ENGINE=InnoDB DEFAULT CHARSET=utf8mb4 COLLATE=utf8mb4_0900_ai_ci;
/*!40101 SET character_set_client = @saved_cs_client */;

--
-- Dumping data for table `srd_jci_respuestas`
--

LOCK TABLES `srd_jci_respuestas` WRITE;
/*!40000 ALTER TABLE `srd_jci_respuestas` DISABLE KEYS */;
INSERT INTO `srd_jci_respuestas` VALUES (1,'NO CUMPLE',0,'danger','ki-duotone ki-dislike',2,1,'2023-06-06 09:37:40',NULL,NULL,1,1),(2,'SI CUMPLE',10,'success','ki-duotone ki-like',3,1,'2023-06-06 09:38:48',NULL,NULL,1,1),(3,'NO APLICA',NULL,'warning','ki-duotone ki-shield-cross',1,1,'2023-06-06 09:52:13',NULL,NULL,1,1);
/*!40000 ALTER TABLE `srd_jci_respuestas` ENABLE KEYS */;
UNLOCK TABLES;

--
-- Table structure for table `srd_marcacion`
--

DROP TABLE IF EXISTS `srd_marcacion`;
/*!40101 SET @saved_cs_client     = @@character_set_client */;
/*!50503 SET character_set_client = utf8mb4 */;
CREATE TABLE `srd_marcacion` (
  `NMARC_ID` int NOT NULL AUTO_INCREMENT COMMENT 'PK TABLA SRD_MARCACION',
  `NHOTU_ID` int NOT NULL COMMENT 'FK TABLA SRD_HORARIO_TURNOS',
  `DMARC_MARCA_INICIO` datetime DEFAULT NULL COMMENT 'MARCACIÓN INICIAL DEL TURNO',
  `DMARC_MARCA_FIN` datetime DEFAULT NULL COMMENT 'MARCACIÓN FINAL DEL TURNO',
  `NAUDI_REG_INS` int NOT NULL COMMENT 'AUDITORÍA - USUARIO REGISTRO',
  `DAUDI_REG_INS` datetime NOT NULL DEFAULT CURRENT_TIMESTAMP COMMENT 'AUDITORÍA - FECHA REGISTRO',
  `NAUDI_REG_UPD` int DEFAULT NULL COMMENT 'AUDITORÍA - USUARIO ACTUALIZACIÓN',
  `DAUDI_REG_UPD` datetime DEFAULT NULL COMMENT 'AUDITORÍA - FECHA ACTUALIZACIÓN',
  `NAUDI_EST_REG` int NOT NULL DEFAULT '1' COMMENT 'AUDITORÍA - ESTADO REGISTRO (1=ACTIVO, 0=INACTIVO)',
  `NMARC_ESTADO` int NOT NULL DEFAULT '1' COMMENT 'ESTADO REGISTRO (1=ACTIVO, 0=INACTIVO)',
  PRIMARY KEY (`NMARC_ID`),
  KEY `FKMARC1` (`NHOTU_ID`),
  CONSTRAINT `FKMARC1` FOREIGN KEY (`NHOTU_ID`) REFERENCES `srd_horario_turnos` (`NHOTU_ID`) ON UPDATE CASCADE
) ENGINE=InnoDB AUTO_INCREMENT=11 DEFAULT CHARSET=utf8mb4 COLLATE=utf8mb4_0900_ai_ci;
/*!40101 SET character_set_client = @saved_cs_client */;

--
-- Dumping data for table `srd_marcacion`
--

LOCK TABLES `srd_marcacion` WRITE;
/*!40000 ALTER TABLE `srd_marcacion` DISABLE KEYS */;
INSERT INTO `srd_marcacion` VALUES (2,78,'2024-05-01 13:10:00',NULL,1,'2024-11-07 15:37:27',1,'2024-11-13 14:59:08',1,1),(5,5,'2024-05-01 08:10:00',NULL,1,'2024-11-13 12:11:21',1,'2024-11-13 14:59:23',1,1),(7,21,'2024-05-01 08:10:00',NULL,1,'2024-11-13 14:58:43',1,'2024-11-13 15:24:32',1,1),(8,79,'2024-05-01 08:10:00','2024-05-01 13:10:00',1,'2024-11-13 14:58:58',1,'2024-11-13 14:59:23',1,1),(9,48,NULL,NULL,1,'2024-11-13 14:58:58',1,'2024-11-13 14:59:23',1,1),(10,49,NULL,NULL,1,'2024-11-13 14:58:58',1,'2024-11-13 14:59:06',1,1);
/*!40000 ALTER TABLE `srd_marcacion` ENABLE KEYS */;
UNLOCK TABLES;

--
-- Table structure for table `srd_nacionalidad`
--

DROP TABLE IF EXISTS `srd_nacionalidad`;
/*!40101 SET @saved_cs_client     = @@character_set_client */;
/*!50503 SET character_set_client = utf8mb4 */;
CREATE TABLE `srd_nacionalidad` (
  `NNACI_ID` int NOT NULL AUTO_INCREMENT,
  `CNACI_DESCRIPCION` varchar(120) CHARACTER SET utf8mb4 COLLATE utf8mb4_0900_ai_ci NOT NULL,
  `CNACI_IMAGEN` varchar(120) CHARACTER SET utf8mb4 COLLATE utf8mb4_0900_ai_ci DEFAULT NULL,
  `NAUDI_REG_INS` int NOT NULL,
  `DAUDI_REG_INS` datetime NOT NULL DEFAULT CURRENT_TIMESTAMP,
  `NAUDI_REG_UPD` int DEFAULT NULL,
  `DAUDI_REG_UPD` datetime DEFAULT NULL,
  `NAUDI_EST_REG` int NOT NULL DEFAULT '1',
  `NNACI_ESTADO` int NOT NULL DEFAULT '1',
  PRIMARY KEY (`NNACI_ID`),
  KEY `SRD_NACIONALIDAD_FK` (`NAUDI_REG_INS`),
  KEY `SRD_NACIONALIDAD_FK_1` (`NAUDI_REG_UPD`),
  CONSTRAINT `SRD_NACIONALIDAD_FK` FOREIGN KEY (`NAUDI_REG_INS`) REFERENCES `srd_usuarios` (`NUSUA_ID`) ON UPDATE CASCADE,
  CONSTRAINT `SRD_NACIONALIDAD_FK_1` FOREIGN KEY (`NAUDI_REG_UPD`) REFERENCES `srd_usuarios` (`NUSUA_ID`) ON DELETE SET NULL ON UPDATE CASCADE
) ENGINE=InnoDB AUTO_INCREMENT=5 DEFAULT CHARSET=utf8mb4 COLLATE=utf8mb4_0900_ai_ci;
/*!40101 SET character_set_client = @saved_cs_client */;

--
-- Dumping data for table `srd_nacionalidad`
--

LOCK TABLES `srd_nacionalidad` WRITE;
/*!40000 ALTER TABLE `srd_nacionalidad` DISABLE KEYS */;
INSERT INTO `srd_nacionalidad` VALUES (1,'PERÚ','peru.svg',1,'2023-04-27 13:58:59',NULL,'2023-04-27 13:58:59',1,1),(2,'VENEZUELA','venezuela.svg',1,'2023-04-27 13:58:59',NULL,'2023-04-27 13:58:59',1,1),(3,'COLOMBIA','colombia.svg',1,'2023-04-27 13:58:59',NULL,'2023-04-27 13:58:59',1,1),(4,'ARGENTINA','argentina.svg',1,'2023-05-02 13:14:17',NULL,'2023-05-02 13:14:17',1,1);
/*!40000 ALTER TABLE `srd_nacionalidad` ENABLE KEYS */;
UNLOCK TABLES;

--
-- Table structure for table `srd_ocupacion`
--

DROP TABLE IF EXISTS `srd_ocupacion`;
/*!40101 SET @saved_cs_client     = @@character_set_client */;
/*!50503 SET character_set_client = utf8mb4 */;
CREATE TABLE `srd_ocupacion` (
  `NOCUP_ID` int NOT NULL AUTO_INCREMENT,
  `COCUP_DESCRIPCION` varchar(120) CHARACTER SET utf8mb4 COLLATE utf8mb4_0900_ai_ci NOT NULL,
  `COCUP_IMAGEN` varchar(120) CHARACTER SET utf8mb4 COLLATE utf8mb4_0900_ai_ci DEFAULT NULL,
  `NAUDI_REG_INS` int NOT NULL,
  `DAUDI_REG_INS` datetime NOT NULL DEFAULT CURRENT_TIMESTAMP,
  `NAUDI_REG_UPD` int DEFAULT NULL,
  `DAUDI_REG_UPD` datetime DEFAULT NULL,
  `NAUDI_EST_REG` int NOT NULL DEFAULT '1',
  `NOCUP_ESTADO` int NOT NULL DEFAULT '1',
  PRIMARY KEY (`NOCUP_ID`),
  KEY `SRD_OCUPACION_FK` (`NAUDI_REG_INS`),
  KEY `SRD_OCUPACION_FK_1` (`NAUDI_REG_UPD`),
  CONSTRAINT `SRD_OCUPACION_FK` FOREIGN KEY (`NAUDI_REG_INS`) REFERENCES `srd_usuarios` (`NUSUA_ID`) ON UPDATE CASCADE,
  CONSTRAINT `SRD_OCUPACION_FK_1` FOREIGN KEY (`NAUDI_REG_UPD`) REFERENCES `srd_usuarios` (`NUSUA_ID`) ON DELETE SET NULL ON UPDATE CASCADE
) ENGINE=InnoDB AUTO_INCREMENT=17 DEFAULT CHARSET=utf8mb4 COLLATE=utf8mb4_0900_ai_ci;
/*!40101 SET character_set_client = @saved_cs_client */;

--
-- Dumping data for table `srd_ocupacion`
--

LOCK TABLES `srd_ocupacion` WRITE;
/*!40000 ALTER TABLE `srd_ocupacion` DISABLE KEYS */;
INSERT INTO `srd_ocupacion` VALUES (1,'TÉCNICO DE ENFERMERÍA','tecnico.svg',1,'2023-04-27 15:39:39',NULL,NULL,1,1),(2,'ENFERMERA(O) ESPECIALISTA','enf_esp.svg',1,'2023-04-27 15:39:39',NULL,NULL,1,1),(3,'ENFERMERA(O)','enf.svg',1,'2023-04-27 15:39:39',NULL,NULL,1,1),(4,'AUXILIAR ADMINISTRATIVO','auxiliar.svg',1,'2023-04-27 15:39:39',NULL,NULL,1,1),(5,'ENFERMERA(O) JEFE','enf_jefe.svg',1,'2023-04-27 15:39:39',NULL,NULL,1,1),(6,'SUPERVISOR ENFERMERÍA','enf_super.svg',1,'2023-04-27 15:39:39',NULL,NULL,1,1),(7,'PRACTICANTE','practicante.svg',1,'2023-04-27 15:39:39',NULL,NULL,1,1),(8,'INGENIERO','ingeniero.svg',1,'2023-04-27 15:39:39',NULL,NULL,1,1),(9,'COORDINADOR ENFERMERÍA','coordinadorenf.svg',1,'2023-05-02 13:04:37',NULL,NULL,1,1),(10,'INTERNA(O) ENFERMERÍA','internoenf.svg',1,'2023-05-02 13:05:34',NULL,NULL,1,1),(11,'PRACTICANTE AUXILIAR ENFERMERÍA','pracauxiliar.svg',1,'2023-05-02 13:06:38',NULL,NULL,1,1),(12,'DIRECTORA DE ENFERMERÍA','directoraenf.svg',1,'2023-05-02 13:08:16',NULL,NULL,1,1),(13,'ENFERMERA ADMINISTRATIVA','enfadmin.svg',1,'2023-05-02 13:09:08',NULL,NULL,1,1),(14,'TECNÓLOGO MÉDICO HEMODINAMIA','tecmedhemo.svg',1,'2023-05-02 13:09:56',NULL,NULL,1,1),(15,'CONSERJE','conserje',1,'2023-05-02 13:10:39',NULL,NULL,1,1),(16,'JEFE SERVICIO CARDIOLOGÍA','jefecard.svg',1,'2023-05-02 13:11:21',NULL,NULL,1,1);
/*!40000 ALTER TABLE `srd_ocupacion` ENABLE KEYS */;
UNLOCK TABLES;

--
-- Table structure for table `srd_periodo`
--

DROP TABLE IF EXISTS `srd_periodo`;
/*!40101 SET @saved_cs_client     = @@character_set_client */;
/*!50503 SET character_set_client = utf8mb4 */;
CREATE TABLE `srd_periodo` (
  `NPERI_ID` int NOT NULL AUTO_INCREMENT COMMENT 'PK TABLA SRD_PERIODO',
  `CAPLI_ID` varchar(120) NOT NULL COMMENT 'FK, TABLA SRD_APLICACION',
  `CPERI_DESCRIPCION` varchar(120) NOT NULL COMMENT 'DESCRIPCIÓN DEL PERIODO',
  `DPERI_INICIO` date NOT NULL COMMENT 'FECHA INICIO DEL PERIODO',
  `DPERI_FIN` date NOT NULL COMMENT 'FECHA FIN DEL PERIODO',
  `NAUDI_REG_INS` int NOT NULL COMMENT 'AUDITORIA: USUARIO REGISTRO',
  `DAUDI_REG_INS` datetime NOT NULL DEFAULT CURRENT_TIMESTAMP COMMENT 'AUDITORIA: FECHA REGISTRO',
  `NAUDI_REG_UPD` int DEFAULT NULL COMMENT 'AUDITORIA: USUARIO ACTUALIZACIÓN',
  `DAUDI_REG_UPD` datetime DEFAULT NULL COMMENT 'AUDITORIA: FECHA ACTUALIZACIÓN',
  `NAUDI_EST_REG` int NOT NULL DEFAULT '1' COMMENT 'AUDITORIA: ESTADO REGISTRO (1=ACTIVO, 0=INACTIVO)',
  `NPERI_ESTADO` int NOT NULL DEFAULT '1' COMMENT 'ESTADO REGISTRO (1=ACTIVO, 0=INACTIVO)',
  PRIMARY KEY (`NPERI_ID`),
  KEY `SRD_JCI_PERIODO_FK` (`NAUDI_REG_INS`),
  KEY `SRD_JCI_PERIODO_FK_1` (`NAUDI_REG_UPD`),
  CONSTRAINT `SRD_JCI_PERIODO_FK` FOREIGN KEY (`NAUDI_REG_INS`) REFERENCES `srd_usuarios` (`NUSUA_ID`) ON UPDATE CASCADE,
  CONSTRAINT `SRD_JCI_PERIODO_FK_1` FOREIGN KEY (`NAUDI_REG_UPD`) REFERENCES `srd_usuarios` (`NUSUA_ID`) ON DELETE SET NULL ON UPDATE CASCADE
) ENGINE=InnoDB AUTO_INCREMENT=12 DEFAULT CHARSET=utf8mb4 COLLATE=utf8mb4_0900_ai_ci COMMENT='TABLA DE PERIODOS';
/*!40101 SET character_set_client = @saved_cs_client */;

--
-- Dumping data for table `srd_periodo`
--

LOCK TABLES `srd_periodo` WRITE;
/*!40000 ALTER TABLE `srd_periodo` DISABLE KEYS */;
INSERT INTO `srd_periodo` VALUES (2,'ENF_003','JCI-BIMESTRE4-2023','2023-07-01','2023-08-31',1,'2023-10-26 13:30:39',1,'2024-02-29 18:15:43',1,0),(3,'ENF_003','JCI-BIMESTRE5-2023','2023-09-01','2023-10-31',1,'2023-10-25 10:09:30',1,'2024-02-23 16:49:35',1,1),(5,'ENF_003','HIG-BIMESTRE1-2024','2024-01-01','2024-02-29',1,'2024-02-23 17:13:14',1,'2024-02-28 19:27:22',1,0),(8,'ENF_002','PERIODO_EVAL1-B1','2024-05-01','2024-05-31',1,'2024-05-03 16:26:22',1,'2024-11-18 11:24:15',1,1);
/*!40000 ALTER TABLE `srd_periodo` ENABLE KEYS */;
UNLOCK TABLES;

--
-- Table structure for table `srd_roles`
--

DROP TABLE IF EXISTS `srd_roles`;
/*!40101 SET @saved_cs_client     = @@character_set_client */;
/*!50503 SET character_set_client = utf8mb4 */;
CREATE TABLE `srd_roles` (
  `NROLE_ID` int NOT NULL AUTO_INCREMENT,
  `CROLE_NOMBRE` varchar(120) CHARACTER SET utf8mb4 COLLATE utf8mb4_0900_ai_ci DEFAULT NULL,
  `CROLE_DESCRIPCION` varchar(120) CHARACTER SET utf8mb4 COLLATE utf8mb4_0900_ai_ci DEFAULT NULL,
  `NROLE_ORDENAMIENTO` int NOT NULL,
  `NAUDI_REG_INS` int NOT NULL,
  `DAUDI_REG_INS` datetime NOT NULL DEFAULT CURRENT_TIMESTAMP,
  `NAUDI_REG_UPD` int DEFAULT NULL,
  `DAUDI_REG_UPD` datetime DEFAULT NULL,
  `NROLE_ESTADO` int NOT NULL DEFAULT '1',
  `NAUDI_EST_REG` int NOT NULL DEFAULT '1',
  PRIMARY KEY (`NROLE_ID`),
  KEY `SRD_ROLES_FK` (`NAUDI_REG_INS`),
  KEY `SRD_ROLES_FK_1` (`NAUDI_REG_UPD`),
  CONSTRAINT `SRD_ROLES_FK` FOREIGN KEY (`NAUDI_REG_INS`) REFERENCES `srd_usuarios` (`NUSUA_ID`) ON UPDATE CASCADE,
  CONSTRAINT `SRD_ROLES_FK_1` FOREIGN KEY (`NAUDI_REG_UPD`) REFERENCES `srd_usuarios` (`NUSUA_ID`) ON DELETE SET NULL ON UPDATE CASCADE
) ENGINE=InnoDB AUTO_INCREMENT=5 DEFAULT CHARSET=utf8mb4 COLLATE=utf8mb4_0900_ai_ci;
/*!40101 SET character_set_client = @saved_cs_client */;

--
-- Dumping data for table `srd_roles`
--

LOCK TABLES `srd_roles` WRITE;
/*!40000 ALTER TABLE `srd_roles` DISABLE KEYS */;
INSERT INTO `srd_roles` VALUES (1,'MASTER','MASTER',1,1,'2023-10-03 11:37:49',NULL,NULL,1,1),(2,'COLABORADOR','COLABORADOR',3,1,'2023-10-24 11:11:58',NULL,NULL,1,1),(3,'SUPERVISOR','SUPERVISOR',2,1,'2023-11-24 11:37:27',NULL,NULL,1,1),(4,'MARCADOR','USUARIO DE MARCACIÓN',4,1,'2024-11-26 11:43:49',NULL,NULL,1,1);
/*!40000 ALTER TABLE `srd_roles` ENABLE KEYS */;
UNLOCK TABLES;

--
-- Table structure for table `srd_roles_app`
--

DROP TABLE IF EXISTS `srd_roles_app`;
/*!40101 SET @saved_cs_client     = @@character_set_client */;
/*!50503 SET character_set_client = utf8mb4 */;
CREATE TABLE `srd_roles_app` (
  `NROAP_ID` int NOT NULL AUTO_INCREMENT,
  `NROLE_ID` int NOT NULL,
  `CAPLI_ID` varchar(120) CHARACTER SET utf8mb4 COLLATE utf8mb4_0900_ai_ci NOT NULL,
  PRIMARY KEY (`NROAP_ID`),
  KEY `SRD_ROLES_APP_FK` (`CAPLI_ID`),
  KEY `SRD_ROLES_APP_FK_1` (`NROLE_ID`),
  CONSTRAINT `SRD_ROLES_APP_FK` FOREIGN KEY (`CAPLI_ID`) REFERENCES `srd_aplicaciones` (`CAPLI_ID`) ON UPDATE CASCADE,
  CONSTRAINT `SRD_ROLES_APP_FK_1` FOREIGN KEY (`NROLE_ID`) REFERENCES `srd_roles` (`NROLE_ID`) ON UPDATE CASCADE
) ENGINE=InnoDB AUTO_INCREMENT=9 DEFAULT CHARSET=utf8mb4 COLLATE=utf8mb4_0900_ai_ci;
/*!40101 SET character_set_client = @saved_cs_client */;

--
-- Dumping data for table `srd_roles_app`
--

LOCK TABLES `srd_roles_app` WRITE;
/*!40000 ALTER TABLE `srd_roles_app` DISABLE KEYS */;
INSERT INTO `srd_roles_app` VALUES (1,1,'ENF_002'),(2,1,'ENF_001'),(3,1,'ENF_003'),(4,1,'ENF_005'),(5,2,'ENF_003'),(6,3,'ENF_003'),(7,2,'ENF_002'),(8,4,'ENF_002');
/*!40000 ALTER TABLE `srd_roles_app` ENABLE KEYS */;
UNLOCK TABLES;

--
-- Table structure for table `srd_roles_subseccion`
--

DROP TABLE IF EXISTS `srd_roles_subseccion`;
/*!40101 SET @saved_cs_client     = @@character_set_client */;
/*!50503 SET character_set_client = utf8mb4 */;
CREATE TABLE `srd_roles_subseccion` (
  `NROSU_ID` int NOT NULL AUTO_INCREMENT,
  `NROLE_ID` int NOT NULL,
  `NSUBS_ID` int DEFAULT NULL,
  `NAUDI_REG_INS` int NOT NULL,
  `DAUDI_REG_INS` datetime NOT NULL DEFAULT CURRENT_TIMESTAMP,
  `NAUDI_REG_UPD` int DEFAULT NULL,
  `DAUDI_REG_UPD` datetime DEFAULT NULL,
  `NROSU_ESTADO` int NOT NULL DEFAULT '1',
  `NAUDI_EST_REG` int NOT NULL DEFAULT '1',
  PRIMARY KEY (`NROSU_ID`),
  KEY `SRD_ROLES_SUBSECCION_FK` (`NAUDI_REG_INS`),
  KEY `SRD_ROLES_SUBSECCION_FK_1` (`NAUDI_REG_UPD`),
  KEY `SRD_ROLES_SUBSECCION_FK_2` (`NROLE_ID`),
  KEY `SRD_ROLES_SUBSECCION_FK_3` (`NSUBS_ID`),
  CONSTRAINT `SRD_ROLES_SUBSECCION_FK` FOREIGN KEY (`NAUDI_REG_INS`) REFERENCES `srd_usuarios` (`NUSUA_ID`) ON UPDATE CASCADE,
  CONSTRAINT `SRD_ROLES_SUBSECCION_FK_1` FOREIGN KEY (`NAUDI_REG_UPD`) REFERENCES `srd_usuarios` (`NUSUA_ID`) ON DELETE SET NULL ON UPDATE CASCADE,
  CONSTRAINT `SRD_ROLES_SUBSECCION_FK_2` FOREIGN KEY (`NROLE_ID`) REFERENCES `srd_roles` (`NROLE_ID`) ON UPDATE CASCADE,
  CONSTRAINT `SRD_ROLES_SUBSECCION_FK_3` FOREIGN KEY (`NSUBS_ID`) REFERENCES `srd_subsecciones` (`NSUBS_ID`) ON UPDATE CASCADE
) ENGINE=InnoDB AUTO_INCREMENT=57 DEFAULT CHARSET=utf8mb4 COLLATE=utf8mb4_0900_ai_ci;
/*!40101 SET character_set_client = @saved_cs_client */;

--
-- Dumping data for table `srd_roles_subseccion`
--

LOCK TABLES `srd_roles_subseccion` WRITE;
/*!40000 ALTER TABLE `srd_roles_subseccion` DISABLE KEYS */;
INSERT INTO `srd_roles_subseccion` VALUES (1,1,1,1,'2023-06-15 17:51:21',NULL,NULL,1,1),(4,1,3,1,'2023-10-24 12:19:14',NULL,NULL,1,1),(5,1,4,1,'2023-10-24 13:11:53',NULL,NULL,1,1),(9,1,6,1,'2023-11-24 11:53:24',NULL,NULL,1,1),(10,3,8,1,'2023-11-24 12:15:10',NULL,NULL,1,1),(12,2,2,1,'2023-11-29 07:27:18',NULL,NULL,1,1),(17,1,8,1,'2023-12-15 14:55:38',NULL,NULL,1,1),(18,1,9,1,'2023-12-15 15:50:36',NULL,NULL,1,1),(19,1,10,1,'2023-12-19 15:35:32',NULL,NULL,1,1),(20,1,11,1,'2023-12-19 15:38:49',NULL,NULL,1,1),(21,1,12,1,'2023-12-19 15:38:49',NULL,NULL,1,1),(22,1,13,1,'2023-12-19 15:43:09',NULL,NULL,1,1),(25,1,15,1,'2024-01-16 20:54:16',NULL,NULL,1,1),(26,1,14,1,'2024-01-16 21:07:10',NULL,NULL,1,1),(27,1,16,1,'2024-02-03 00:42:27',NULL,NULL,1,1),(28,1,17,1,'2024-02-03 10:27:26',NULL,NULL,1,1),(29,1,18,1,'2024-02-04 14:28:10',NULL,NULL,1,1),(30,1,19,1,'2024-02-23 08:06:20',NULL,NULL,1,1),(31,3,4,1,'2024-02-23 11:46:42',NULL,NULL,1,1),(32,3,1,1,'2024-02-23 12:20:05',NULL,NULL,1,1),(33,3,6,1,'2024-02-23 12:33:08',NULL,NULL,1,1),(35,3,3,1,'2024-02-23 12:34:29',NULL,NULL,1,1),(37,1,20,1,'2024-02-23 13:06:59',NULL,NULL,1,1),(38,1,21,1,'2024-02-23 13:11:53',NULL,NULL,1,1),(39,1,22,1,'2024-02-23 13:21:32',NULL,NULL,1,1),(40,1,23,1,'2024-02-23 13:42:27',NULL,NULL,1,1),(41,1,24,1,'2024-02-23 13:53:26',NULL,NULL,1,1),(42,1,25,1,'2024-02-29 18:56:19',NULL,NULL,1,1),(44,2,5,1,'2024-03-05 12:02:03',NULL,NULL,1,1),(45,1,26,1,'2024-05-03 11:56:40',NULL,NULL,1,1),(46,1,27,1,'2024-05-03 14:09:53',NULL,NULL,1,1),(47,1,28,1,'2024-05-03 16:30:18',NULL,NULL,1,1),(48,1,29,1,'2024-05-16 21:32:30',NULL,NULL,1,1),(49,1,30,1,'2024-05-19 21:53:27',NULL,NULL,1,1),(50,1,31,1,'2024-05-23 12:30:16',NULL,NULL,1,1),(51,1,32,1,'2024-11-06 17:02:52',NULL,NULL,1,1),(52,1,33,1,'2024-11-07 16:44:15',NULL,NULL,1,1),(53,2,15,1,'2024-11-21 17:50:00',NULL,NULL,1,1),(54,4,32,1,'2024-11-26 12:00:08',NULL,NULL,1,1),(55,1,34,1,'2024-11-26 16:58:33',NULL,NULL,1,1),(56,1,35,1,'2024-11-26 16:58:38',NULL,NULL,1,1);
/*!40000 ALTER TABLE `srd_roles_subseccion` ENABLE KEYS */;
UNLOCK TABLES;

--
-- Table structure for table `srd_roles_usuario`
--

DROP TABLE IF EXISTS `srd_roles_usuario`;
/*!40101 SET @saved_cs_client     = @@character_set_client */;
/*!50503 SET character_set_client = utf8mb4 */;
CREATE TABLE `srd_roles_usuario` (
  `NROSU_ID` int NOT NULL AUTO_INCREMENT,
  `NUSUA_ID` int NOT NULL,
  `NROLE_ID` int NOT NULL,
  `NAUDI_REG_INS` int NOT NULL,
  `DAUDI_REG_INS` datetime NOT NULL DEFAULT CURRENT_TIMESTAMP,
  `NAUDI_REG_UPD` int DEFAULT NULL,
  `DAUDI_REG_UPD` datetime DEFAULT NULL,
  `NROSU_ESTADO` int NOT NULL DEFAULT '1',
  `NAUDI_EST_REG` int NOT NULL DEFAULT '1',
  PRIMARY KEY (`NROSU_ID`),
  KEY `SRD_ROLES_USUARIO_srd_usuarios_FK` (`NUSUA_ID`),
  KEY `SRD_ROLES_USUARIO_SRD_ROLES_FK` (`NROLE_ID`),
  CONSTRAINT `SRD_ROLES_USUARIO_SRD_ROLES_FK` FOREIGN KEY (`NROLE_ID`) REFERENCES `srd_roles` (`NROLE_ID`) ON UPDATE CASCADE,
  CONSTRAINT `SRD_ROLES_USUARIO_srd_usuarios_FK` FOREIGN KEY (`NUSUA_ID`) REFERENCES `srd_usuarios` (`NUSUA_ID`) ON UPDATE CASCADE
) ENGINE=InnoDB AUTO_INCREMENT=1184 DEFAULT CHARSET=utf8mb4 COLLATE=utf8mb4_0900_ai_ci;
/*!40101 SET character_set_client = @saved_cs_client */;

--
-- Dumping data for table `srd_roles_usuario`
--

LOCK TABLES `srd_roles_usuario` WRITE;
/*!40000 ALTER TABLE `srd_roles_usuario` DISABLE KEYS */;
INSERT INTO `srd_roles_usuario` VALUES (1,1,1,1,'2024-11-07 09:55:30',NULL,NULL,0,1),(2,2,2,1,'2024-11-07 09:55:30',NULL,NULL,1,1),(3,3,2,1,'2024-11-07 09:55:30',NULL,NULL,1,1),(4,4,2,1,'2024-11-07 09:55:30',NULL,NULL,1,1),(5,5,2,1,'2024-11-07 09:55:30',NULL,NULL,1,1),(6,6,2,1,'2024-11-07 09:55:30',NULL,NULL,1,1),(7,7,2,1,'2024-11-07 09:55:30',NULL,NULL,1,1),(8,8,2,1,'2024-11-07 09:55:30',NULL,NULL,1,1),(9,9,2,1,'2024-11-07 09:55:30',NULL,NULL,1,1),(10,10,2,1,'2024-11-07 09:55:30',NULL,NULL,1,1),(11,11,2,1,'2024-11-07 09:55:30',NULL,NULL,1,1),(12,12,2,1,'2024-11-07 09:55:30',NULL,NULL,1,1),(13,13,2,1,'2024-11-07 09:55:30',NULL,NULL,1,1),(14,14,2,1,'2024-11-07 09:55:30',NULL,NULL,1,1),(15,15,2,1,'2024-11-07 09:55:30',NULL,NULL,1,1),(16,16,2,1,'2024-11-07 09:55:30',NULL,NULL,1,1),(17,17,2,1,'2024-11-07 09:55:30',NULL,NULL,1,1),(18,18,2,1,'2024-11-07 09:55:30',NULL,NULL,1,1),(19,19,2,1,'2024-11-07 09:55:30',NULL,NULL,1,1),(20,20,2,1,'2024-11-07 09:55:30',NULL,NULL,1,1),(21,21,2,1,'2024-11-07 09:55:30',NULL,NULL,1,1),(22,22,2,1,'2024-11-07 09:55:30',NULL,NULL,1,1),(23,23,2,1,'2024-11-07 09:55:30',NULL,NULL,1,1),(24,24,2,1,'2024-11-07 09:55:30',NULL,NULL,1,1),(25,25,2,1,'2024-11-07 09:55:30',NULL,NULL,1,1),(26,26,2,1,'2024-11-07 09:55:30',NULL,NULL,1,1),(27,27,2,1,'2024-11-07 09:55:30',NULL,NULL,1,1),(28,28,2,1,'2024-11-07 09:55:30',NULL,NULL,1,1),(29,29,2,1,'2024-11-07 09:55:30',NULL,NULL,1,1),(30,30,2,1,'2024-11-07 09:55:30',NULL,NULL,1,1),(31,31,2,1,'2024-11-07 09:55:30',NULL,NULL,1,1),(32,32,2,1,'2024-11-07 09:55:30',NULL,NULL,1,1),(33,33,2,1,'2024-11-07 09:55:30',NULL,NULL,1,1),(34,34,2,1,'2024-11-07 09:55:30',NULL,NULL,1,1),(35,35,2,1,'2024-11-07 09:55:30',NULL,NULL,1,1),(36,36,2,1,'2024-11-07 09:55:30',NULL,NULL,1,1),(37,37,2,1,'2024-11-07 09:55:30',NULL,NULL,1,1),(38,38,2,1,'2024-11-07 09:55:30',NULL,NULL,1,1),(39,39,2,1,'2024-11-07 09:55:30',NULL,NULL,1,1),(40,40,2,1,'2024-11-07 09:55:30',NULL,NULL,1,1),(41,41,2,1,'2024-11-07 09:55:30',NULL,NULL,1,1),(42,42,2,1,'2024-11-07 09:55:30',NULL,NULL,1,1),(43,43,2,1,'2024-11-07 09:55:30',NULL,NULL,1,1),(44,44,2,1,'2024-11-07 09:55:30',NULL,NULL,1,1),(45,45,2,1,'2024-11-07 09:55:30',NULL,NULL,1,1),(46,46,2,1,'2024-11-07 09:55:30',NULL,NULL,1,1),(47,47,2,1,'2024-11-07 09:55:30',NULL,NULL,1,1),(48,48,2,1,'2024-11-07 09:55:30',NULL,NULL,1,1),(49,49,2,1,'2024-11-07 09:55:30',NULL,NULL,1,1),(50,50,2,1,'2024-11-07 09:55:30',NULL,NULL,1,1),(51,51,2,1,'2024-11-07 09:55:30',NULL,NULL,1,1),(52,52,2,1,'2024-11-07 09:55:30',NULL,NULL,1,1),(53,53,2,1,'2024-11-07 09:55:30',NULL,NULL,1,1),(54,54,2,1,'2024-11-07 09:55:30',NULL,NULL,1,1),(55,55,2,1,'2024-11-07 09:55:30',NULL,NULL,1,1),(56,56,2,1,'2024-11-07 09:55:30',NULL,NULL,1,1),(57,57,2,1,'2024-11-07 09:55:30',NULL,NULL,1,1),(58,58,2,1,'2024-11-07 09:55:30',NULL,NULL,1,1),(59,59,2,1,'2024-11-07 09:55:30',NULL,NULL,1,1),(60,60,2,1,'2024-11-07 09:55:30',NULL,NULL,1,1),(61,61,2,1,'2024-11-07 09:55:30',NULL,NULL,1,1),(62,62,2,1,'2024-11-07 09:55:30',NULL,NULL,1,1),(63,63,2,1,'2024-11-07 09:55:30',NULL,NULL,1,1),(64,64,2,1,'2024-11-07 09:55:30',NULL,NULL,1,1),(65,65,2,1,'2024-11-07 09:55:30',NULL,NULL,1,1),(66,66,2,1,'2024-11-07 09:55:30',NULL,NULL,1,1),(67,67,2,1,'2024-11-07 09:55:30',NULL,NULL,1,1),(68,68,2,1,'2024-11-07 09:55:30',NULL,NULL,1,1),(69,69,2,1,'2024-11-07 09:55:30',NULL,NULL,1,1),(70,70,2,1,'2024-11-07 09:55:30',NULL,NULL,1,1),(71,71,2,1,'2024-11-07 09:55:30',NULL,NULL,1,1),(72,72,2,1,'2024-11-07 09:55:30',NULL,NULL,1,1),(73,73,2,1,'2024-11-07 09:55:30',NULL,NULL,1,1),(74,74,2,1,'2024-11-07 09:55:30',NULL,NULL,1,1),(75,75,2,1,'2024-11-07 09:55:30',NULL,NULL,1,1),(76,76,2,1,'2024-11-07 09:55:30',NULL,NULL,1,1),(77,77,2,1,'2024-11-07 09:55:30',NULL,NULL,1,1),(78,78,2,1,'2024-11-07 09:55:30',NULL,NULL,1,1),(79,79,2,1,'2024-11-07 09:55:30',NULL,NULL,1,1),(80,80,2,1,'2024-11-07 09:55:30',NULL,NULL,1,1),(81,81,2,1,'2024-11-07 09:55:30',NULL,NULL,1,1),(82,82,2,1,'2024-11-07 09:55:30',NULL,NULL,1,1),(83,83,2,1,'2024-11-07 09:55:30',NULL,NULL,1,1),(84,84,2,1,'2024-11-07 09:55:30',NULL,NULL,1,1),(85,85,2,1,'2024-11-07 09:55:30',NULL,NULL,1,1),(86,86,2,1,'2024-11-07 09:55:30',NULL,NULL,1,1),(87,87,2,1,'2024-11-07 09:55:30',NULL,NULL,1,1),(88,88,2,1,'2024-11-07 09:55:30',NULL,NULL,1,1),(89,89,2,1,'2024-11-07 09:55:30',NULL,NULL,1,1),(90,90,2,1,'2024-11-07 09:55:30',NULL,NULL,1,1),(91,91,2,1,'2024-11-07 09:55:30',NULL,NULL,1,1),(92,92,2,1,'2024-11-07 09:55:30',NULL,NULL,1,1),(93,93,2,1,'2024-11-07 09:55:30',NULL,NULL,1,1),(94,94,2,1,'2024-11-07 09:55:30',NULL,NULL,1,1),(95,95,2,1,'2024-11-07 09:55:30',NULL,NULL,1,1),(96,96,2,1,'2024-11-07 09:55:30',NULL,NULL,1,1),(97,97,2,1,'2024-11-07 09:55:30',NULL,NULL,1,1),(98,98,2,1,'2024-11-07 09:55:30',NULL,NULL,1,1),(99,99,2,1,'2024-11-07 09:55:30',NULL,NULL,1,1),(100,100,2,1,'2024-11-07 09:55:30',NULL,NULL,1,1),(101,101,2,1,'2024-11-07 09:55:30',NULL,NULL,1,1),(102,102,2,1,'2024-11-07 09:55:30',NULL,NULL,1,1),(103,103,2,1,'2024-11-07 09:55:30',NULL,NULL,1,1),(104,104,2,1,'2024-11-07 09:55:30',NULL,NULL,1,1),(105,105,2,1,'2024-11-07 09:55:30',NULL,NULL,1,1),(106,106,2,1,'2024-11-07 09:55:30',NULL,NULL,1,1),(107,107,2,1,'2024-11-07 09:55:30',NULL,NULL,1,1),(108,108,2,1,'2024-11-07 09:55:30',NULL,NULL,1,1),(109,109,2,1,'2024-11-07 09:55:30',NULL,NULL,1,1),(110,110,2,1,'2024-11-07 09:55:30',NULL,NULL,1,1),(111,111,2,1,'2024-11-07 09:55:30',NULL,NULL,1,1),(112,112,2,1,'2024-11-07 09:55:30',NULL,NULL,1,1),(113,113,2,1,'2024-11-07 09:55:30',NULL,NULL,1,1),(114,114,2,1,'2024-11-07 09:55:30',NULL,NULL,1,1),(115,115,2,1,'2024-11-07 09:55:30',NULL,NULL,1,1),(116,116,2,1,'2024-11-07 09:55:30',NULL,NULL,1,1),(117,117,2,1,'2024-11-07 09:55:30',NULL,NULL,1,1),(118,118,2,1,'2024-11-07 09:55:30',NULL,NULL,1,1),(119,119,2,1,'2024-11-07 09:55:30',NULL,NULL,1,1),(120,120,2,1,'2024-11-07 09:55:30',NULL,NULL,1,1),(121,121,2,1,'2024-11-07 09:55:30',NULL,NULL,1,1),(122,122,2,1,'2024-11-07 09:55:30',NULL,NULL,1,1),(123,123,2,1,'2024-11-07 09:55:30',NULL,NULL,1,1),(124,124,2,1,'2024-11-07 09:55:30',NULL,NULL,1,1),(125,125,2,1,'2024-11-07 09:55:30',NULL,NULL,1,1),(126,126,2,1,'2024-11-07 09:55:30',NULL,NULL,1,1),(127,127,2,1,'2024-11-07 09:55:30',NULL,NULL,1,1),(128,128,2,1,'2024-11-07 09:55:30',NULL,NULL,1,1),(129,129,2,1,'2024-11-07 09:55:30',NULL,NULL,1,1),(130,130,2,1,'2024-11-07 09:55:30',NULL,NULL,1,1),(131,131,2,1,'2024-11-07 09:55:30',NULL,NULL,1,1),(132,132,2,1,'2024-11-07 09:55:30',NULL,NULL,1,1),(133,133,2,1,'2024-11-07 09:55:30',NULL,NULL,1,1),(134,134,2,1,'2024-11-07 09:55:30',NULL,NULL,1,1),(135,135,2,1,'2024-11-07 09:55:30',NULL,NULL,1,1),(136,136,2,1,'2024-11-07 09:55:30',NULL,NULL,1,1),(137,137,2,1,'2024-11-07 09:55:30',NULL,NULL,1,1),(138,138,2,1,'2024-11-07 09:55:30',NULL,NULL,1,1),(139,139,2,1,'2024-11-07 09:55:30',NULL,NULL,1,1),(140,140,2,1,'2024-11-07 09:55:30',NULL,NULL,1,1),(141,141,2,1,'2024-11-07 09:55:30',NULL,NULL,1,1),(142,142,2,1,'2024-11-07 09:55:30',NULL,NULL,1,1),(143,143,2,1,'2024-11-07 09:55:30',NULL,NULL,1,1),(144,144,2,1,'2024-11-07 09:55:30',NULL,NULL,1,1),(145,145,2,1,'2024-11-07 09:55:30',NULL,NULL,1,1),(146,146,2,1,'2024-11-07 09:55:30',NULL,NULL,1,1),(147,147,2,1,'2024-11-07 09:55:30',NULL,NULL,1,1),(148,148,2,1,'2024-11-07 09:55:30',NULL,NULL,1,1),(149,149,2,1,'2024-11-07 09:55:30',NULL,NULL,1,1),(150,150,2,1,'2024-11-07 09:55:30',NULL,NULL,1,1),(151,151,2,1,'2024-11-07 09:55:30',NULL,NULL,1,1),(152,152,2,1,'2024-11-07 09:55:30',NULL,NULL,1,1),(153,153,2,1,'2024-11-07 09:55:30',NULL,NULL,1,1),(154,154,2,1,'2024-11-07 09:55:30',NULL,NULL,1,1),(155,155,2,1,'2024-11-07 09:55:30',NULL,NULL,1,1),(156,156,2,1,'2024-11-07 09:55:30',NULL,NULL,1,1),(157,157,2,1,'2024-11-07 09:55:30',NULL,NULL,1,1),(158,158,2,1,'2024-11-07 09:55:30',NULL,NULL,1,1),(159,159,2,1,'2024-11-07 09:55:30',NULL,NULL,1,1),(160,160,2,1,'2024-11-07 09:55:30',NULL,NULL,1,1),(161,161,2,1,'2024-11-07 09:55:30',NULL,NULL,1,1),(162,162,2,1,'2024-11-07 09:55:30',NULL,NULL,1,1),(163,163,2,1,'2024-11-07 09:55:30',NULL,NULL,1,1),(164,164,2,1,'2024-11-07 09:55:30',NULL,NULL,1,1),(165,165,2,1,'2024-11-07 09:55:30',NULL,NULL,1,1),(166,166,2,1,'2024-11-07 09:55:30',NULL,NULL,1,1),(167,167,2,1,'2024-11-07 09:55:30',NULL,NULL,1,1),(168,168,2,1,'2024-11-07 09:55:30',NULL,NULL,1,1),(169,169,2,1,'2024-11-07 09:55:30',NULL,NULL,1,1),(170,170,2,1,'2024-11-07 09:55:30',NULL,NULL,1,1),(171,171,2,1,'2024-11-07 09:55:30',NULL,NULL,1,1),(172,172,2,1,'2024-11-07 09:55:30',NULL,NULL,1,1),(173,173,2,1,'2024-11-07 09:55:30',NULL,NULL,1,1),(174,174,2,1,'2024-11-07 09:55:30',NULL,NULL,1,1),(175,175,2,1,'2024-11-07 09:55:30',NULL,NULL,1,1),(176,176,2,1,'2024-11-07 09:55:30',NULL,NULL,1,1),(177,177,2,1,'2024-11-07 09:55:30',NULL,NULL,1,1),(178,178,2,1,'2024-11-07 09:55:30',NULL,NULL,1,1),(179,179,2,1,'2024-11-07 09:55:30',NULL,NULL,1,1),(180,180,2,1,'2024-11-07 09:55:30',NULL,NULL,1,1),(181,181,2,1,'2024-11-07 09:55:30',NULL,NULL,1,1),(182,182,2,1,'2024-11-07 09:55:30',NULL,NULL,1,1),(183,183,2,1,'2024-11-07 09:55:30',NULL,NULL,1,1),(184,184,2,1,'2024-11-07 09:55:30',NULL,NULL,1,1),(185,185,2,1,'2024-11-07 09:55:30',NULL,NULL,1,1),(186,186,2,1,'2024-11-07 09:55:30',NULL,NULL,1,1),(187,187,2,1,'2024-11-07 09:55:30',NULL,NULL,1,1),(188,188,2,1,'2024-11-07 09:55:30',NULL,NULL,1,1),(189,189,2,1,'2024-11-07 09:55:30',NULL,NULL,1,1),(190,190,2,1,'2024-11-07 09:55:30',NULL,NULL,1,1),(191,191,2,1,'2024-11-07 09:55:30',NULL,NULL,1,1),(192,192,2,1,'2024-11-07 09:55:30',NULL,NULL,1,1),(193,193,2,1,'2024-11-07 09:55:30',NULL,NULL,1,1),(194,194,2,1,'2024-11-07 09:55:30',NULL,NULL,1,1),(195,195,2,1,'2024-11-07 09:55:30',NULL,NULL,1,1),(196,196,2,1,'2024-11-07 09:55:30',NULL,NULL,1,1),(197,197,2,1,'2024-11-07 09:55:30',NULL,NULL,1,1),(198,198,2,1,'2024-11-07 09:55:30',NULL,NULL,1,1),(199,199,2,1,'2024-11-07 09:55:30',NULL,NULL,1,1),(200,200,2,1,'2024-11-07 09:55:30',NULL,NULL,1,1),(201,201,2,1,'2024-11-07 09:55:30',NULL,NULL,1,1),(202,202,2,1,'2024-11-07 09:55:30',NULL,NULL,1,1),(203,203,2,1,'2024-11-07 09:55:30',NULL,NULL,1,1),(204,204,2,1,'2024-11-07 09:55:30',NULL,NULL,1,1),(205,205,2,1,'2024-11-07 09:55:30',NULL,NULL,1,1),(206,206,2,1,'2024-11-07 09:55:30',NULL,NULL,1,1),(207,207,2,1,'2024-11-07 09:55:30',NULL,NULL,1,1),(208,208,2,1,'2024-11-07 09:55:30',NULL,NULL,1,1),(209,209,2,1,'2024-11-07 09:55:30',NULL,NULL,1,1),(210,210,2,1,'2024-11-07 09:55:30',NULL,NULL,1,1),(211,211,2,1,'2024-11-07 09:55:30',NULL,NULL,1,1),(212,212,2,1,'2024-11-07 09:55:30',NULL,NULL,1,1),(213,213,2,1,'2024-11-07 09:55:30',NULL,NULL,1,1),(214,214,2,1,'2024-11-07 09:55:30',NULL,NULL,1,1),(215,215,2,1,'2024-11-07 09:55:30',NULL,NULL,1,1),(216,216,2,1,'2024-11-07 09:55:30',NULL,NULL,1,1),(217,217,2,1,'2024-11-07 09:55:30',NULL,NULL,1,1),(218,218,2,1,'2024-11-07 09:55:30',NULL,NULL,1,1),(219,219,2,1,'2024-11-07 09:55:30',NULL,NULL,1,1),(220,220,2,1,'2024-11-07 09:55:30',NULL,NULL,1,1),(221,221,2,1,'2024-11-07 09:55:30',NULL,NULL,1,1),(222,222,2,1,'2024-11-07 09:55:30',NULL,NULL,1,1),(223,223,2,1,'2024-11-07 09:55:30',NULL,NULL,1,1),(224,224,2,1,'2024-11-07 09:55:30',NULL,NULL,1,1),(225,225,2,1,'2024-11-07 09:55:30',NULL,NULL,1,1),(226,226,2,1,'2024-11-07 09:55:30',NULL,NULL,1,1),(227,227,2,1,'2024-11-07 09:55:30',NULL,NULL,1,1),(228,228,2,1,'2024-11-07 09:55:30',NULL,NULL,1,1),(229,229,2,1,'2024-11-07 09:55:30',NULL,NULL,1,1),(230,230,2,1,'2024-11-07 09:55:30',NULL,NULL,1,1),(231,231,2,1,'2024-11-07 09:55:30',NULL,NULL,1,1),(232,232,2,1,'2024-11-07 09:55:30',NULL,NULL,1,1),(233,233,2,1,'2024-11-07 09:55:30',NULL,NULL,1,1),(234,234,2,1,'2024-11-07 09:55:30',NULL,NULL,1,1),(235,235,2,1,'2024-11-07 09:55:30',NULL,NULL,1,1),(236,236,2,1,'2024-11-07 09:55:30',NULL,NULL,1,1),(237,237,2,1,'2024-11-07 09:55:30',NULL,NULL,1,1),(238,238,2,1,'2024-11-07 09:55:30',NULL,NULL,1,1),(239,239,2,1,'2024-11-07 09:55:30',NULL,NULL,1,1),(240,240,2,1,'2024-11-07 09:55:30',NULL,NULL,1,1),(241,241,2,1,'2024-11-07 09:55:30',NULL,NULL,1,1),(242,242,2,1,'2024-11-07 09:55:30',NULL,NULL,1,1),(243,243,2,1,'2024-11-07 09:55:30',NULL,NULL,1,1),(244,244,2,1,'2024-11-07 09:55:30',NULL,NULL,1,1),(245,245,2,1,'2024-11-07 09:55:30',NULL,NULL,1,1),(246,246,2,1,'2024-11-07 09:55:30',NULL,NULL,1,1),(247,247,2,1,'2024-11-07 09:55:30',NULL,NULL,1,1),(248,248,2,1,'2024-11-07 09:55:30',NULL,NULL,1,1),(249,249,2,1,'2024-11-07 09:55:30',NULL,NULL,1,1),(250,250,2,1,'2024-11-07 09:55:30',NULL,NULL,1,1),(251,251,2,1,'2024-11-07 09:55:30',NULL,NULL,1,1),(252,252,2,1,'2024-11-07 09:55:30',NULL,NULL,1,1),(253,253,2,1,'2024-11-07 09:55:30',NULL,NULL,1,1),(254,254,2,1,'2024-11-07 09:55:30',NULL,NULL,1,1),(255,255,2,1,'2024-11-07 09:55:30',NULL,NULL,1,1),(256,256,2,1,'2024-11-07 09:55:30',NULL,NULL,1,1),(257,257,2,1,'2024-11-07 09:55:30',NULL,NULL,1,1),(258,258,2,1,'2024-11-07 09:55:30',NULL,NULL,1,1),(259,259,2,1,'2024-11-07 09:55:30',NULL,NULL,1,1),(260,260,2,1,'2024-11-07 09:55:30',NULL,NULL,1,1),(261,261,2,1,'2024-11-07 09:55:30',NULL,NULL,1,1),(262,262,2,1,'2024-11-07 09:55:30',NULL,NULL,1,1),(263,263,2,1,'2024-11-07 09:55:30',NULL,NULL,1,1),(264,264,2,1,'2024-11-07 09:55:30',NULL,NULL,1,1),(265,265,2,1,'2024-11-07 09:55:30',NULL,NULL,1,1),(266,266,2,1,'2024-11-07 09:55:30',NULL,NULL,1,1),(267,267,2,1,'2024-11-07 09:55:30',NULL,NULL,1,1),(268,268,2,1,'2024-11-07 09:55:30',NULL,NULL,1,1),(269,269,2,1,'2024-11-07 09:55:30',NULL,NULL,1,1),(270,270,2,1,'2024-11-07 09:55:30',NULL,NULL,1,1),(271,271,2,1,'2024-11-07 09:55:30',NULL,NULL,1,1),(272,272,2,1,'2024-11-07 09:55:30',NULL,NULL,1,1),(273,273,2,1,'2024-11-07 09:55:30',NULL,NULL,1,1),(274,274,2,1,'2024-11-07 09:55:30',NULL,NULL,1,1),(275,275,2,1,'2024-11-07 09:55:30',NULL,NULL,1,1),(276,276,2,1,'2024-11-07 09:55:30',NULL,NULL,1,1),(277,277,2,1,'2024-11-07 09:55:30',NULL,NULL,1,1),(278,278,2,1,'2024-11-07 09:55:30',NULL,NULL,1,1),(279,279,2,1,'2024-11-07 09:55:30',NULL,NULL,1,1),(280,280,2,1,'2024-11-07 09:55:30',NULL,NULL,1,1),(281,281,2,1,'2024-11-07 09:55:30',NULL,NULL,1,1),(282,282,2,1,'2024-11-07 09:55:30',NULL,NULL,1,1),(283,283,2,1,'2024-11-07 09:55:30',NULL,NULL,1,1),(284,284,2,1,'2024-11-07 09:55:30',NULL,NULL,1,1),(285,285,2,1,'2024-11-07 09:55:30',NULL,NULL,1,1),(286,286,2,1,'2024-11-07 09:55:30',NULL,NULL,1,1),(287,287,2,1,'2024-11-07 09:55:30',NULL,NULL,1,1),(288,288,2,1,'2024-11-07 09:55:30',NULL,NULL,1,1),(289,289,2,1,'2024-11-07 09:55:30',NULL,NULL,1,1),(290,290,2,1,'2024-11-07 09:55:30',NULL,NULL,1,1),(291,291,2,1,'2024-11-07 09:55:30',NULL,NULL,1,1),(292,292,2,1,'2024-11-07 09:55:30',NULL,NULL,1,1),(293,293,2,1,'2024-11-07 09:55:30',NULL,NULL,1,1),(294,294,2,1,'2024-11-07 09:55:30',NULL,NULL,1,1),(295,295,2,1,'2024-11-07 09:55:30',NULL,NULL,1,1),(296,296,2,1,'2024-11-07 09:55:30',NULL,NULL,1,1),(297,297,2,1,'2024-11-07 09:55:30',NULL,NULL,1,1),(298,298,2,1,'2024-11-07 09:55:30',NULL,NULL,1,1),(299,299,2,1,'2024-11-07 09:55:30',NULL,NULL,1,1),(300,300,2,1,'2024-11-07 09:55:30',NULL,NULL,1,1),(301,301,2,1,'2024-11-07 09:55:30',NULL,NULL,1,1),(302,302,2,1,'2024-11-07 09:55:30',NULL,NULL,1,1),(303,303,2,1,'2024-11-07 09:55:30',NULL,NULL,1,1),(304,304,2,1,'2024-11-07 09:55:30',NULL,NULL,1,1),(305,305,2,1,'2024-11-07 09:55:30',NULL,NULL,1,1),(306,306,2,1,'2024-11-07 09:55:30',NULL,NULL,1,1),(307,307,2,1,'2024-11-07 09:55:30',NULL,NULL,1,1),(308,308,2,1,'2024-11-07 09:55:30',NULL,NULL,1,1),(309,309,2,1,'2024-11-07 09:55:30',NULL,NULL,1,1),(310,310,2,1,'2024-11-07 09:55:30',NULL,NULL,1,1),(311,311,2,1,'2024-11-07 09:55:30',NULL,NULL,1,1),(312,312,2,1,'2024-11-07 09:55:30',NULL,NULL,1,1),(313,313,2,1,'2024-11-07 09:55:30',NULL,NULL,1,1),(314,314,2,1,'2024-11-07 09:55:30',NULL,NULL,1,1),(315,315,2,1,'2024-11-07 09:55:30',NULL,NULL,1,1),(316,316,2,1,'2024-11-07 09:55:30',NULL,NULL,1,1),(317,317,2,1,'2024-11-07 09:55:30',NULL,NULL,1,1),(318,318,2,1,'2024-11-07 09:55:30',NULL,NULL,1,1),(319,319,2,1,'2024-11-07 09:55:30',NULL,NULL,1,1),(320,320,2,1,'2024-11-07 09:55:30',NULL,NULL,1,1),(321,321,2,1,'2024-11-07 09:55:30',NULL,NULL,1,1),(322,322,2,1,'2024-11-07 09:55:30',NULL,NULL,1,1),(323,323,2,1,'2024-11-07 09:55:30',NULL,NULL,1,1),(324,324,2,1,'2024-11-07 09:55:30',NULL,NULL,1,1),(325,325,2,1,'2024-11-07 09:55:30',NULL,NULL,1,1),(326,326,2,1,'2024-11-07 09:55:30',NULL,NULL,1,1),(327,327,2,1,'2024-11-07 09:55:30',NULL,NULL,1,1),(328,328,2,1,'2024-11-07 09:55:30',NULL,NULL,1,1),(329,329,2,1,'2024-11-07 09:55:30',NULL,NULL,1,1),(330,330,2,1,'2024-11-07 09:55:30',NULL,NULL,1,1),(331,331,2,1,'2024-11-07 09:55:30',NULL,NULL,1,1),(332,332,2,1,'2024-11-07 09:55:30',NULL,NULL,1,1),(333,333,2,1,'2024-11-07 09:55:30',NULL,NULL,1,1),(334,334,2,1,'2024-11-07 09:55:30',NULL,NULL,1,1),(335,335,2,1,'2024-11-07 09:55:30',NULL,NULL,1,1),(336,336,2,1,'2024-11-07 09:55:30',NULL,NULL,1,1),(337,337,2,1,'2024-11-07 09:55:30',NULL,NULL,1,1),(338,338,2,1,'2024-11-07 09:55:30',NULL,NULL,1,1),(339,339,2,1,'2024-11-07 09:55:30',NULL,NULL,1,1),(340,340,2,1,'2024-11-07 09:55:30',NULL,NULL,1,1),(341,341,2,1,'2024-11-07 09:55:30',NULL,NULL,1,1),(342,342,2,1,'2024-11-07 09:55:30',NULL,NULL,1,1),(343,343,2,1,'2024-11-07 09:55:30',NULL,NULL,1,1),(344,344,2,1,'2024-11-07 09:55:30',NULL,NULL,1,1),(345,345,2,1,'2024-11-07 09:55:30',NULL,NULL,1,1),(346,346,2,1,'2024-11-07 09:55:30',NULL,NULL,1,1),(347,347,2,1,'2024-11-07 09:55:30',NULL,NULL,1,1),(348,348,2,1,'2024-11-07 09:55:30',NULL,NULL,1,1),(349,349,2,1,'2024-11-07 09:55:30',NULL,NULL,1,1),(350,350,2,1,'2024-11-07 09:55:30',NULL,NULL,1,1),(351,351,2,1,'2024-11-07 09:55:30',NULL,NULL,1,1),(352,352,2,1,'2024-11-07 09:55:30',NULL,NULL,1,1),(353,353,2,1,'2024-11-07 09:55:30',NULL,NULL,1,1),(354,354,2,1,'2024-11-07 09:55:30',NULL,NULL,1,1),(355,355,2,1,'2024-11-07 09:55:30',NULL,NULL,1,1),(356,356,2,1,'2024-11-07 09:55:30',NULL,NULL,1,1),(357,357,2,1,'2024-11-07 09:55:30',NULL,NULL,1,1),(358,358,2,1,'2024-11-07 09:55:30',NULL,NULL,1,1),(359,359,2,1,'2024-11-07 09:55:30',NULL,NULL,1,1),(360,360,2,1,'2024-11-07 09:55:30',NULL,NULL,1,1),(361,361,2,1,'2024-11-07 09:55:30',NULL,NULL,1,1),(362,362,2,1,'2024-11-07 09:55:30',NULL,NULL,1,1),(363,363,2,1,'2024-11-07 09:55:30',NULL,NULL,1,1),(364,364,2,1,'2024-11-07 09:55:30',NULL,NULL,1,1),(365,365,2,1,'2024-11-07 09:55:30',NULL,NULL,1,1),(366,366,2,1,'2024-11-07 09:55:30',NULL,NULL,1,1),(367,367,2,1,'2024-11-07 09:55:30',NULL,NULL,1,1),(368,368,2,1,'2024-11-07 09:55:30',NULL,NULL,1,1),(369,369,2,1,'2024-11-07 09:55:30',NULL,NULL,1,1),(370,370,2,1,'2024-11-07 09:55:30',NULL,NULL,1,1),(371,371,2,1,'2024-11-07 09:55:30',NULL,NULL,1,1),(372,372,2,1,'2024-11-07 09:55:30',NULL,NULL,1,1),(373,373,2,1,'2024-11-07 09:55:30',NULL,NULL,1,1),(374,374,2,1,'2024-11-07 09:55:30',NULL,NULL,1,1),(375,375,2,1,'2024-11-07 09:55:30',NULL,NULL,1,1),(376,376,2,1,'2024-11-07 09:55:30',NULL,NULL,1,1),(377,377,2,1,'2024-11-07 09:55:30',NULL,NULL,1,1),(378,378,2,1,'2024-11-07 09:55:30',NULL,NULL,1,1),(379,379,2,1,'2024-11-07 09:55:30',NULL,NULL,1,1),(380,380,2,1,'2024-11-07 09:55:30',NULL,NULL,1,1),(381,381,2,1,'2024-11-07 09:55:30',NULL,NULL,1,1),(382,382,2,1,'2024-11-07 09:55:30',NULL,NULL,1,1),(383,383,2,1,'2024-11-07 09:55:30',NULL,NULL,1,1),(384,384,2,1,'2024-11-07 09:55:30',NULL,NULL,1,1),(385,385,2,1,'2024-11-07 09:55:30',NULL,NULL,1,1),(386,386,2,1,'2024-11-07 09:55:30',NULL,NULL,1,1),(387,387,2,1,'2024-11-07 09:55:30',NULL,NULL,1,1),(388,388,2,1,'2024-11-07 09:55:30',NULL,NULL,1,1),(389,389,2,1,'2024-11-07 09:55:30',NULL,NULL,1,1),(390,390,2,1,'2024-11-07 09:55:30',NULL,NULL,1,1),(391,391,2,1,'2024-11-07 09:55:30',NULL,NULL,1,1),(392,392,2,1,'2024-11-07 09:55:30',NULL,NULL,1,1),(393,393,2,1,'2024-11-07 09:55:30',NULL,NULL,1,1),(394,394,2,1,'2024-11-07 09:55:30',NULL,NULL,1,1),(395,395,2,1,'2024-11-07 09:55:30',NULL,NULL,1,1),(396,396,2,1,'2024-11-07 09:55:30',NULL,NULL,1,1),(397,397,2,1,'2024-11-07 09:55:30',NULL,NULL,1,1),(398,398,2,1,'2024-11-07 09:55:30',NULL,NULL,1,1),(399,399,2,1,'2024-11-07 09:55:30',NULL,NULL,1,1),(400,400,2,1,'2024-11-07 09:55:30',NULL,NULL,1,1),(401,401,2,1,'2024-11-07 09:55:30',NULL,NULL,1,1),(402,402,2,1,'2024-11-07 09:55:30',NULL,NULL,1,1),(403,403,2,1,'2024-11-07 09:55:30',NULL,NULL,1,1),(404,404,2,1,'2024-11-07 09:55:30',NULL,NULL,1,1),(405,405,2,1,'2024-11-07 09:55:30',NULL,NULL,1,1),(406,406,2,1,'2024-11-07 09:55:30',NULL,NULL,1,1),(407,407,2,1,'2024-11-07 09:55:30',NULL,NULL,1,1),(408,408,2,1,'2024-11-07 09:55:30',NULL,NULL,1,1),(409,409,2,1,'2024-11-07 09:55:30',NULL,NULL,1,1),(410,410,2,1,'2024-11-07 09:55:30',NULL,NULL,1,1),(411,411,2,1,'2024-11-07 09:55:30',NULL,NULL,1,1),(412,412,2,1,'2024-11-07 09:55:30',NULL,NULL,1,1),(413,413,2,1,'2024-11-07 09:55:30',NULL,NULL,1,1),(414,414,2,1,'2024-11-07 09:55:30',NULL,NULL,1,1),(415,415,2,1,'2024-11-07 09:55:30',NULL,NULL,1,1),(416,416,2,1,'2024-11-07 09:55:30',NULL,NULL,1,1),(417,417,2,1,'2024-11-07 09:55:30',NULL,NULL,1,1),(418,418,2,1,'2024-11-07 09:55:30',NULL,NULL,1,1),(419,419,2,1,'2024-11-07 09:55:30',NULL,NULL,1,1),(420,420,2,1,'2024-11-07 09:55:30',NULL,NULL,1,1),(421,421,2,1,'2024-11-07 09:55:30',NULL,NULL,1,1),(422,422,2,1,'2024-11-07 09:55:30',NULL,NULL,1,1),(423,423,2,1,'2024-11-07 09:55:30',NULL,NULL,1,1),(424,424,2,1,'2024-11-07 09:55:30',NULL,NULL,1,1),(425,425,2,1,'2024-11-07 09:55:30',NULL,NULL,1,1),(426,426,2,1,'2024-11-07 09:55:30',NULL,NULL,1,1),(427,427,2,1,'2024-11-07 09:55:30',NULL,NULL,1,1),(428,428,2,1,'2024-11-07 09:55:30',NULL,NULL,1,1),(429,429,2,1,'2024-11-07 09:55:30',NULL,NULL,1,1),(430,430,2,1,'2024-11-07 09:55:30',NULL,NULL,1,1),(431,431,2,1,'2024-11-07 09:55:30',NULL,NULL,1,1),(432,432,2,1,'2024-11-07 09:55:30',NULL,NULL,1,1),(433,433,2,1,'2024-11-07 09:55:30',NULL,NULL,1,1),(434,434,2,1,'2024-11-07 09:55:30',NULL,NULL,1,1),(435,435,2,1,'2024-11-07 09:55:30',NULL,NULL,1,1),(436,436,2,1,'2024-11-07 09:55:30',NULL,NULL,1,1),(437,437,2,1,'2024-11-07 09:55:30',NULL,NULL,1,1),(438,438,2,1,'2024-11-07 09:55:30',NULL,NULL,1,1),(439,439,2,1,'2024-11-07 09:55:30',NULL,NULL,1,1),(440,440,2,1,'2024-11-07 09:55:30',NULL,NULL,1,1),(441,441,2,1,'2024-11-07 09:55:30',NULL,NULL,1,1),(442,442,2,1,'2024-11-07 09:55:30',NULL,NULL,1,1),(443,443,2,1,'2024-11-07 09:55:30',NULL,NULL,1,1),(444,444,2,1,'2024-11-07 09:55:30',NULL,NULL,1,1),(445,445,2,1,'2024-11-07 09:55:30',NULL,NULL,1,1),(446,446,2,1,'2024-11-07 09:55:30',NULL,NULL,1,1),(447,447,2,1,'2024-11-07 09:55:30',NULL,NULL,1,1),(448,448,2,1,'2024-11-07 09:55:30',NULL,NULL,1,1),(449,449,2,1,'2024-11-07 09:55:30',NULL,NULL,1,1),(450,450,2,1,'2024-11-07 09:55:30',NULL,NULL,1,1),(451,451,2,1,'2024-11-07 09:55:30',NULL,NULL,1,1),(452,452,2,1,'2024-11-07 09:55:30',NULL,NULL,1,1),(453,453,2,1,'2024-11-07 09:55:30',NULL,NULL,1,1),(454,454,2,1,'2024-11-07 09:55:30',NULL,NULL,1,1),(455,455,2,1,'2024-11-07 09:55:30',NULL,NULL,1,1),(456,456,2,1,'2024-11-07 09:55:30',NULL,NULL,1,1),(457,457,2,1,'2024-11-07 09:55:30',NULL,NULL,1,1),(458,458,2,1,'2024-11-07 09:55:30',NULL,NULL,1,1),(459,459,2,1,'2024-11-07 09:55:30',NULL,NULL,1,1),(460,460,2,1,'2024-11-07 09:55:30',NULL,NULL,1,1),(461,461,2,1,'2024-11-07 09:55:30',NULL,NULL,1,1),(462,462,2,1,'2024-11-07 09:55:30',NULL,NULL,1,1),(463,463,2,1,'2024-11-07 09:55:30',NULL,NULL,1,1),(464,464,2,1,'2024-11-07 09:55:30',NULL,NULL,1,1),(465,465,2,1,'2024-11-07 09:55:30',NULL,NULL,1,1),(466,466,2,1,'2024-11-07 09:55:30',NULL,NULL,1,1),(467,467,2,1,'2024-11-07 09:55:30',NULL,NULL,1,1),(468,468,2,1,'2024-11-07 09:55:30',NULL,NULL,1,1),(469,469,2,1,'2024-11-07 09:55:30',NULL,NULL,1,1),(470,470,2,1,'2024-11-07 09:55:30',NULL,NULL,1,1),(471,471,2,1,'2024-11-07 09:55:30',NULL,NULL,1,1),(472,472,2,1,'2024-11-07 09:55:30',NULL,NULL,1,1),(473,473,2,1,'2024-11-07 09:55:30',NULL,NULL,1,1),(474,474,2,1,'2024-11-07 09:55:30',NULL,NULL,1,1),(475,475,2,1,'2024-11-07 09:55:30',NULL,NULL,1,1),(476,476,2,1,'2024-11-07 09:55:30',NULL,NULL,1,1),(477,477,2,1,'2024-11-07 09:55:30',NULL,NULL,1,1),(478,478,2,1,'2024-11-07 09:55:30',NULL,NULL,1,1),(479,479,2,1,'2024-11-07 09:55:30',NULL,NULL,1,1),(480,480,2,1,'2024-11-07 09:55:30',NULL,NULL,1,1),(481,481,2,1,'2024-11-07 09:55:30',NULL,NULL,1,1),(482,482,2,1,'2024-11-07 09:55:30',NULL,NULL,1,1),(483,483,2,1,'2024-11-07 09:55:30',NULL,NULL,1,1),(484,484,2,1,'2024-11-07 09:55:30',NULL,NULL,1,1),(485,485,2,1,'2024-11-07 09:55:30',NULL,NULL,1,1),(486,486,2,1,'2024-11-07 09:55:30',NULL,NULL,1,1),(487,487,2,1,'2024-11-07 09:55:30',NULL,NULL,1,1),(488,488,2,1,'2024-11-07 09:55:30',NULL,NULL,1,1),(489,489,2,1,'2024-11-07 09:55:30',NULL,NULL,1,1),(490,490,2,1,'2024-11-07 09:55:30',NULL,NULL,1,1),(491,491,2,1,'2024-11-07 09:55:30',NULL,NULL,1,1),(492,492,2,1,'2024-11-07 09:55:30',NULL,NULL,1,1),(493,493,2,1,'2024-11-07 09:55:30',NULL,NULL,1,1),(494,494,2,1,'2024-11-07 09:55:30',NULL,NULL,1,1),(495,495,2,1,'2024-11-07 09:55:30',NULL,NULL,1,1),(496,496,2,1,'2024-11-07 09:55:30',NULL,NULL,1,1),(497,497,2,1,'2024-11-07 09:55:30',NULL,NULL,1,1),(498,498,2,1,'2024-11-07 09:55:30',NULL,NULL,1,1),(499,499,2,1,'2024-11-07 09:55:30',NULL,NULL,1,1),(500,500,2,1,'2024-11-07 09:55:30',NULL,NULL,1,1),(501,501,2,1,'2024-11-07 09:55:30',NULL,NULL,1,1),(502,502,2,1,'2024-11-07 09:55:30',NULL,NULL,1,1),(503,503,2,1,'2024-11-07 09:55:30',NULL,NULL,1,1),(504,504,2,1,'2024-11-07 09:55:30',NULL,NULL,1,1),(505,505,2,1,'2024-11-07 09:55:30',NULL,NULL,1,1),(506,506,2,1,'2024-11-07 09:55:30',NULL,NULL,1,1),(507,507,2,1,'2024-11-07 09:55:30',NULL,NULL,1,1),(508,508,2,1,'2024-11-07 09:55:30',NULL,NULL,1,1),(509,509,2,1,'2024-11-07 09:55:30',NULL,NULL,1,1),(510,510,2,1,'2024-11-07 09:55:30',NULL,NULL,1,1),(511,511,2,1,'2024-11-07 09:55:30',NULL,NULL,1,1),(512,512,2,1,'2024-11-07 09:55:30',NULL,NULL,1,1),(513,513,2,1,'2024-11-07 09:55:30',NULL,NULL,1,1),(514,514,2,1,'2024-11-07 09:55:30',NULL,NULL,1,1),(515,515,2,1,'2024-11-07 09:55:30',NULL,NULL,1,1),(516,516,2,1,'2024-11-07 09:55:30',NULL,NULL,1,1),(517,517,2,1,'2024-11-07 09:55:30',NULL,NULL,1,1),(518,518,2,1,'2024-11-07 09:55:30',NULL,NULL,1,1),(519,519,2,1,'2024-11-07 09:55:30',NULL,NULL,1,1),(520,520,2,1,'2024-11-07 09:55:30',NULL,NULL,1,1),(521,521,2,1,'2024-11-07 09:55:30',NULL,NULL,1,1),(522,522,2,1,'2024-11-07 09:55:30',NULL,NULL,1,1),(523,523,2,1,'2024-11-07 09:55:30',NULL,NULL,1,1),(524,524,2,1,'2024-11-07 09:55:30',NULL,NULL,1,1),(525,525,2,1,'2024-11-07 09:55:30',NULL,NULL,1,1),(526,526,2,1,'2024-11-07 09:55:30',NULL,NULL,1,1),(527,527,2,1,'2024-11-07 09:55:30',NULL,NULL,1,1),(528,528,2,1,'2024-11-07 09:55:30',NULL,NULL,1,1),(529,529,2,1,'2024-11-07 09:55:30',NULL,NULL,1,1),(530,530,2,1,'2024-11-07 09:55:30',NULL,NULL,1,1),(531,531,2,1,'2024-11-07 09:55:30',NULL,NULL,1,1),(532,532,2,1,'2024-11-07 09:55:30',NULL,NULL,1,1),(533,533,2,1,'2024-11-07 09:55:30',NULL,NULL,1,1),(534,534,2,1,'2024-11-07 09:55:30',NULL,NULL,1,1),(535,535,2,1,'2024-11-07 09:55:30',NULL,NULL,1,1),(536,536,2,1,'2024-11-07 09:55:30',NULL,NULL,1,1),(537,537,2,1,'2024-11-07 09:55:30',NULL,NULL,1,1),(538,538,2,1,'2024-11-07 09:55:30',NULL,NULL,1,1),(539,539,2,1,'2024-11-07 09:55:30',NULL,NULL,1,1),(540,540,2,1,'2024-11-07 09:55:30',NULL,NULL,1,1),(541,541,2,1,'2024-11-07 09:55:30',NULL,NULL,1,1),(542,542,2,1,'2024-11-07 09:55:30',NULL,NULL,1,1),(543,543,2,1,'2024-11-07 09:55:30',NULL,NULL,1,1),(544,544,2,1,'2024-11-07 09:55:30',NULL,NULL,1,1),(545,545,2,1,'2024-11-07 09:55:30',NULL,NULL,1,1),(546,546,2,1,'2024-11-07 09:55:30',NULL,NULL,1,1),(547,547,2,1,'2024-11-07 09:55:30',NULL,NULL,1,1),(548,548,2,1,'2024-11-07 09:55:30',NULL,NULL,1,1),(549,549,2,1,'2024-11-07 09:55:30',NULL,NULL,1,1),(550,550,2,1,'2024-11-07 09:55:30',NULL,NULL,1,1),(551,551,2,1,'2024-11-07 09:55:30',NULL,NULL,1,1),(552,552,2,1,'2024-11-07 09:55:30',NULL,NULL,1,1),(553,553,2,1,'2024-11-07 09:55:30',NULL,NULL,1,1),(554,554,2,1,'2024-11-07 09:55:30',NULL,NULL,1,1),(555,555,2,1,'2024-11-07 09:55:30',NULL,NULL,1,1),(556,556,2,1,'2024-11-07 09:55:30',NULL,NULL,1,1),(557,557,2,1,'2024-11-07 09:55:30',NULL,NULL,1,1),(558,558,2,1,'2024-11-07 09:55:30',NULL,NULL,1,1),(559,559,2,1,'2024-11-07 09:55:30',NULL,NULL,1,1),(560,560,2,1,'2024-11-07 09:55:30',NULL,NULL,1,1),(561,561,2,1,'2024-11-07 09:55:30',NULL,NULL,1,1),(562,562,2,1,'2024-11-07 09:55:30',NULL,NULL,1,1),(563,563,2,1,'2024-11-07 09:55:30',NULL,NULL,1,1),(564,564,2,1,'2024-11-07 09:55:30',NULL,NULL,1,1),(565,565,2,1,'2024-11-07 09:55:30',NULL,NULL,1,1),(566,566,2,1,'2024-11-07 09:55:30',NULL,NULL,1,1),(567,567,2,1,'2024-11-07 09:55:30',NULL,NULL,1,1),(568,568,2,1,'2024-11-07 09:55:30',NULL,NULL,1,1),(569,569,2,1,'2024-11-07 09:55:30',NULL,NULL,1,1),(570,570,2,1,'2024-11-07 09:55:30',NULL,NULL,1,1),(571,571,2,1,'2024-11-07 09:55:30',NULL,NULL,1,1),(572,572,2,1,'2024-11-07 09:55:30',NULL,NULL,1,1),(573,573,2,1,'2024-11-07 09:55:30',NULL,NULL,1,1),(574,574,2,1,'2024-11-07 09:55:30',NULL,NULL,1,1),(575,575,2,1,'2024-11-07 09:55:30',NULL,NULL,1,1),(576,576,2,1,'2024-11-07 09:55:30',NULL,NULL,1,1),(577,577,2,1,'2024-11-07 09:55:30',NULL,NULL,1,1),(578,578,2,1,'2024-11-07 09:55:30',NULL,NULL,1,1),(579,579,2,1,'2024-11-07 09:55:30',NULL,NULL,1,1),(580,580,2,1,'2024-11-07 09:55:30',NULL,NULL,1,1),(581,581,2,1,'2024-11-07 09:55:30',NULL,NULL,1,1),(582,582,2,1,'2024-11-07 09:55:30',NULL,NULL,1,1),(583,583,2,1,'2024-11-07 09:55:30',NULL,NULL,1,1),(584,584,2,1,'2024-11-07 09:55:30',NULL,NULL,1,1),(585,585,2,1,'2024-11-07 09:55:30',NULL,NULL,1,1),(586,586,2,1,'2024-11-07 09:55:30',NULL,NULL,1,1),(587,587,2,1,'2024-11-07 09:55:30',NULL,NULL,1,1),(588,588,2,1,'2024-11-07 09:55:30',NULL,NULL,1,1),(589,589,2,1,'2024-11-07 09:55:30',NULL,NULL,1,1),(590,590,2,1,'2024-11-07 09:55:30',NULL,NULL,1,1),(591,591,2,1,'2024-11-07 09:55:30',NULL,NULL,1,1),(592,592,2,1,'2024-11-07 09:55:30',NULL,NULL,1,1),(593,593,2,1,'2024-11-07 09:55:30',NULL,NULL,1,1),(594,594,2,1,'2024-11-07 09:55:30',NULL,NULL,1,1),(595,595,2,1,'2024-11-07 09:55:30',NULL,NULL,1,1),(596,596,2,1,'2024-11-07 09:55:30',NULL,NULL,1,1),(597,597,2,1,'2024-11-07 09:55:30',NULL,NULL,1,1),(598,598,2,1,'2024-11-07 09:55:30',NULL,NULL,1,1),(599,599,2,1,'2024-11-07 09:55:30',NULL,NULL,1,1),(600,600,2,1,'2024-11-07 09:55:30',NULL,NULL,1,1),(601,601,2,1,'2024-11-07 09:55:30',NULL,NULL,1,1),(602,602,2,1,'2024-11-07 09:55:30',NULL,NULL,1,1),(603,603,2,1,'2024-11-07 09:55:30',NULL,NULL,1,1),(604,604,2,1,'2024-11-07 09:55:30',NULL,NULL,1,1),(605,605,2,1,'2024-11-07 09:55:30',NULL,NULL,1,1),(606,606,2,1,'2024-11-07 09:55:30',NULL,NULL,1,1),(607,607,2,1,'2024-11-07 09:55:30',NULL,NULL,1,1),(608,608,2,1,'2024-11-07 09:55:30',NULL,NULL,1,1),(609,609,2,1,'2024-11-07 09:55:30',NULL,NULL,1,1),(610,610,2,1,'2024-11-07 09:55:30',NULL,NULL,1,1),(611,611,2,1,'2024-11-07 09:55:30',NULL,NULL,1,1),(612,612,2,1,'2024-11-07 09:55:30',NULL,NULL,1,1),(613,613,2,1,'2024-11-07 09:55:30',NULL,NULL,1,1),(614,614,2,1,'2024-11-07 09:55:30',NULL,NULL,1,1),(615,615,2,1,'2024-11-07 09:55:30',NULL,NULL,1,1),(616,616,2,1,'2024-11-07 09:55:30',NULL,NULL,1,1),(617,617,2,1,'2024-11-07 09:55:30',NULL,NULL,1,1),(618,618,2,1,'2024-11-07 09:55:30',NULL,NULL,1,1),(619,619,2,1,'2024-11-07 09:55:30',NULL,NULL,1,1),(620,620,2,1,'2024-11-07 09:55:30',NULL,NULL,1,1),(621,621,2,1,'2024-11-07 09:55:30',NULL,NULL,1,1),(622,622,2,1,'2024-11-07 09:55:30',NULL,NULL,1,1),(623,623,2,1,'2024-11-07 09:55:30',NULL,NULL,1,1),(624,624,2,1,'2024-11-07 09:55:30',NULL,NULL,1,1),(625,625,2,1,'2024-11-07 09:55:30',NULL,NULL,1,1),(626,626,2,1,'2024-11-07 09:55:30',NULL,NULL,1,1),(627,627,2,1,'2024-11-07 09:55:30',NULL,NULL,1,1),(628,628,2,1,'2024-11-07 09:55:30',NULL,NULL,1,1),(629,629,2,1,'2024-11-07 09:55:30',NULL,NULL,1,1),(630,630,2,1,'2024-11-07 09:55:30',NULL,NULL,1,1),(631,631,2,1,'2024-11-07 09:55:30',NULL,NULL,1,1),(632,632,2,1,'2024-11-07 09:55:30',NULL,NULL,1,1),(633,633,2,1,'2024-11-07 09:55:30',NULL,NULL,1,1),(634,634,2,1,'2024-11-07 09:55:30',NULL,NULL,1,1),(635,635,2,1,'2024-11-07 09:55:30',NULL,NULL,1,1),(636,636,2,1,'2024-11-07 09:55:30',NULL,NULL,1,1),(637,637,2,1,'2024-11-07 09:55:30',NULL,NULL,1,1),(638,638,2,1,'2024-11-07 09:55:30',NULL,NULL,1,1),(639,639,2,1,'2024-11-07 09:55:30',NULL,NULL,1,1),(640,640,2,1,'2024-11-07 09:55:30',NULL,NULL,1,1),(641,641,2,1,'2024-11-07 09:55:30',NULL,NULL,1,1),(642,642,2,1,'2024-11-07 09:55:30',NULL,NULL,1,1),(643,643,2,1,'2024-11-07 09:55:30',NULL,NULL,1,1),(644,644,2,1,'2024-11-07 09:55:30',NULL,NULL,1,1),(645,645,2,1,'2024-11-07 09:55:30',NULL,NULL,1,1),(646,646,2,1,'2024-11-07 09:55:30',NULL,NULL,1,1),(647,647,2,1,'2024-11-07 09:55:30',NULL,NULL,1,1),(648,648,2,1,'2024-11-07 09:55:30',NULL,NULL,1,1),(649,649,2,1,'2024-11-07 09:55:30',NULL,NULL,1,1),(650,650,2,1,'2024-11-07 09:55:30',NULL,NULL,1,1),(651,651,2,1,'2024-11-07 09:55:30',NULL,NULL,1,1),(652,652,2,1,'2024-11-07 09:55:30',NULL,NULL,1,1),(653,653,2,1,'2024-11-07 09:55:30',NULL,NULL,1,1),(654,654,2,1,'2024-11-07 09:55:30',NULL,NULL,1,1),(655,655,2,1,'2024-11-07 09:55:30',NULL,NULL,1,1),(656,656,2,1,'2024-11-07 09:55:30',NULL,NULL,1,1),(657,657,2,1,'2024-11-07 09:55:30',NULL,NULL,1,1),(658,658,2,1,'2024-11-07 09:55:30',NULL,NULL,1,1),(659,659,2,1,'2024-11-07 09:55:30',NULL,NULL,1,1),(660,660,2,1,'2024-11-07 09:55:30',NULL,NULL,1,1),(661,661,2,1,'2024-11-07 09:55:30',NULL,NULL,1,1),(662,662,2,1,'2024-11-07 09:55:30',NULL,NULL,1,1),(663,663,2,1,'2024-11-07 09:55:30',NULL,NULL,1,1),(664,664,2,1,'2024-11-07 09:55:30',NULL,NULL,1,1),(665,665,2,1,'2024-11-07 09:55:30',NULL,NULL,1,1),(666,666,2,1,'2024-11-07 09:55:30',NULL,NULL,1,1),(667,667,2,1,'2024-11-07 09:55:30',NULL,NULL,1,1),(668,668,2,1,'2024-11-07 09:55:30',NULL,NULL,1,1),(669,669,2,1,'2024-11-07 09:55:30',NULL,NULL,1,1),(670,670,2,1,'2024-11-07 09:55:30',NULL,NULL,1,1),(671,671,2,1,'2024-11-07 09:55:30',NULL,NULL,1,1),(672,672,2,1,'2024-11-07 09:55:30',NULL,NULL,1,1),(673,673,2,1,'2024-11-07 09:55:30',NULL,NULL,1,1),(674,674,2,1,'2024-11-07 09:55:30',NULL,NULL,1,1),(675,675,2,1,'2024-11-07 09:55:30',NULL,NULL,1,1),(676,676,2,1,'2024-11-07 09:55:30',NULL,NULL,1,1),(677,677,2,1,'2024-11-07 09:55:30',NULL,NULL,1,1),(678,678,2,1,'2024-11-07 09:55:30',NULL,NULL,1,1),(679,679,2,1,'2024-11-07 09:55:30',NULL,NULL,1,1),(680,680,2,1,'2024-11-07 09:55:30',NULL,NULL,1,1),(681,681,2,1,'2024-11-07 09:55:30',NULL,NULL,1,1),(682,682,2,1,'2024-11-07 09:55:30',NULL,NULL,1,1),(683,683,2,1,'2024-11-07 09:55:30',NULL,NULL,1,1),(684,684,2,1,'2024-11-07 09:55:30',NULL,NULL,1,1),(685,685,2,1,'2024-11-07 09:55:30',NULL,NULL,1,1),(686,686,2,1,'2024-11-07 09:55:30',NULL,NULL,1,1),(687,687,2,1,'2024-11-07 09:55:30',NULL,NULL,1,1),(688,688,2,1,'2024-11-07 09:55:30',NULL,NULL,1,1),(689,689,2,1,'2024-11-07 09:55:30',NULL,NULL,1,1),(690,690,2,1,'2024-11-07 09:55:30',NULL,NULL,1,1),(691,691,2,1,'2024-11-07 09:55:30',NULL,NULL,1,1),(692,692,2,1,'2024-11-07 09:55:30',NULL,NULL,1,1),(693,693,2,1,'2024-11-07 09:55:30',NULL,NULL,1,1),(694,694,2,1,'2024-11-07 09:55:30',NULL,NULL,1,1),(695,695,2,1,'2024-11-07 09:55:30',NULL,NULL,1,1),(696,696,2,1,'2024-11-07 09:55:30',NULL,NULL,1,1),(697,697,2,1,'2024-11-07 09:55:30',NULL,NULL,1,1),(698,698,2,1,'2024-11-07 09:55:30',NULL,NULL,1,1),(699,699,2,1,'2024-11-07 09:55:30',NULL,NULL,1,1),(700,700,2,1,'2024-11-07 09:55:30',NULL,NULL,1,1),(701,701,2,1,'2024-11-07 09:55:30',NULL,NULL,1,1),(702,702,2,1,'2024-11-07 09:55:30',NULL,NULL,1,1),(703,703,2,1,'2024-11-07 09:55:30',NULL,NULL,1,1),(704,704,2,1,'2024-11-07 09:55:30',NULL,NULL,1,1),(705,705,2,1,'2024-11-07 09:55:30',NULL,NULL,1,1),(706,706,2,1,'2024-11-07 09:55:30',NULL,NULL,1,1),(707,707,2,1,'2024-11-07 09:55:30',NULL,NULL,1,1),(708,708,2,1,'2024-11-07 09:55:30',NULL,NULL,1,1),(709,709,2,1,'2024-11-07 09:55:30',NULL,NULL,1,1),(710,710,2,1,'2024-11-07 09:55:30',NULL,NULL,1,1),(711,711,2,1,'2024-11-07 09:55:30',NULL,NULL,1,1),(712,712,2,1,'2024-11-07 09:55:30',NULL,NULL,1,1),(713,713,2,1,'2024-11-07 09:55:30',NULL,NULL,1,1),(714,714,2,1,'2024-11-07 09:55:30',NULL,NULL,1,1),(715,715,2,1,'2024-11-07 09:55:30',NULL,NULL,1,1),(716,716,2,1,'2024-11-07 09:55:30',NULL,NULL,1,1),(717,717,2,1,'2024-11-07 09:55:30',NULL,NULL,1,1),(718,718,2,1,'2024-11-07 09:55:30',NULL,NULL,1,1),(719,719,2,1,'2024-11-07 09:55:30',NULL,NULL,1,1),(720,720,2,1,'2024-11-07 09:55:30',NULL,NULL,1,1),(721,721,2,1,'2024-11-07 09:55:30',NULL,NULL,1,1),(722,722,2,1,'2024-11-07 09:55:30',NULL,NULL,1,1),(723,723,2,1,'2024-11-07 09:55:30',NULL,NULL,1,1),(724,724,2,1,'2024-11-07 09:55:30',NULL,NULL,1,1),(725,725,2,1,'2024-11-07 09:55:30',NULL,NULL,1,1),(726,726,2,1,'2024-11-07 09:55:30',NULL,NULL,1,1),(727,727,2,1,'2024-11-07 09:55:30',NULL,NULL,1,1),(728,728,2,1,'2024-11-07 09:55:30',NULL,NULL,1,1),(729,729,2,1,'2024-11-07 09:55:30',NULL,NULL,1,1),(730,730,2,1,'2024-11-07 09:55:30',NULL,NULL,1,1),(731,731,2,1,'2024-11-07 09:55:30',NULL,NULL,1,1),(732,732,2,1,'2024-11-07 09:55:30',NULL,NULL,1,1),(733,733,2,1,'2024-11-07 09:55:30',NULL,NULL,1,1),(734,734,2,1,'2024-11-07 09:55:30',NULL,NULL,1,1),(735,735,2,1,'2024-11-07 09:55:30',NULL,NULL,1,1),(736,736,2,1,'2024-11-07 09:55:30',NULL,NULL,1,1),(737,737,2,1,'2024-11-07 09:55:30',NULL,NULL,1,1),(738,738,2,1,'2024-11-07 09:55:30',NULL,NULL,1,1),(739,739,2,1,'2024-11-07 09:55:30',NULL,NULL,1,1),(740,740,2,1,'2024-11-07 09:55:30',NULL,NULL,1,1),(741,741,2,1,'2024-11-07 09:55:30',NULL,NULL,1,1),(742,742,2,1,'2024-11-07 09:55:30',NULL,NULL,1,1),(743,743,2,1,'2024-11-07 09:55:30',NULL,NULL,1,1),(744,744,2,1,'2024-11-07 09:55:30',NULL,NULL,1,1),(745,745,2,1,'2024-11-07 09:55:30',NULL,NULL,1,1),(746,746,2,1,'2024-11-07 09:55:30',NULL,NULL,1,1),(747,747,2,1,'2024-11-07 09:55:30',NULL,NULL,1,1),(748,748,2,1,'2024-11-07 09:55:30',NULL,NULL,1,1),(749,749,2,1,'2024-11-07 09:55:30',NULL,NULL,1,1),(750,750,2,1,'2024-11-07 09:55:30',NULL,NULL,1,1),(751,751,2,1,'2024-11-07 09:55:30',NULL,NULL,1,1),(752,752,2,1,'2024-11-07 09:55:30',NULL,NULL,1,1),(753,753,2,1,'2024-11-07 09:55:30',NULL,NULL,1,1),(754,754,2,1,'2024-11-07 09:55:30',NULL,NULL,1,1),(755,755,2,1,'2024-11-07 09:55:30',NULL,NULL,1,1),(756,756,2,1,'2024-11-07 09:55:30',NULL,NULL,1,1),(757,757,2,1,'2024-11-07 09:55:30',NULL,NULL,1,1),(758,758,2,1,'2024-11-07 09:55:30',NULL,NULL,1,1),(759,759,2,1,'2024-11-07 09:55:30',NULL,NULL,1,1),(760,760,2,1,'2024-11-07 09:55:30',NULL,NULL,1,1),(761,761,2,1,'2024-11-07 09:55:30',NULL,NULL,1,1),(762,762,2,1,'2024-11-07 09:55:30',NULL,NULL,1,1),(763,763,2,1,'2024-11-07 09:55:30',NULL,NULL,1,1),(764,764,2,1,'2024-11-07 09:55:30',NULL,NULL,1,1),(765,765,2,1,'2024-11-07 09:55:30',NULL,NULL,1,1),(766,766,2,1,'2024-11-07 09:55:30',NULL,NULL,1,1),(767,767,2,1,'2024-11-07 09:55:30',NULL,NULL,1,1),(768,768,2,1,'2024-11-07 09:55:30',NULL,NULL,1,1),(769,769,2,1,'2024-11-07 09:55:30',NULL,NULL,1,1),(770,770,2,1,'2024-11-07 09:55:30',NULL,NULL,1,1),(771,771,2,1,'2024-11-07 09:55:30',NULL,NULL,1,1),(772,772,2,1,'2024-11-07 09:55:30',NULL,NULL,1,1),(773,773,2,1,'2024-11-07 09:55:30',NULL,NULL,1,1),(774,774,2,1,'2024-11-07 09:55:30',NULL,NULL,1,1),(775,775,2,1,'2024-11-07 09:55:30',NULL,NULL,1,1),(776,776,2,1,'2024-11-07 09:55:30',NULL,NULL,1,1),(777,777,2,1,'2024-11-07 09:55:30',NULL,NULL,1,1),(778,778,2,1,'2024-11-07 09:55:30',NULL,NULL,1,1),(779,779,2,1,'2024-11-07 09:55:30',NULL,NULL,1,1),(780,780,2,1,'2024-11-07 09:55:30',NULL,NULL,1,1),(781,781,2,1,'2024-11-07 09:55:30',NULL,NULL,1,1),(782,782,2,1,'2024-11-07 09:55:30',NULL,NULL,1,1),(783,783,2,1,'2024-11-07 09:55:30',NULL,NULL,1,1),(784,784,2,1,'2024-11-07 09:55:30',NULL,NULL,1,1),(785,785,2,1,'2024-11-07 09:55:30',NULL,NULL,1,1),(786,786,2,1,'2024-11-07 09:55:30',NULL,NULL,1,1),(787,787,2,1,'2024-11-07 09:55:30',NULL,NULL,1,1),(788,788,2,1,'2024-11-07 09:55:30',NULL,NULL,1,1),(789,789,2,1,'2024-11-07 09:55:30',NULL,NULL,1,1),(790,790,2,1,'2024-11-07 09:55:30',NULL,NULL,1,1),(791,791,2,1,'2024-11-07 09:55:30',NULL,NULL,1,1),(792,792,2,1,'2024-11-07 09:55:30',NULL,NULL,1,1),(793,793,2,1,'2024-11-07 09:55:30',NULL,NULL,1,1),(794,794,2,1,'2024-11-07 09:55:30',NULL,NULL,1,1),(795,795,2,1,'2024-11-07 09:55:30',NULL,NULL,1,1),(796,796,2,1,'2024-11-07 09:55:30',NULL,NULL,1,1),(797,797,2,1,'2024-11-07 09:55:30',NULL,NULL,1,1),(798,798,2,1,'2024-11-07 09:55:30',NULL,NULL,1,1),(799,799,2,1,'2024-11-07 09:55:30',NULL,NULL,1,1),(800,800,2,1,'2024-11-07 09:55:30',NULL,NULL,1,1),(801,801,2,1,'2024-11-07 09:55:30',NULL,NULL,1,1),(802,802,2,1,'2024-11-07 09:55:30',NULL,NULL,1,1),(803,803,2,1,'2024-11-07 09:55:30',NULL,NULL,1,1),(804,804,2,1,'2024-11-07 09:55:30',NULL,NULL,1,1),(805,805,2,1,'2024-11-07 09:55:30',NULL,NULL,1,1),(806,806,2,1,'2024-11-07 09:55:30',NULL,NULL,1,1),(807,807,2,1,'2024-11-07 09:55:30',NULL,NULL,1,1),(808,808,2,1,'2024-11-07 09:55:30',NULL,NULL,1,1),(809,809,2,1,'2024-11-07 09:55:30',NULL,NULL,1,1),(810,810,2,1,'2024-11-07 09:55:30',NULL,NULL,1,1),(811,811,2,1,'2024-11-07 09:55:30',NULL,NULL,1,1),(812,812,2,1,'2024-11-07 09:55:30',NULL,NULL,1,1),(813,813,2,1,'2024-11-07 09:55:30',NULL,NULL,1,1),(814,814,2,1,'2024-11-07 09:55:30',NULL,NULL,1,1),(815,815,2,1,'2024-11-07 09:55:30',NULL,NULL,1,1),(816,816,2,1,'2024-11-07 09:55:30',NULL,NULL,1,1),(817,817,2,1,'2024-11-07 09:55:30',NULL,NULL,1,1),(818,818,2,1,'2024-11-07 09:55:30',NULL,NULL,1,1),(819,819,2,1,'2024-11-07 09:55:30',NULL,NULL,1,1),(820,820,2,1,'2024-11-07 09:55:30',NULL,NULL,1,1),(821,821,2,1,'2024-11-07 09:55:30',NULL,NULL,1,1),(822,822,2,1,'2024-11-07 09:55:30',NULL,NULL,1,1),(823,823,2,1,'2024-11-07 09:55:30',NULL,NULL,1,1),(824,824,2,1,'2024-11-07 09:55:30',NULL,NULL,1,1),(825,825,2,1,'2024-11-07 09:55:30',NULL,NULL,1,1),(826,826,2,1,'2024-11-07 09:55:30',NULL,NULL,1,1),(827,827,2,1,'2024-11-07 09:55:30',NULL,NULL,1,1),(828,828,2,1,'2024-11-07 09:55:30',NULL,NULL,1,1),(829,829,2,1,'2024-11-07 09:55:30',NULL,NULL,1,1),(830,830,2,1,'2024-11-07 09:55:30',NULL,NULL,1,1),(831,831,2,1,'2024-11-07 09:55:30',NULL,NULL,1,1),(832,832,2,1,'2024-11-07 09:55:30',NULL,NULL,1,1),(833,833,2,1,'2024-11-07 09:55:30',NULL,NULL,1,1),(834,834,2,1,'2024-11-07 09:55:30',NULL,NULL,1,1),(835,835,2,1,'2024-11-07 09:55:30',NULL,NULL,1,1),(836,836,2,1,'2024-11-07 09:55:30',NULL,NULL,1,1),(837,837,2,1,'2024-11-07 09:55:30',NULL,NULL,1,1),(838,838,2,1,'2024-11-07 09:55:30',NULL,NULL,1,1),(839,839,2,1,'2024-11-07 09:55:30',NULL,NULL,1,1),(840,840,2,1,'2024-11-07 09:55:30',NULL,NULL,1,1),(841,841,2,1,'2024-11-07 09:55:30',NULL,NULL,1,1),(842,842,2,1,'2024-11-07 09:55:30',NULL,NULL,1,1),(843,843,2,1,'2024-11-07 09:55:30',NULL,NULL,1,1),(844,844,2,1,'2024-11-07 09:55:30',NULL,NULL,1,1),(845,845,2,1,'2024-11-07 09:55:30',NULL,NULL,1,1),(846,846,2,1,'2024-11-07 09:55:30',NULL,NULL,1,1),(847,847,2,1,'2024-11-07 09:55:30',NULL,NULL,1,1),(848,848,2,1,'2024-11-07 09:55:30',NULL,NULL,1,1),(849,849,2,1,'2024-11-07 09:55:30',NULL,NULL,1,1),(850,850,2,1,'2024-11-07 09:55:30',NULL,NULL,1,1),(851,851,2,1,'2024-11-07 09:55:30',NULL,NULL,1,1),(852,852,2,1,'2024-11-07 09:55:30',NULL,NULL,1,1),(853,853,2,1,'2024-11-07 09:55:30',NULL,NULL,1,1),(854,854,2,1,'2024-11-07 09:55:30',NULL,NULL,1,1),(855,855,2,1,'2024-11-07 09:55:30',NULL,NULL,1,1),(856,856,2,1,'2024-11-07 09:55:30',NULL,NULL,1,1),(857,857,2,1,'2024-11-07 09:55:30',NULL,NULL,1,1),(858,858,2,1,'2024-11-07 09:55:30',NULL,NULL,1,1),(859,859,2,1,'2024-11-07 09:55:30',NULL,NULL,1,1),(860,860,2,1,'2024-11-07 09:55:30',NULL,NULL,1,1),(861,861,2,1,'2024-11-07 09:55:30',NULL,NULL,1,1),(862,862,2,1,'2024-11-07 09:55:30',NULL,NULL,1,1),(863,863,2,1,'2024-11-07 09:55:30',NULL,NULL,1,1),(864,864,2,1,'2024-11-07 09:55:30',NULL,NULL,1,1),(865,865,2,1,'2024-11-07 09:55:30',NULL,NULL,1,1),(866,866,2,1,'2024-11-07 09:55:30',NULL,NULL,1,1),(867,867,2,1,'2024-11-07 09:55:30',NULL,NULL,1,1),(868,868,2,1,'2024-11-07 09:55:30',NULL,NULL,1,1),(869,869,2,1,'2024-11-07 09:55:30',NULL,NULL,1,1),(870,870,2,1,'2024-11-07 09:55:30',NULL,NULL,1,1),(871,871,2,1,'2024-11-07 09:55:30',NULL,NULL,1,1),(872,872,2,1,'2024-11-07 09:55:30',NULL,NULL,1,1),(873,873,2,1,'2024-11-07 09:55:30',NULL,NULL,1,1),(874,874,2,1,'2024-11-07 09:55:30',NULL,NULL,1,1),(875,875,2,1,'2024-11-07 09:55:30',NULL,NULL,1,1),(876,876,2,1,'2024-11-07 09:55:30',NULL,NULL,1,1),(877,877,2,1,'2024-11-07 09:55:30',NULL,NULL,1,1),(878,878,2,1,'2024-11-07 09:55:30',NULL,NULL,1,1),(879,879,2,1,'2024-11-07 09:55:30',NULL,NULL,1,1),(880,880,2,1,'2024-11-07 09:55:30',NULL,NULL,1,1),(881,881,2,1,'2024-11-07 09:55:30',NULL,NULL,1,1),(882,882,2,1,'2024-11-07 09:55:30',NULL,NULL,1,1),(883,883,2,1,'2024-11-07 09:55:30',NULL,NULL,1,1),(884,884,2,1,'2024-11-07 09:55:30',NULL,NULL,1,1),(885,885,2,1,'2024-11-07 09:55:30',NULL,NULL,1,1),(886,886,2,1,'2024-11-07 09:55:30',NULL,NULL,1,1),(887,887,2,1,'2024-11-07 09:55:30',NULL,NULL,1,1),(888,888,2,1,'2024-11-07 09:55:30',NULL,NULL,1,1),(889,889,2,1,'2024-11-07 09:55:30',NULL,NULL,1,1),(890,890,2,1,'2024-11-07 09:55:30',NULL,NULL,1,1),(891,891,2,1,'2024-11-07 09:55:30',NULL,NULL,1,1),(892,892,2,1,'2024-11-07 09:55:30',NULL,NULL,1,1),(893,893,2,1,'2024-11-07 09:55:30',NULL,NULL,1,1),(894,894,2,1,'2024-11-07 09:55:30',NULL,NULL,1,1),(895,895,2,1,'2024-11-07 09:55:30',NULL,NULL,1,1),(896,896,2,1,'2024-11-07 09:55:30',NULL,NULL,1,1),(897,897,2,1,'2024-11-07 09:55:30',NULL,NULL,1,1),(898,898,2,1,'2024-11-07 09:55:30',NULL,NULL,1,1),(899,899,2,1,'2024-11-07 09:55:30',NULL,NULL,1,1),(900,900,2,1,'2024-11-07 09:55:30',NULL,NULL,1,1),(901,901,2,1,'2024-11-07 09:55:30',NULL,NULL,1,1),(902,902,2,1,'2024-11-07 09:55:30',NULL,NULL,1,1),(903,903,2,1,'2024-11-07 09:55:30',NULL,NULL,1,1),(904,904,2,1,'2024-11-07 09:55:30',NULL,NULL,1,1),(905,905,2,1,'2024-11-07 09:55:30',NULL,NULL,1,1),(906,906,2,1,'2024-11-07 09:55:30',NULL,NULL,1,1),(907,907,2,1,'2024-11-07 09:55:30',NULL,NULL,1,1),(908,908,2,1,'2024-11-07 09:55:30',NULL,NULL,1,1),(909,909,2,1,'2024-11-07 09:55:30',NULL,NULL,1,1),(910,910,2,1,'2024-11-07 09:55:30',NULL,NULL,1,1),(911,911,2,1,'2024-11-07 09:55:30',NULL,NULL,1,1),(912,912,2,1,'2024-11-07 09:55:30',NULL,NULL,1,1),(913,913,2,1,'2024-11-07 09:55:30',NULL,NULL,1,1),(914,914,2,1,'2024-11-07 09:55:30',NULL,NULL,1,1),(915,915,2,1,'2024-11-07 09:55:30',NULL,NULL,1,1),(916,916,2,1,'2024-11-07 09:55:30',NULL,NULL,1,1),(917,917,2,1,'2024-11-07 09:55:30',NULL,NULL,1,1),(918,918,2,1,'2024-11-07 09:55:30',NULL,NULL,1,1),(919,919,2,1,'2024-11-07 09:55:30',NULL,NULL,1,1),(920,920,2,1,'2024-11-07 09:55:30',NULL,NULL,1,1),(921,921,2,1,'2024-11-07 09:55:30',NULL,NULL,1,1),(922,922,2,1,'2024-11-07 09:55:30',NULL,NULL,1,1),(923,923,2,1,'2024-11-07 09:55:30',NULL,NULL,1,1),(924,924,2,1,'2024-11-07 09:55:30',NULL,NULL,1,1),(925,925,2,1,'2024-11-07 09:55:30',NULL,NULL,1,1),(926,926,2,1,'2024-11-07 09:55:30',NULL,NULL,1,1),(927,927,2,1,'2024-11-07 09:55:30',NULL,NULL,1,1),(928,928,2,1,'2024-11-07 09:55:30',NULL,NULL,1,1),(929,929,2,1,'2024-11-07 09:55:30',NULL,NULL,1,1),(930,930,2,1,'2024-11-07 09:55:30',NULL,NULL,1,1),(931,931,2,1,'2024-11-07 09:55:30',NULL,NULL,1,1),(932,932,2,1,'2024-11-07 09:55:30',NULL,NULL,1,1),(933,933,2,1,'2024-11-07 09:55:30',NULL,NULL,1,1),(934,934,2,1,'2024-11-07 09:55:30',NULL,NULL,1,1),(935,935,2,1,'2024-11-07 09:55:30',NULL,NULL,1,1),(936,936,2,1,'2024-11-07 09:55:30',NULL,NULL,1,1),(937,937,2,1,'2024-11-07 09:55:30',NULL,NULL,1,1),(938,938,2,1,'2024-11-07 09:55:30',NULL,NULL,1,1),(939,939,2,1,'2024-11-07 09:55:30',NULL,NULL,1,1),(940,940,2,1,'2024-11-07 09:55:30',NULL,NULL,1,1),(941,941,2,1,'2024-11-07 09:55:30',NULL,NULL,1,1),(942,942,2,1,'2024-11-07 09:55:30',NULL,NULL,1,1),(943,943,2,1,'2024-11-07 09:55:30',NULL,NULL,1,1),(944,944,2,1,'2024-11-07 09:55:30',NULL,NULL,1,1),(945,945,2,1,'2024-11-07 09:55:30',NULL,NULL,1,1),(946,946,2,1,'2024-11-07 09:55:30',NULL,NULL,1,1),(947,947,2,1,'2024-11-07 09:55:30',NULL,NULL,1,1),(948,948,2,1,'2024-11-07 09:55:30',NULL,NULL,1,1),(949,949,2,1,'2024-11-07 09:55:30',NULL,NULL,1,1),(950,950,2,1,'2024-11-07 09:55:30',NULL,NULL,1,1),(951,951,2,1,'2024-11-07 09:55:30',NULL,NULL,1,1),(952,952,2,1,'2024-11-07 09:55:30',NULL,NULL,1,1),(953,953,2,1,'2024-11-07 09:55:30',NULL,NULL,1,1),(954,954,2,1,'2024-11-07 09:55:30',NULL,NULL,1,1),(955,955,2,1,'2024-11-07 09:55:30',NULL,NULL,1,1),(956,956,2,1,'2024-11-07 09:55:30',NULL,NULL,1,1),(957,957,2,1,'2024-11-07 09:55:30',NULL,NULL,1,1),(958,958,2,1,'2024-11-07 09:55:30',NULL,NULL,1,1),(959,959,2,1,'2024-11-07 09:55:30',NULL,NULL,1,1),(960,960,2,1,'2024-11-07 09:55:30',NULL,NULL,1,1),(961,961,2,1,'2024-11-07 09:55:30',NULL,NULL,1,1),(962,962,2,1,'2024-11-07 09:55:30',NULL,NULL,1,1),(963,963,2,1,'2024-11-07 09:55:30',NULL,NULL,1,1),(964,964,2,1,'2024-11-07 09:55:30',NULL,NULL,1,1),(965,965,2,1,'2024-11-07 09:55:30',NULL,NULL,1,1),(966,966,2,1,'2024-11-07 09:55:30',NULL,NULL,1,1),(967,967,2,1,'2024-11-07 09:55:30',NULL,NULL,1,1),(968,968,2,1,'2024-11-07 09:55:30',NULL,NULL,1,1),(969,969,2,1,'2024-11-07 09:55:30',NULL,NULL,1,1),(970,970,2,1,'2024-11-07 09:55:30',NULL,NULL,1,1),(971,971,2,1,'2024-11-07 09:55:30',NULL,NULL,1,1),(972,972,2,1,'2024-11-07 09:55:30',NULL,NULL,1,1),(973,973,2,1,'2024-11-07 09:55:30',NULL,NULL,1,1),(974,974,2,1,'2024-11-07 09:55:30',NULL,NULL,1,1),(975,975,2,1,'2024-11-07 09:55:30',NULL,NULL,1,1),(976,976,2,1,'2024-11-07 09:55:30',NULL,NULL,1,1),(977,977,2,1,'2024-11-07 09:55:30',NULL,NULL,1,1),(978,978,2,1,'2024-11-07 09:55:30',NULL,NULL,1,1),(979,979,2,1,'2024-11-07 09:55:30',NULL,NULL,1,1),(980,980,2,1,'2024-11-07 09:55:30',NULL,NULL,1,1),(981,981,2,1,'2024-11-07 09:55:30',NULL,NULL,1,1),(982,982,2,1,'2024-11-07 09:55:30',NULL,NULL,1,1),(983,983,2,1,'2024-11-07 09:55:30',NULL,NULL,1,1),(984,984,2,1,'2024-11-07 09:55:30',NULL,NULL,1,1),(985,985,2,1,'2024-11-07 09:55:30',NULL,NULL,1,1),(986,986,2,1,'2024-11-07 09:55:30',NULL,NULL,1,1),(987,987,2,1,'2024-11-07 09:55:30',NULL,NULL,1,1),(988,988,2,1,'2024-11-07 09:55:30',NULL,NULL,1,1),(989,989,2,1,'2024-11-07 09:55:30',NULL,NULL,1,1),(990,990,2,1,'2024-11-07 09:55:30',NULL,NULL,1,1),(991,991,2,1,'2024-11-07 09:55:30',NULL,NULL,1,1),(992,992,2,1,'2024-11-07 09:55:30',NULL,NULL,1,1),(993,993,2,1,'2024-11-07 09:55:30',NULL,NULL,1,1),(994,994,2,1,'2024-11-07 09:55:30',NULL,NULL,1,1),(995,995,2,1,'2024-11-07 09:55:30',NULL,NULL,1,1),(996,996,2,1,'2024-11-07 09:55:30',NULL,NULL,1,1),(997,997,2,1,'2024-11-07 09:55:30',NULL,NULL,1,1),(998,998,2,1,'2024-11-07 09:55:30',NULL,NULL,1,1),(999,999,2,1,'2024-11-07 09:55:30',NULL,NULL,1,1),(1000,1000,2,1,'2024-11-07 09:55:30',NULL,NULL,1,1),(1001,1001,2,1,'2024-11-07 09:55:30',NULL,NULL,1,1),(1002,1002,2,1,'2024-11-07 09:55:30',NULL,NULL,1,1),(1003,1003,2,1,'2024-11-07 09:55:30',NULL,NULL,1,1),(1004,1004,2,1,'2024-11-07 09:55:30',NULL,NULL,1,1),(1005,1005,2,1,'2024-11-07 09:55:30',NULL,NULL,1,1),(1006,1006,2,1,'2024-11-07 09:55:30',NULL,NULL,1,1),(1007,1007,2,1,'2024-11-07 09:55:30',NULL,NULL,1,1),(1008,1008,2,1,'2024-11-07 09:55:30',NULL,NULL,1,1),(1009,1009,2,1,'2024-11-07 09:55:30',NULL,NULL,1,1),(1010,1010,2,1,'2024-11-07 09:55:30',NULL,NULL,1,1),(1011,1011,2,1,'2024-11-07 09:55:30',NULL,NULL,1,1),(1012,1012,2,1,'2024-11-07 09:55:30',NULL,NULL,1,1),(1013,1013,2,1,'2024-11-07 09:55:30',NULL,NULL,1,1),(1014,1014,2,1,'2024-11-07 09:55:30',NULL,NULL,1,1),(1015,1015,2,1,'2024-11-07 09:55:30',NULL,NULL,1,1),(1016,1016,2,1,'2024-11-07 09:55:30',NULL,NULL,1,1),(1017,1017,2,1,'2024-11-07 09:55:30',NULL,NULL,1,1),(1018,1018,2,1,'2024-11-07 09:55:30',NULL,NULL,1,1),(1019,1019,2,1,'2024-11-07 09:55:30',NULL,NULL,1,1),(1020,1020,2,1,'2024-11-07 09:55:30',NULL,NULL,1,1),(1021,1021,2,1,'2024-11-07 09:55:30',NULL,NULL,1,1),(1022,1022,2,1,'2024-11-07 09:55:30',NULL,NULL,1,1),(1023,1023,2,1,'2024-11-07 09:55:30',NULL,NULL,1,1),(1024,1024,2,1,'2024-11-07 09:55:30',NULL,NULL,1,1),(1025,1025,2,1,'2024-11-07 09:55:30',NULL,NULL,1,1),(1026,1026,2,1,'2024-11-07 09:55:30',NULL,NULL,1,1),(1027,1027,2,1,'2024-11-07 09:55:30',NULL,NULL,1,1),(1028,1028,2,1,'2024-11-07 09:55:30',NULL,NULL,1,1),(1029,1029,2,1,'2024-11-07 09:55:30',NULL,NULL,1,1),(1030,1030,2,1,'2024-11-07 09:55:30',NULL,NULL,1,1),(1031,1031,2,1,'2024-11-07 09:55:30',NULL,NULL,1,1),(1032,1032,2,1,'2024-11-07 09:55:30',NULL,NULL,1,1),(1033,1033,2,1,'2024-11-07 09:55:30',NULL,NULL,1,1),(1034,1034,2,1,'2024-11-07 09:55:30',NULL,NULL,1,1),(1035,1035,2,1,'2024-11-07 09:55:30',NULL,NULL,1,1),(1036,1036,2,1,'2024-11-07 09:55:30',NULL,NULL,1,1),(1037,1037,2,1,'2024-11-07 09:55:30',NULL,NULL,1,1),(1038,1038,2,1,'2024-11-07 09:55:30',NULL,NULL,1,1),(1039,1039,2,1,'2024-11-07 09:55:30',NULL,NULL,1,1),(1040,1040,2,1,'2024-11-07 09:55:30',NULL,NULL,1,1),(1041,1041,2,1,'2024-11-07 09:55:30',NULL,NULL,1,1),(1042,1042,2,1,'2024-11-07 09:55:30',NULL,NULL,1,1),(1043,1043,2,1,'2024-11-07 09:55:30',NULL,NULL,1,1),(1044,1044,2,1,'2024-11-07 09:55:30',NULL,NULL,1,1),(1045,1045,2,1,'2024-11-07 09:55:30',NULL,NULL,1,1),(1046,1046,2,1,'2024-11-07 09:55:30',NULL,NULL,1,1),(1047,1047,2,1,'2024-11-07 09:55:30',NULL,NULL,1,1),(1048,1048,2,1,'2024-11-07 09:55:30',NULL,NULL,1,1),(1049,1049,2,1,'2024-11-07 09:55:30',NULL,NULL,1,1),(1050,1050,2,1,'2024-11-07 09:55:30',NULL,NULL,1,1),(1051,1051,2,1,'2024-11-07 09:55:30',NULL,NULL,1,1),(1052,1052,2,1,'2024-11-07 09:55:30',NULL,NULL,1,1),(1053,1053,2,1,'2024-11-07 09:55:30',NULL,NULL,1,1),(1054,1054,2,1,'2024-11-07 09:55:30',NULL,NULL,1,1),(1055,1055,2,1,'2024-11-07 09:55:30',NULL,NULL,1,1),(1056,1056,2,1,'2024-11-07 09:55:30',NULL,NULL,1,1),(1057,1057,2,1,'2024-11-07 09:55:30',NULL,NULL,1,1),(1058,1058,2,1,'2024-11-07 09:55:30',NULL,NULL,1,1),(1059,1059,2,1,'2024-11-07 09:55:30',NULL,NULL,1,1),(1060,1060,2,1,'2024-11-07 09:55:30',NULL,NULL,1,1),(1061,1061,2,1,'2024-11-07 09:55:30',NULL,NULL,1,1),(1062,1062,2,1,'2024-11-07 09:55:30',NULL,NULL,1,1),(1063,1063,2,1,'2024-11-07 09:55:30',NULL,NULL,1,1),(1064,1064,2,1,'2024-11-07 09:55:30',NULL,NULL,1,1),(1065,1065,2,1,'2024-11-07 09:55:30',NULL,NULL,1,1),(1066,1066,2,1,'2024-11-07 09:55:30',NULL,NULL,1,1),(1067,1067,2,1,'2024-11-07 09:55:30',NULL,NULL,1,1),(1068,1068,2,1,'2024-11-07 09:55:30',NULL,NULL,1,1),(1069,1069,2,1,'2024-11-07 09:55:30',NULL,NULL,1,1),(1070,1070,2,1,'2024-11-07 09:55:30',NULL,NULL,1,1),(1071,1071,2,1,'2024-11-07 09:55:30',NULL,NULL,1,1),(1072,1072,2,1,'2024-11-07 09:55:30',NULL,NULL,1,1),(1073,1073,2,1,'2024-11-07 09:55:30',NULL,NULL,1,1),(1074,1074,2,1,'2024-11-07 09:55:30',NULL,NULL,1,1),(1075,1075,2,1,'2024-11-07 09:55:30',NULL,NULL,1,1),(1076,1076,2,1,'2024-11-07 09:55:30',NULL,NULL,1,1),(1077,1077,2,1,'2024-11-07 09:55:30',NULL,NULL,1,1),(1078,1078,2,1,'2024-11-07 09:55:30',NULL,NULL,1,1),(1079,1079,2,1,'2024-11-07 09:55:30',NULL,NULL,1,1),(1080,1080,2,1,'2024-11-07 09:55:30',NULL,NULL,1,1),(1081,1081,2,1,'2024-11-07 09:55:30',NULL,NULL,1,1),(1082,1082,2,1,'2024-11-07 09:55:30',NULL,NULL,1,1),(1083,1083,2,1,'2024-11-07 09:55:30',NULL,NULL,1,1),(1084,1084,2,1,'2024-11-07 09:55:30',NULL,NULL,1,1),(1085,1085,2,1,'2024-11-07 09:55:30',NULL,NULL,1,1),(1086,1086,2,1,'2024-11-07 09:55:30',NULL,NULL,1,1),(1087,1087,2,1,'2024-11-07 09:55:30',NULL,NULL,1,1),(1088,1088,2,1,'2024-11-07 09:55:30',NULL,NULL,1,1),(1089,1089,2,1,'2024-11-07 09:55:30',NULL,NULL,1,1),(1090,1090,2,1,'2024-11-07 09:55:30',NULL,NULL,1,1),(1091,1091,2,1,'2024-11-07 09:55:30',NULL,NULL,1,1),(1092,1092,2,1,'2024-11-07 09:55:30',NULL,NULL,1,1),(1093,1093,2,1,'2024-11-07 09:55:30',NULL,NULL,1,1),(1094,1094,2,1,'2024-11-07 09:55:30',NULL,NULL,1,1),(1095,1095,2,1,'2024-11-07 09:55:30',NULL,NULL,1,1),(1096,1096,2,1,'2024-11-07 09:55:30',NULL,NULL,1,1),(1097,1099,2,1,'2024-11-07 09:55:30',NULL,NULL,1,1),(1098,1100,2,1,'2024-11-07 09:55:30',NULL,NULL,1,1),(1099,1101,2,1,'2024-11-07 09:55:30',NULL,NULL,1,1),(1100,1102,2,1,'2024-11-07 09:55:30',NULL,NULL,1,1),(1101,1103,2,1,'2024-11-07 09:55:30',NULL,NULL,1,1),(1102,1104,2,1,'2024-11-07 09:55:30',NULL,NULL,1,1),(1103,1105,2,1,'2024-11-07 09:55:30',NULL,NULL,1,1),(1104,1106,2,1,'2024-11-07 09:55:30',NULL,NULL,1,1),(1105,1107,2,1,'2024-11-07 09:55:30',NULL,NULL,1,1),(1106,1108,2,1,'2024-11-07 09:55:30',NULL,NULL,1,1),(1107,1109,2,1,'2024-11-07 09:55:30',NULL,NULL,1,1),(1108,1110,2,1,'2024-11-07 09:55:30',NULL,NULL,1,1),(1109,1111,2,1,'2024-11-07 09:55:30',NULL,NULL,1,1),(1110,1112,2,1,'2024-11-07 09:55:30',NULL,NULL,1,1),(1111,1113,2,1,'2024-11-07 09:55:30',NULL,NULL,1,1),(1112,1114,2,1,'2024-11-07 09:55:30',NULL,NULL,1,1),(1113,1115,2,1,'2024-11-07 09:55:30',NULL,NULL,1,1),(1114,1116,2,1,'2024-11-07 09:55:30',NULL,NULL,1,1),(1115,1117,2,1,'2024-11-07 09:55:30',NULL,NULL,1,1),(1116,1118,2,1,'2024-11-07 09:55:30',NULL,NULL,1,1),(1117,1119,2,1,'2024-11-07 09:55:30',NULL,NULL,1,1),(1118,1120,2,1,'2024-11-07 09:55:30',NULL,NULL,1,1),(1119,1121,2,1,'2024-11-07 09:55:30',NULL,NULL,1,1),(1120,1122,2,1,'2024-11-07 09:55:30',NULL,NULL,1,1),(1121,1123,2,1,'2024-11-07 09:55:30',NULL,NULL,1,1),(1122,1124,2,1,'2024-11-07 09:55:30',NULL,NULL,1,1),(1123,1125,2,1,'2024-11-07 09:55:30',NULL,NULL,1,1),(1124,1126,2,1,'2024-11-07 09:55:30',NULL,NULL,1,1),(1125,1127,2,1,'2024-11-07 09:55:30',NULL,NULL,1,1),(1126,1128,2,1,'2024-11-07 09:55:30',NULL,NULL,1,1),(1127,1129,2,1,'2024-11-07 09:55:30',NULL,NULL,1,1),(1128,1130,2,1,'2024-11-07 09:55:30',NULL,NULL,1,1),(1129,1131,2,1,'2024-11-07 09:55:30',NULL,NULL,1,1),(1130,1132,2,1,'2024-11-07 09:55:30',NULL,NULL,1,1),(1131,1133,2,1,'2024-11-07 09:55:30',NULL,NULL,1,1),(1132,1134,2,1,'2024-11-07 09:55:30',NULL,NULL,1,1),(1133,1135,2,1,'2024-11-07 09:55:30',NULL,NULL,1,1),(1134,1136,2,1,'2024-11-07 09:55:30',NULL,NULL,1,1),(1135,1137,2,1,'2024-11-07 09:55:30',NULL,NULL,1,1),(1136,1138,2,1,'2024-11-07 09:55:30',NULL,NULL,1,1),(1137,1139,2,1,'2024-11-07 09:55:30',NULL,NULL,1,1),(1138,1140,2,1,'2024-11-07 09:55:30',NULL,NULL,1,1),(1139,1141,2,1,'2024-11-07 09:55:30',NULL,NULL,1,1),(1140,1142,2,1,'2024-11-07 09:55:30',NULL,NULL,1,1),(1141,1143,2,1,'2024-11-07 09:55:30',NULL,NULL,1,1),(1142,1144,2,1,'2024-11-07 09:55:30',NULL,NULL,1,1),(1143,1145,2,1,'2024-11-07 09:55:30',NULL,NULL,1,1),(1144,1146,2,1,'2024-11-07 09:55:30',NULL,NULL,1,1),(1145,1147,2,1,'2024-11-07 09:55:30',NULL,NULL,1,1),(1146,1148,2,1,'2024-11-07 09:55:30',NULL,NULL,1,1),(1147,1149,2,1,'2024-11-07 09:55:30',NULL,NULL,1,1),(1148,1150,2,1,'2024-11-07 09:55:30',NULL,NULL,1,1),(1149,1151,2,1,'2024-11-07 09:55:30',NULL,NULL,1,1),(1150,1152,2,1,'2024-11-07 09:55:30',NULL,NULL,1,1),(1151,1153,2,1,'2024-11-07 09:55:30',NULL,NULL,1,1),(1152,1154,2,1,'2024-11-07 09:55:30',NULL,NULL,1,1),(1153,1155,2,1,'2024-11-07 09:55:30',NULL,NULL,1,1),(1154,1156,2,1,'2024-11-07 09:55:30',NULL,NULL,1,1),(1155,1157,2,1,'2024-11-07 09:55:30',NULL,NULL,1,1),(1156,1158,2,1,'2024-11-07 09:55:30',NULL,NULL,1,1),(1157,1159,2,1,'2024-11-07 09:55:30',NULL,NULL,1,1),(1158,1160,2,1,'2024-11-07 09:55:30',NULL,NULL,1,1),(1159,1161,2,1,'2024-11-07 09:55:30',NULL,NULL,1,1),(1160,1162,2,1,'2024-11-07 09:55:30',NULL,NULL,1,1),(1161,1163,2,1,'2024-11-07 09:55:30',NULL,NULL,1,1),(1162,1164,2,1,'2024-11-07 09:55:30',NULL,NULL,1,1),(1163,1165,2,1,'2024-11-07 09:55:30',NULL,NULL,1,1),(1164,1166,2,1,'2024-11-07 09:55:30',NULL,NULL,1,1),(1165,1167,2,1,'2024-11-07 09:55:30',NULL,NULL,1,1),(1166,1168,2,1,'2024-11-07 09:55:30',NULL,NULL,1,1),(1167,1169,2,1,'2024-11-07 09:55:30',NULL,NULL,1,1),(1168,1170,2,1,'2024-11-07 09:55:30',NULL,NULL,1,1),(1169,1171,2,1,'2024-11-07 09:55:30',NULL,NULL,1,1),(1170,1172,2,1,'2024-11-07 09:55:30',NULL,NULL,1,1),(1171,1173,2,1,'2024-11-07 09:55:30',NULL,NULL,1,1),(1172,1174,2,1,'2024-11-07 09:55:30',NULL,NULL,1,1),(1173,1175,2,1,'2024-11-07 09:55:30',NULL,NULL,1,1),(1174,1176,2,1,'2024-11-07 09:55:30',NULL,NULL,1,1),(1175,1177,2,1,'2024-11-07 09:55:30',NULL,NULL,1,1),(1176,1,3,1,'2024-11-18 11:39:08',NULL,NULL,0,1),(1177,1,1,1,'2024-11-21 16:32:47',NULL,NULL,0,1),(1178,1,3,1,'2024-11-21 16:32:47',NULL,NULL,0,1),(1179,1,2,1,'2024-11-21 16:36:02',NULL,NULL,0,1),(1180,1,2,1,'2024-11-25 16:20:43',NULL,NULL,0,1),(1181,1,2,1,'2024-11-26 11:44:05',NULL,NULL,1,1),(1182,1,1,1,'2024-11-26 11:44:05',NULL,NULL,1,1),(1183,1,4,1,'2024-11-26 11:44:05',NULL,NULL,1,1);
/*!40000 ALTER TABLE `srd_roles_usuario` ENABLE KEYS */;
UNLOCK TABLES;

--
-- Table structure for table `srd_secciones`
--

DROP TABLE IF EXISTS `srd_secciones`;
/*!40101 SET @saved_cs_client     = @@character_set_client */;
/*!50503 SET character_set_client = utf8mb4 */;
CREATE TABLE `srd_secciones` (
  `NSECC_ID` int NOT NULL AUTO_INCREMENT,
  `CSECC_DESCRIPCION` varchar(120) CHARACTER SET utf8mb4 COLLATE utf8mb4_0900_ai_ci DEFAULT NULL,
  `CAPLI_ID` varchar(120) CHARACTER SET utf8mb4 COLLATE utf8mb4_0900_ai_ci DEFAULT NULL,
  `CSECC_NOMBRE_PAG` varchar(120) CHARACTER SET utf8mb4 COLLATE utf8mb4_0900_ai_ci DEFAULT NULL,
  `CSECC_HREF` varchar(120) DEFAULT NULL,
  `CSECC_ICONO` varchar(100) DEFAULT NULL,
  `NSECC_ORDEN` int DEFAULT NULL,
  `NAUDI_REG_INS` int NOT NULL,
  `DAUDI_REG_INS` datetime NOT NULL DEFAULT CURRENT_TIMESTAMP,
  `NAUDI_REG_UPD` int DEFAULT NULL,
  `DAUDI_REG_UPD` datetime DEFAULT NULL,
  `NSECC_ESTADO` int NOT NULL DEFAULT '1',
  `NAUDI_EST_REG` int NOT NULL DEFAULT '1',
  PRIMARY KEY (`NSECC_ID`),
  KEY `SRD_SECCIONES_FK` (`CAPLI_ID`),
  KEY `SRD_SECCIONES_FK_1` (`NAUDI_REG_INS`),
  KEY `SRD_SECCIONES_FK_2` (`NAUDI_REG_UPD`),
  CONSTRAINT `SRD_SECCIONES_FK` FOREIGN KEY (`CAPLI_ID`) REFERENCES `srd_aplicaciones` (`CAPLI_ID`) ON UPDATE CASCADE,
  CONSTRAINT `SRD_SECCIONES_FK_1` FOREIGN KEY (`NAUDI_REG_INS`) REFERENCES `srd_usuarios` (`NUSUA_ID`) ON UPDATE CASCADE,
  CONSTRAINT `SRD_SECCIONES_FK_2` FOREIGN KEY (`NAUDI_REG_UPD`) REFERENCES `srd_usuarios` (`NUSUA_ID`) ON DELETE SET NULL ON UPDATE CASCADE
) ENGINE=InnoDB AUTO_INCREMENT=31 DEFAULT CHARSET=utf8mb4 COLLATE=utf8mb4_0900_ai_ci;
/*!40101 SET character_set_client = @saved_cs_client */;

--
-- Dumping data for table `srd_secciones`
--

LOCK TABLES `srd_secciones` WRITE;
/*!40000 ALTER TABLE `srd_secciones` DISABLE KEYS */;
INSERT INTO `srd_secciones` VALUES (12,'DASHBOARDS','ENF_002','Dashboards','','ki-chart-pie-3',1,1,'2023-10-23 12:07:12',NULL,NULL,1,1),(13,'DASHBOARDS','ENF_003','Dashboards','','ki-chart-pie-3',1,1,'2023-10-23 12:08:29',NULL,NULL,1,1),(14,'PERSONAL','ENF_003','Personal','','ki-profile-user',3,1,'2023-10-23 19:53:03',NULL,NULL,1,1),(15,'EVALUACIONES','ENF_003','Evaluaciones','','ki-scroll',2,1,'2023-11-03 09:16:04',NULL,NULL,1,1),(16,'MANTENIMIENTO','ENF_003','Mantenimiento','','ki-setting-2',4,1,'2023-11-03 09:54:48',NULL,NULL,1,1),(22,'DASHBOARDS','ENF_005','Dashboards',' ','ki-chart-pie-3',1,1,'2023-12-19 15:34:15',NULL,NULL,1,1),(23,'EVALUACIONES','ENF_005','Evaluaciones',' ','ki-scroll',2,1,'2023-12-19 15:37:01',NULL,NULL,1,1),(24,'MANTENIMIENTO','ENF_005','Mantenimiento',' ','ki-setting-2',3,1,'2023-12-19 15:42:06',NULL,NULL,1,1),(25,'MANTENIMIENTO','ENF_002','Mantenimiento',NULL,'ki-setting-2',5,1,'2024-01-16 20:40:02',NULL,NULL,1,1),(27,'ASISTENCIA','ENF_002','Horarios',NULL,'ki-setting-2',2,1,'2024-05-16 16:05:07',NULL,NULL,1,1),(28,'PERSONAL','ENF_002','Personal',NULL,'ki-profile-user',3,1,'2024-05-19 21:51:49',NULL,NULL,1,1),(29,'MARCACIÓN','ENF_002','Marcación',NULL,'ki-profile-user',3,1,'2024-11-06 17:01:09',NULL,NULL,1,1),(30,'GESTIÓN DE TURNOS','ENF_002','Gestión de Turnos',NULL,'ki-setting-2',4,1,'2024-11-26 16:55:09',NULL,NULL,1,1);
/*!40000 ALTER TABLE `srd_secciones` ENABLE KEYS */;
UNLOCK TABLES;

--
-- Table structure for table `srd_subsecciones`
--

DROP TABLE IF EXISTS `srd_subsecciones`;
/*!40101 SET @saved_cs_client     = @@character_set_client */;
/*!50503 SET character_set_client = utf8mb4 */;
CREATE TABLE `srd_subsecciones` (
  `NSUBS_ID` int NOT NULL AUTO_INCREMENT,
  `CSUBS_DESCRIPCION` varchar(120) CHARACTER SET utf8mb3 COLLATE utf8mb3_general_ci DEFAULT NULL,
  `NSECC_ID` int DEFAULT NULL,
  `CSUBS_HREF` varchar(120) CHARACTER SET utf8mb3 COLLATE utf8mb3_general_ci DEFAULT NULL,
  `CSUBS_TITULO` varchar(120) CHARACTER SET utf8mb3 COLLATE utf8mb3_general_ci DEFAULT NULL,
  `CSUBS_URL` varchar(120) CHARACTER SET utf8mb3 COLLATE utf8mb3_general_ci DEFAULT NULL,
  `NSUBS_ORDEN` int DEFAULT NULL,
  `NAUDI_REG_INS` int NOT NULL,
  `DAUDI_REG_INS` datetime NOT NULL DEFAULT CURRENT_TIMESTAMP,
  `NAUDI_REG_UPD` int DEFAULT NULL,
  `DAUDI_REG_UPD` datetime DEFAULT NULL,
  `NSUBS_ESTADO` int NOT NULL DEFAULT '1',
  `NAUDI_EST_REG` int NOT NULL DEFAULT '1',
  PRIMARY KEY (`NSUBS_ID`),
  KEY `SRD_SUBSECCIONES_FK` (`NSECC_ID`),
  KEY `SRD_SUBSECCIONES_FK_1` (`NAUDI_REG_INS`),
  KEY `SRD_SUBSECCIONES_FK_2` (`NAUDI_REG_UPD`),
  CONSTRAINT `SRD_SUBSECCIONES_FK` FOREIGN KEY (`NSECC_ID`) REFERENCES `srd_secciones` (`NSECC_ID`) ON UPDATE CASCADE,
  CONSTRAINT `SRD_SUBSECCIONES_FK_1` FOREIGN KEY (`NAUDI_REG_INS`) REFERENCES `srd_usuarios` (`NUSUA_ID`) ON UPDATE CASCADE,
  CONSTRAINT `SRD_SUBSECCIONES_FK_2` FOREIGN KEY (`NAUDI_REG_UPD`) REFERENCES `srd_usuarios` (`NUSUA_ID`) ON DELETE SET NULL ON UPDATE CASCADE
) ENGINE=InnoDB AUTO_INCREMENT=36 DEFAULT CHARSET=utf8mb4 COLLATE=utf8mb4_0900_ai_ci;
/*!40101 SET character_set_client = @saved_cs_client */;

--
-- Dumping data for table `srd_subsecciones`
--

LOCK TABLES `srd_subsecciones` WRITE;
/*!40000 ALTER TABLE `srd_subsecciones` DISABLE KEYS */;
INSERT INTO `srd_subsecciones` VALUES (1,'GENERAL',13,'dashboards/general','dashboards','index',2,1,'2023-10-23 12:13:51',NULL,NULL,1,1),(2,'DEFAULT',12,'dashboards/demografico','dashboards',NULL,1,1,'2023-10-23 12:38:57',NULL,NULL,1,1),(3,'LISTA',15,'evaluaciones/lista','evaluaciones',NULL,2,1,'2023-10-23 19:54:56',NULL,NULL,1,1),(4,'ASIGNAR',14,'personal/asignar','asignar',NULL,2,1,'2023-10-24 13:06:31',NULL,NULL,1,1),(5,'INICIO',13,'dashboards/inicio','dashboards','index',1,1,'2023-11-03 09:46:50',NULL,NULL,1,1),(6,'NUEVO',15,'evaluaciones/nuevo','evaluaciones',NULL,1,1,'2023-11-03 09:51:20',NULL,NULL,1,1),(8,'PERFIL',16,'mantenimiento/perfil/editar','Mantenimiento - Perfil',NULL,6,1,'2023-11-27 07:36:56',NULL,NULL,1,1),(9,'SERVICIOS',16,'mantenimiento/servicios/editar','Mantenimiento - Servicios',NULL,1,1,'2023-12-15 15:50:20',NULL,NULL,1,1),(10,'GENERAL',22,'dashboards/general','dashboards','index',1,1,'2023-12-19 15:35:12',NULL,NULL,1,1),(11,'NUEVO',23,'evaluaciones/nuevo','evaluaciones',NULL,1,1,'2023-12-19 15:38:21',NULL,NULL,1,1),(12,'LISTA',23,'evaluaciones/lista','evaluaciones',NULL,2,1,'2023-12-19 15:38:21',NULL,NULL,1,1),(13,'PERFIL',24,'mantenimiento/perfil/editar','Mantenimiento - Perfil',NULL,6,1,'2023-12-19 15:42:46',NULL,NULL,1,1),(14,'USUARIOS',25,'mantenimiento/usuarios/editar','Mantenimiento - Usuarios',NULL,5,1,'2024-01-16 20:42:27',NULL,NULL,1,1),(15,'GENERAL',12,'dashboards/general','dashboards','index',1,1,'2024-01-16 20:54:01',NULL,NULL,1,1),(16,'PREGUNTAS',16,'mantenimiento/preguntas/editar','Mantenimiento - Preguntas',NULL,2,1,'2024-02-03 00:41:46',NULL,NULL,1,1),(17,'PREGUNTAS - CATEGORÍAS',16,'mantenimiento/categorias-preg/editar','Mantenimiento - Preguntas Categorías',NULL,3,1,'2024-02-03 10:26:56',NULL,NULL,1,1),(18,'PERIODOS',16,'mantenimiento/periodos/editar','Mantenimiento - Periodos',NULL,5,1,'2024-02-04 14:27:54',NULL,NULL,1,1),(19,'USUARIOS',16,'mantenimiento/usuarios/editar','Mantenimiento - Usuarios',NULL,4,1,'2024-02-23 08:05:57',NULL,NULL,1,1),(20,'USUARIOS',24,'mantenimiento/usuarios/editar','Mantenimiento - Usuarios',NULL,6,1,'2024-02-23 13:06:41',NULL,NULL,1,1),(21,'PREGUNTAS',24,'mantenimiento/preguntas/editar','Mantenimiento - Preguntas',NULL,5,1,'2024-02-23 13:11:38',NULL,NULL,1,1),(22,'PREGUNTAS - CATEGORÍAS',24,'mantenimiento/categorias-preg/editar','Mantenimiento - Preguntas Categorías',NULL,4,1,'2024-02-23 13:21:22',NULL,NULL,1,1),(23,'PERIODOS',24,'mantenimiento/periodos/editar','Mantenimiento - Periodos',NULL,3,1,'2024-02-23 13:42:12',NULL,NULL,1,1),(24,'SERVICIOS',24,'mantenimiento/servicios/editar','Mantenimiento - Servicios',NULL,2,1,'2024-02-23 13:53:12',NULL,NULL,1,1),(25,'RESPUESTAS',16,'mantenimiento/respuestas/editar','Mantenimiento - Respuestas',NULL,3,1,'2024-02-29 18:56:03',NULL,NULL,1,1),(26,'SERVICIOS',25,'mantenimiento/servicios/editar','Mantenimiento - Servicios',NULL,3,1,'2024-05-03 11:56:22',NULL,NULL,1,1),(27,'PERIODOS',25,'mantenimiento/periodos/editar','Mantenimiento - Periodos',NULL,2,1,'2024-05-03 14:09:39',NULL,NULL,1,1),(28,'PERFIL',25,'mantenimiento/perfil/editar','Mantenimiento - Perfil',NULL,10,1,'2024-05-03 16:29:57',NULL,NULL,1,1),(29,'HORARIO',27,'asistencia/horario','Horario - Lista',NULL,1,1,'2024-05-16 21:32:05',NULL,NULL,1,1),(30,'ASIGNAR',28,'personal/asignar','asignar',NULL,1,1,'2024-05-19 21:52:46',NULL,NULL,1,1),(31,'SUPERVISORES',25,'mantenimiento/supervisores/editar','Mantenimiento - Supervisores',NULL,4,1,'2024-05-23 12:30:03',NULL,NULL,1,1),(32,'MARCACIÓN',29,'marcacion','Marcación',NULL,3,1,'2024-11-06 17:02:03',NULL,NULL,1,1),(33,'ASISTENCIA DIARIA',27,'asistencia/diaria','Asistencia - Tiempo Real',NULL,2,1,'2024-11-07 16:43:35',NULL,NULL,1,1),(34,'HORAS EXTRAS',30,'gestion-turno/sobretiempos','Gestión de Horas Extras',NULL,1,1,'2024-11-26 16:57:48',NULL,NULL,1,1),(35,'CAMBIOS EN TURNO',30,'gestion-turno/cambios','Gestión de Cambios en Turno',NULL,2,1,'2024-11-26 16:58:20',NULL,NULL,1,1);
/*!40000 ALTER TABLE `srd_subsecciones` ENABLE KEYS */;
UNLOCK TABLES;

--
-- Table structure for table `srd_super_areas_periodo`
--

DROP TABLE IF EXISTS `srd_super_areas_periodo`;
/*!40101 SET @saved_cs_client     = @@character_set_client */;
/*!50503 SET character_set_client = utf8mb4 */;
CREATE TABLE `srd_super_areas_periodo` (
  `NSAPE_ID` int NOT NULL AUTO_INCREMENT COMMENT 'PK',
  `NUSUA_ID_SUPERVISOR` int DEFAULT NULL COMMENT 'SUPERVISOR, FK TABLA SRD_USUARIO',
  `CAREA_ID` varchar(25) DEFAULT NULL COMMENT 'FK, TABLA SRD_AREA',
  `NPERI_ID` int DEFAULT NULL COMMENT 'FK TABLA SRD_PERIODO (CAPLI = ''ENF_002'')',
  `NAUDI_REG_INS` int NOT NULL COMMENT 'AUDITORIA: USUARIO DE REGISTRO',
  `DAUDI_REG_INS` datetime NOT NULL DEFAULT CURRENT_TIMESTAMP COMMENT 'AUDITORIA: FECHA DE REGISTRO',
  `NAUDI_REG_UPD` int DEFAULT NULL COMMENT 'AUDITORIA: USUARIO DE ACTUALIZACIÓN',
  `DAUDI_REG_UPD` int DEFAULT NULL COMMENT 'AUDITORIA: FECHA DE ACTUALIZACIÓN',
  `NAUDI_EST_REG` int NOT NULL DEFAULT '1' COMMENT 'AUDITORIA: ESTADO DE REGISTRO (1=ACTIVO, 0=INACTIVO)',
  `NSAPE_ESTADO` int NOT NULL DEFAULT '1' COMMENT 'ESTADO DE REGISTRO (1=ACTIVO, 0=INACTIVO)',
  PRIMARY KEY (`NSAPE_ID`),
  KEY `FK_PERIODO_1` (`NPERI_ID`),
  KEY `srd_super_areas_periodo_SRD_AREAS_FK` (`CAREA_ID`),
  KEY `srd_super_areas_periodo_srd_usuarios_FK` (`NUSUA_ID_SUPERVISOR`),
  CONSTRAINT `FK_PERIODO_1` FOREIGN KEY (`NPERI_ID`) REFERENCES `srd_periodo` (`NPERI_ID`) ON DELETE SET NULL ON UPDATE CASCADE,
  CONSTRAINT `srd_super_areas_periodo_SRD_AREAS_FK` FOREIGN KEY (`CAREA_ID`) REFERENCES `srd_areas` (`CAREA_ID`) ON UPDATE CASCADE,
  CONSTRAINT `srd_super_areas_periodo_srd_usuarios_FK` FOREIGN KEY (`NUSUA_ID_SUPERVISOR`) REFERENCES `srd_usuarios` (`NUSUA_ID`) ON UPDATE CASCADE
) ENGINE=InnoDB AUTO_INCREMENT=3 DEFAULT CHARSET=utf8mb4 COLLATE=utf8mb4_0900_ai_ci COMMENT='TABLA QUE RELACIONA LOS SUPERVISORES DE AREA POR PERIODO';
/*!40101 SET character_set_client = @saved_cs_client */;

--
-- Dumping data for table `srd_super_areas_periodo`
--

LOCK TABLES `srd_super_areas_periodo` WRITE;
/*!40000 ALTER TABLE `srd_super_areas_periodo` DISABLE KEYS */;
INSERT INTO `srd_super_areas_periodo` VALUES (1,843,'4TO S',8,1,'2024-05-23 14:27:51',1,2147483647,1,1),(2,843,'4TO N',8,1,'2024-05-23 14:29:07',1,2147483647,1,1);
/*!40000 ALTER TABLE `srd_super_areas_periodo` ENABLE KEYS */;
UNLOCK TABLES;

--
-- Table structure for table `srd_turno`
--

DROP TABLE IF EXISTS `srd_turno`;
/*!40101 SET @saved_cs_client     = @@character_set_client */;
/*!50503 SET character_set_client = utf8mb4 */;
CREATE TABLE `srd_turno` (
  `CTURN_ID` varchar(25) NOT NULL COMMENT 'PK TURNOS',
  `CTURN_DESCRIPCION` varchar(100) DEFAULT NULL COMMENT 'DECRIPCIÓN DEL CÓDIGO',
  `NTURN_ORDENAMIENTO` int DEFAULT NULL COMMENT 'ORDENAMIENTO DEL TURNO',
  `CTURN_TIPO` varchar(3) DEFAULT NULL COMMENT 'M: MAÑANA, T: TARDE, N: NOCHE',
  `TTURN_HORA_INICIO` time DEFAULT NULL COMMENT 'HORA DE INICIO DEL TURNO',
  `TTURN_HORA_FIN` time DEFAULT NULL COMMENT 'HORA DE FIN DEL TURNO',
  `NAUDI_REG_INS` int NOT NULL COMMENT 'AUDITORIA - USUARIO DE REGISTRO',
  `DAUDI_REG_INS` datetime NOT NULL DEFAULT CURRENT_TIMESTAMP COMMENT 'AUDITORIA - FECHA DE REGITRO',
  `NAUDI_REG_UPD` int DEFAULT NULL COMMENT 'AUDITORIA - USUARIO DE ACTUALIZACIÓN',
  `DAUDI_REG_UPD` datetime DEFAULT NULL COMMENT 'AUDITORÍA - FECHA DE ACTUALIZACIÓN',
  `NTURN_ESTADO` int NOT NULL DEFAULT '1' COMMENT 'ESTADO DEL REGISTRO (1 = ACTIVO, 0 = INACTIVO)',
  `NAUDI_EST_REG` int NOT NULL DEFAULT '1' COMMENT 'AUDITORÍA - ESTADO DEL REGISTRO',
  PRIMARY KEY (`CTURN_ID`)
) ENGINE=InnoDB DEFAULT CHARSET=utf8mb4 COLLATE=utf8mb4_0900_ai_ci;
/*!40101 SET character_set_client = @saved_cs_client */;

--
-- Dumping data for table `srd_turno`
--

LOCK TABLES `srd_turno` WRITE;
/*!40000 ALTER TABLE `srd_turno` DISABLE KEYS */;
INSERT INTO `srd_turno` VALUES ('GN1','GUARDIA NOCTURNA 1',4,'MN','18:00:00','08:00:00',1,'2024-11-13 15:04:28',NULL,NULL,1,1),('L','LIBRE',NULL,NULL,NULL,NULL,1,'2024-11-13 15:13:31',NULL,NULL,1,1),('M1','MAÑANA 1',1,'M','08:00:00','13:00:00',1,'2024-05-19 21:06:56',NULL,NULL,1,1),('M2','MAÑANA 2',2,'M','08:30:00','13:30:00',1,'2024-05-19 21:13:08',NULL,NULL,1,1),('T1','TARDE 1',3,'T','12:30:00','18:30:00',1,'2024-05-24 15:17:02',NULL,NULL,1,1);
/*!40000 ALTER TABLE `srd_turno` ENABLE KEYS */;
UNLOCK TABLES;

--
-- Table structure for table `srd_usuarios`
--

DROP TABLE IF EXISTS `srd_usuarios`;
/*!40101 SET @saved_cs_client     = @@character_set_client */;
/*!50503 SET character_set_client = utf8mb4 */;
CREATE TABLE `srd_usuarios` (
  `NUSUA_ID` int NOT NULL AUTO_INCREMENT COMMENT 'OK TABLA SRD_USUARIOS',
  `CUSUA_CODIGO` varchar(7) CHARACTER SET utf8mb4 COLLATE utf8mb4_0900_ai_ci NOT NULL COMMENT 'CODIGO USUARIO',
  `CUSUA_DOCUMENTO` varchar(12) CHARACTER SET utf8mb4 COLLATE utf8mb4_0900_ai_ci NOT NULL COMMENT 'DOCUMENTO USUARIO',
  `CUSUA_NOMBRES` varchar(200) CHARACTER SET utf8mb4 COLLATE utf8mb4_0900_ai_ci NOT NULL COMMENT 'NOMBRES COMPLETOS',
  `NDESE_ID` int DEFAULT NULL COMMENT 'FK, TABLA SRD_DESEMPENIO',
  `NOCUP_ID` int DEFAULT NULL COMMENT 'FK, TABLA_OCUPACION',
  `NNACI_ID` int DEFAULT NULL COMMENT 'FK, TABLA SRD_NACIONALIDAD',
  `CUSUA_CORREO` varchar(120) CHARACTER SET utf8mb4 COLLATE utf8mb4_0900_ai_ci NOT NULL COMMENT 'CORREO USUARIO',
  `CUSUA_IMG` varchar(120) CHARACTER SET utf8mb4 COLLATE utf8mb4_0900_ai_ci DEFAULT 'blank.png' COMMENT 'IMAGEN USUARIO',
  `CUSUA_USERNAME` varchar(120) CHARACTER SET utf8mb4 COLLATE utf8mb4_0900_ai_ci DEFAULT NULL COMMENT 'USERNAME',
  `CUSUA_PASS` varchar(120) CHARACTER SET utf8mb4 COLLATE utf8mb4_0900_ai_ci DEFAULT NULL COMMENT 'CONTRASEÑA USUARIO',
  `CUSUA_TOKEN` varchar(120) CHARACTER SET utf8mb4 COLLATE utf8mb4_0900_ai_ci DEFAULT NULL COMMENT 'TOKEN USUARIO',
  `NUSUA_CAMBIO_PASS` tinyint NOT NULL DEFAULT '0' COMMENT 'ESTADO CAMBIO DE CONTRASEÑA',
  `NAUDI_REG_INS` int NOT NULL COMMENT 'AUDITORIA: USUARIO REGISTRO',
  `DAUDI_REG_INS` datetime NOT NULL DEFAULT CURRENT_TIMESTAMP COMMENT 'AUDITORIA: FECHA REGISTRO',
  `NAUDI_REG_UPD` int DEFAULT NULL COMMENT 'AUDITORIA: USUARIO ACTUALIZACIÓN',
  `DAUDI_REG_UPD` datetime DEFAULT NULL COMMENT 'AUDITORIA: FECHA ACTUALIZACIÓN',
  `NUSUA_ESTADO` int NOT NULL DEFAULT '1' COMMENT 'ESTADO REGISTRO (1=ACTIVO, 0=INACTIVO)',
  `NAUDI_EST_REG` int NOT NULL DEFAULT '1' COMMENT 'AUDITORIA: ESTADO REGISTRO (1=ACTIVO, 0=INACTIVO)',
  PRIMARY KEY (`NUSUA_ID`),
  KEY `SRD_COLABORADORES_FK_2` (`NDESE_ID`),
  KEY `SRD_COLABORADORES_FK_3` (`NOCUP_ID`),
  KEY `SRD_COLABORADORES_FK_4` (`NNACI_ID`),
  KEY `SRD_USUARIOS_FK` (`NAUDI_REG_INS`),
  KEY `SRD_USUARIOS_FK_1` (`NAUDI_REG_UPD`),
  CONSTRAINT `SRD_COLABORADORES_FK_2` FOREIGN KEY (`NDESE_ID`) REFERENCES `srd_desempenio` (`NDESE_ID`) ON DELETE SET NULL ON UPDATE CASCADE,
  CONSTRAINT `SRD_COLABORADORES_FK_3` FOREIGN KEY (`NOCUP_ID`) REFERENCES `srd_ocupacion` (`NOCUP_ID`) ON UPDATE CASCADE,
  CONSTRAINT `SRD_COLABORADORES_FK_4` FOREIGN KEY (`NNACI_ID`) REFERENCES `srd_nacionalidad` (`NNACI_ID`) ON UPDATE CASCADE,
  CONSTRAINT `SRD_USUARIOS_FK` FOREIGN KEY (`NAUDI_REG_INS`) REFERENCES `srd_usuarios` (`NUSUA_ID`) ON UPDATE CASCADE,
  CONSTRAINT `SRD_USUARIOS_FK_1` FOREIGN KEY (`NAUDI_REG_UPD`) REFERENCES `srd_usuarios` (`NUSUA_ID`) ON DELETE SET NULL ON UPDATE CASCADE
) ENGINE=InnoDB AUTO_INCREMENT=1178 DEFAULT CHARSET=utf8mb4 COLLATE=utf8mb4_0900_ai_ci;
/*!40101 SET character_set_client = @saved_cs_client */;

--
-- Dumping data for table `srd_usuarios`
--

LOCK TABLES `srd_usuarios` WRITE;
/*!40000 ALTER TABLE `srd_usuarios` DISABLE KEYS */;
INSERT INTO `srd_usuarios` VALUES (1,'0199999','99999999','USUARIO DE PRUEBA',5,8,1,'jayroguerreros@gmail.com','blank.png','administrador','$2y$12$Vmho.RITcKfB9/LoeXB4MuFQfJ36tTK8.ob8hKaV12hoZz2rxvAOi','8960c17eb28a05babf0d898ff57e7e741e70732be9b90231c38baeddb859c74c16735a5845ca985ba61d50554d78b5ed',0,1,'2023-04-27 13:57:22',1,'2024-11-26 11:44:05',1,1),(2,'0100050','08411115','MIÑANO GUZMAN, SUSANA NANCY',1,1,1,'susanaminanog17@gmail.com','blank.png',NULL,NULL,'',0,1,'2023-05-02 13:17:19',NULL,NULL,1,1),(3,'0100060','07011421','ESTRADA CRISOLO VDA DE CRUZADO, EULOGIA DONATILA',1,1,1,'lalyestradacrisolo@gmail.com','blank.png',NULL,NULL,'',0,1,'2023-05-02 13:18:01',NULL,NULL,0,1),(4,'0100067','08191445','AYALA RIVERA DE MALPARTIDA, ROSANNA DOROTEA',1,1,1,'chanita2828@gmail.com','blank.png',NULL,NULL,'',0,1,'2023-05-02 13:18:01',NULL,NULL,0,1),(5,'0100077','07022973','ESPINOZA SOTO DE ARRASCO, SOFIA JUDITH',1,1,1,'sofiaespinoza2414@gmail.com','blank.png',NULL,NULL,'',0,1,'2023-05-02 13:18:01',NULL,NULL,1,1),(6,'0100080','08974109','ASCORBE CUBAS, CELIA JESUS',1,1,1,'celia.ascorbe@gmail.com','blank.png',NULL,NULL,'',0,1,'2023-05-02 13:18:01',NULL,NULL,1,1),(7,'0100082','08445944','REYES FARRO DE AGUILAR, MARIA LUISA',1,1,1,'mariareyesfarro@hotmail.com','blank.png',NULL,NULL,'',0,1,'2023-05-02 13:18:01',NULL,NULL,1,1),(8,'0100083','06900361','HERRERA PILARES, LUZ MARINA',1,1,1,'luzmarinaherrera18@hotmail.com','blank.png',NULL,NULL,'',0,1,'2023-05-02 13:18:01',NULL,NULL,0,1),(9,'0100085','09136465','GALARRETA IPARRAGUIRRE DE RAMIREZ, INES',1,1,1,'inesgaip01@gmail.com','blank.png',NULL,NULL,'',0,1,'2023-05-02 13:18:01',NULL,NULL,1,1),(10,'0100183','06624181','CARDENAS HERRERA, PEDRO TOMAS',1,4,1,'ptomasc3@gmail.com','blank.png',NULL,NULL,'',0,1,'2023-05-02 13:18:01',NULL,NULL,1,1),(11,'0100205','09395822','ALVA ROJAS, ROSA YSABEL',2,3,1,'rochy92alvarojas@gmail.com','blank.png',NULL,NULL,'',0,1,'2023-05-02 13:18:01',NULL,NULL,1,1),(12,'0100328','06734866','ANICAMA JEREMIAS, MEGALIT MILAGROS',2,3,1,'milagrosanicamajeremias@gmail.com','blank.png',NULL,NULL,'',0,1,'2023-05-02 13:18:01',NULL,NULL,1,1),(13,'0100329','07942154','VIA CASTILLO, CARMEN SOCORRO',2,2,1,'cami16_27@hotmail.com','blank.png',NULL,NULL,'',0,1,'2023-05-02 13:18:01',NULL,NULL,1,1),(14,'0100330','21403851','GUERRA GUERRERO, MARIA DEL CARMEN',2,2,1,'carmenwar@gmail.com','blank.png',NULL,NULL,'',0,1,'2023-05-02 13:18:01',NULL,NULL,1,1),(15,'0100331','25827574','PESEROS ORTIZ, ROSA MARITZA',1,1,1,'maripesecrp@gmail.com','blank.png',NULL,NULL,'',0,1,'2023-05-02 13:18:01',NULL,NULL,1,1),(16,'0100332','25511091','PERALTA COLLANTES, MAGDA ALICIA',1,1,1,'mperalta2618@gmail.com','blank.png',NULL,NULL,'',0,1,'2023-05-02 13:18:01',NULL,NULL,1,1),(17,'0100334','10520303','MORENO TALAVERA DE ROJAS, PAULINA SOFIA',1,1,1,'paulinamorenotalavera@gmail.com','blank.png',NULL,NULL,'',0,1,'2023-05-02 13:18:01',NULL,NULL,1,1),(18,'0100335','06823569','GUILLERMO CALDERON, ELENA MARLENY',1,1,1,'elenagc26.eg@gmail.com','blank.png',NULL,NULL,'',0,1,'2023-05-02 13:18:01',NULL,NULL,1,1),(19,'0100337','08074689','PONGO CAHUAYA, CATALINA GLADYS',1,1,1,'gladyspc92@gmail.com','blank.png',NULL,NULL,'',0,1,'2023-05-02 13:18:01',NULL,NULL,1,1),(20,'0100338','09341686','SUAREZ COVEÑAS, MARGOT BELINDA',2,3,1,'margotsuarezc@hotmail.com','blank.png',NULL,NULL,'',0,1,'2023-05-02 13:18:01',NULL,NULL,1,1),(21,'0100343','06135062','CORDOVA DIAZ DE ALVARADO, MARCELINA',2,2,1,'marcecd62@gmail.com','blank.png',NULL,NULL,'',0,1,'2023-05-02 13:18:01',NULL,NULL,0,1),(22,'0100345','08836003','REATEGUI POZZI, NERLITH EUMELIA',2,2,1,'nreateguipozzi@hotmail.com','blank.png',NULL,NULL,'',0,1,'2023-05-02 13:18:01',NULL,NULL,1,1),(23,'0100346','06089589','ALAYZA SANCHEZ, LUZ CARMELA',2,9,1,'lucialayza@gmail.com','blank.png',NULL,NULL,'',0,1,'2023-05-02 13:18:01',NULL,NULL,1,1),(24,'0100349','15961218','OLIVERO DELGADILLO, MARLENE',2,2,1,'neniolivero@gmail.com','blank.png',NULL,NULL,'',0,1,'2023-05-02 13:18:01',NULL,NULL,1,1),(25,'0100351','08631319','JAUREGUI ALTA, PETRONILA NELLY',1,1,1,'nellyja@gmail.com','blank.png',NULL,NULL,'',0,1,'2023-05-02 13:18:01',NULL,NULL,1,1),(26,'0100352','15404489','ZAMUDIO ESPINOZA, JANE EDITH',1,1,1,'janezamudioespinoza@gmail.com','blank.png',NULL,NULL,'',0,1,'2023-05-02 13:18:01',NULL,NULL,1,1),(27,'0100353','07200279','ALVAREZ QUISPE, MARIA MERCEDES',1,1,1,'mmalvarez1812@gmail.com','blank.png',NULL,NULL,'',0,1,'2023-05-02 13:18:01',NULL,NULL,0,1),(28,'0100354','06988781','CUELLAR CHAHUAYO, GRACIELA NICOLASA',1,1,1,'gracecuellar2011@hotmail.com','blank.png',NULL,NULL,'',0,1,'2023-05-02 13:18:01',NULL,NULL,1,1),(29,'0100355','08254646','CALVA SIMBAÑA, AMELIA AURA',1,1,1,'aura.1955@hotmail.com','blank.png',NULL,NULL,'',0,1,'2023-05-02 13:18:01',NULL,NULL,1,1),(30,'0100356','08955974','SALAS URBINA, MAGNA',1,1,1,'salitasfiufiu@gmail.com','blank.png',NULL,NULL,'',0,1,'2023-05-02 13:18:01',NULL,NULL,1,1),(31,'0100357','06943024','BRICEÑO ARIAS, JUANA ANITA',1,1,1,'jb.crpjuanita@gmail.com','blank.png',NULL,NULL,'',0,1,'2023-05-02 13:18:01',NULL,NULL,1,1),(32,'0100358','06755221','PAJUELO ALVAREZ, LUCIA SEBASTIANA',1,1,1,'lucia.pajueloalvarez@gmail.com','blank.png',NULL,NULL,'',0,1,'2023-05-02 13:18:01',NULL,NULL,1,1),(33,'0100359','25428473','ARMIJO SANCHEZ, AMELIA',1,1,1,'andree1392@gmail.com','blank.png',NULL,NULL,'',0,1,'2023-05-02 13:18:01',NULL,NULL,1,1),(34,'0100362','06993739','VEGA ESPILCO, EUSEBIA BRIGIDA',1,1,1,'doctoritavega@gmail.com','blank.png',NULL,NULL,'',0,1,'2023-05-02 13:18:01',NULL,NULL,1,1),(35,'0100363','25515147','GALINDO MANSILLA, JULIA ESPERANZA',1,1,1,'juliagalindomansilla123@gmail.com','blank.png',NULL,NULL,'',0,1,'2023-05-02 13:18:01',NULL,NULL,1,1),(36,'0100364','22254602','SANCHEZ VALENZUELA, ROSE MARIE',2,2,1,'gatafiera38@hotmail.com','blank.png',NULL,NULL,'',0,1,'2023-05-02 13:18:01',NULL,NULL,1,1),(37,'0100365','08970750','ROMAN ABARCA DE HORNA, SILVIA CARMEN',2,3,1,'silviacarmenr@hotmail.com','blank.png',NULL,NULL,'',0,1,'2023-05-02 13:18:01',NULL,NULL,1,1),(38,'0100366','07775201','REYES TRUJILLO, LUZ MARGOT',2,2,1,'margotreyestrujillo@gmail.com','blank.png',NULL,NULL,'',0,1,'2023-05-02 13:18:01',NULL,NULL,1,1),(39,'0100368','07542469','ORCCOSUPA RODRIGUEZ, PAULINA',1,1,1,'paulinitaorodriguez@gmail.com','blank.png',NULL,NULL,'',0,1,'2023-05-02 13:18:01',NULL,NULL,1,1),(40,'0100369','06660351','VASQUEZ CORREA, ELCIRA',1,1,1,'elciravc4@gmail.com','blank.png',NULL,NULL,'',0,1,'2023-05-02 13:18:01',NULL,NULL,1,1),(41,'0100370','15402028','ZAMUDIO ESPINOZA, IRIS MIRELLA',1,1,1,'irismirella07@gmail.com','blank.png',NULL,NULL,'',0,1,'2023-05-02 13:18:01',NULL,NULL,1,1),(42,'0100372','06705604','PECHE SANTAMARIA DE TORRES, JUSTINA',1,1,1,'justinapeche@gmail.com','blank.png',NULL,NULL,'',0,1,'2023-05-02 13:18:01',NULL,NULL,1,1),(43,'0100373','25471180','MEDINA ACOSTA, DIGNA',1,1,1,'dignamedinaacosta@gmail.com','blank.png',NULL,NULL,'',0,1,'2023-05-02 13:18:01',NULL,NULL,1,1),(44,'0100374','09574047','OSORIO MATA, NORCA SUSANA',1,1,1,'norcasusana@hotmail.com','blank.png',NULL,NULL,'',0,1,'2023-05-02 13:18:01',NULL,NULL,1,1),(45,'0100376','08504161','VILLALTA CANALES, FLORA CATALINA',2,2,1,'floravillaltacanales@gmail.com','blank.png',NULL,NULL,'',0,1,'2023-05-02 13:18:01',NULL,NULL,1,1),(46,'0100378','06750749','CARDENAS CORDOVA, ANGELICA',2,3,1,'acardenas470@gmail.com','blank.png',NULL,NULL,'',0,1,'2023-05-02 13:18:01',NULL,NULL,1,1),(47,'0100379','09850850','MAURICIO QUICHIZ, FLOR EMPERATRIZ',1,1,1,'flormauricioquichiz@gmail.com','blank.png',NULL,NULL,'',0,1,'2023-05-02 13:18:01',NULL,NULL,1,1),(48,'0100381','09901222','CACHIS VARGAS, GINA MARLENY',2,2,1,'gcachis1240@gmail.com','blank.png',NULL,NULL,'',0,1,'2023-05-02 13:18:01',NULL,NULL,1,1),(49,'0100384','09063954','CASTRO MOTTA, FRANCIS BASILIA',2,2,1,'castromottafrancis@gmail.com','blank.png',NULL,NULL,'',0,1,'2023-05-02 13:18:01',NULL,NULL,1,1),(50,'0100385','29320950','GALDOS VILCA, HILDA ELENA',2,2,1,'vilcaghe18@gmail.com','blank.png',NULL,NULL,'',0,1,'2023-05-02 13:18:01',NULL,NULL,1,1),(51,'0100388','09083177','OLIVA DIAZ, MARIA VICTORIA',2,2,1,'olivamariavictoria25@hotmail.com','blank.png',NULL,NULL,'',0,1,'2023-05-02 13:18:01',NULL,NULL,1,1),(52,'0100390','25678141','ARIAS GAMONAL, ANAILE GUADALUPE',2,2,1,'amanecerluz19@gmail.com','blank.png',NULL,NULL,'',0,1,'2023-05-02 13:18:01',NULL,NULL,1,1),(53,'0100391','09603537','BARDALES CRUZ, LIZ NANCY',2,5,1,'lizok_01@yahoo.es','blank.png',NULL,NULL,'',0,1,'2023-05-02 13:18:01',NULL,NULL,1,1),(54,'0100392','06251579','ARRUNATEGUI BERNAL, MARLENE YVETTE',2,2,1,'yve_28@hotmail.com','blank.png',NULL,NULL,'',0,1,'2023-05-02 13:18:01',NULL,NULL,1,1),(55,'0100394','08211535','ROJAS HUANCA, ESTHER AMANDA',2,6,1,'estherrojas231@gmail.com','blank.png',NULL,NULL,'',0,1,'2023-05-02 13:18:01',NULL,NULL,1,1),(56,'0100396','09048878','TAFUR ALCALA, MARIA EUGENIA',2,2,1,'mariatafur6@gmail.com','blank.png',NULL,NULL,'',0,1,'2023-05-02 13:18:01',NULL,NULL,1,1),(57,'0100397','09378482','BARBARAN SILVA, PATRICIA REGINA',2,9,1,'pbarbarans@yahoo.es','blank.png',NULL,NULL,'',0,1,'2023-05-02 13:18:01',NULL,NULL,1,1),(58,'0100399','08204860','CHAVEZ PORLES, GRISELDA ANA',2,6,1,'anita_chp@hotmail.com','blank.png',NULL,NULL,'',0,1,'2023-05-02 13:18:01',NULL,NULL,1,1),(59,'0100400','08914348','CHAUCA CEDEÑO, MARIA ROSARIO',2,2,1,'chaucar31@gmail.com','blank.png',NULL,NULL,'',0,1,'2023-05-02 13:18:01',NULL,NULL,1,1),(60,'0100401','07841285','SALVADOR QUIÑONEZ, ROSARIO BEATRIZ',2,2,1,'charo_72@hotmail.com','blank.png',NULL,NULL,'',0,1,'2023-05-02 13:18:01',NULL,NULL,1,1),(61,'0100403','08620003','HIPOLITO MORI, ELSA NOEMI',2,2,1,'elsahipolito43@gmail.com','blank.png',NULL,NULL,'',0,1,'2023-05-02 13:18:01',NULL,NULL,0,1),(62,'0100410','08919363','PATAZCA OSNAYO, MARIA ELENA',1,1,1,'mariaelenapatazca@gmail.com','blank.png',NULL,NULL,'',0,1,'2023-05-02 13:18:01',NULL,NULL,1,1),(63,'0100411','07072381','CASTILLO CAMPOMANES, OLIMPIA ANTONIA',1,1,1,'olimpiacastillo60@gmail.com','blank.png',NULL,NULL,'',0,1,'2023-05-02 13:18:01',NULL,NULL,1,1),(64,'0100412','07569619','JINEZ RIVERA, NERI LUZ',1,1,1,'neri.jinezr@gmail.com','blank.png',NULL,NULL,'',0,1,'2023-05-02 13:18:01',NULL,NULL,1,1),(65,'0100413','06819681','POEMAPE CALDERON DE CCAMA, ARLITA ESMERITA',1,1,1,'merypoemape@gmail.com','blank.png',NULL,NULL,'',0,1,'2023-05-02 13:18:01',NULL,NULL,1,1),(66,'0100418','08984358','TAFUR TRUJILLO, ROGELIA',1,1,1,'rtaffur@gmail.com','blank.png',NULL,NULL,'',0,1,'2023-05-02 13:18:01',NULL,NULL,1,1),(67,'0100419','07670414','RAMIREZ GAMARRA, ANA MARIA',1,1,1,'anaramirezgam60@gmail.com','blank.png',NULL,NULL,'',0,1,'2023-05-02 13:18:01',NULL,NULL,1,1),(68,'0100420','08989477','ANCCASI HURTADO, JUSTINA',1,1,1,'justi5600@gmail.com','blank.png',NULL,NULL,'',0,1,'2023-05-02 13:18:01',NULL,NULL,1,1),(69,'0100421','08726040','AGUIRRE ASENCIOS, ENMA SOLEDAD',1,1,1,'enmy1610@gmail.com','blank.png',NULL,NULL,'',0,1,'2023-05-02 13:18:01',NULL,NULL,1,1),(70,'0100422','07013521','VARELA VALLE, MARLENI DOLORES',1,1,1,'mvarela19@hotmail.com','blank.png',NULL,NULL,'',0,1,'2023-05-02 13:18:01',NULL,NULL,1,1),(71,'0100423','06642090','SALAZAR SANCHEZ DE ESPINOZA, GLORIA',1,1,1,'bettysasa2010@gmail.com','blank.png',NULL,NULL,'',0,1,'2023-05-02 13:18:01',NULL,NULL,1,1),(72,'0100424','07515955','ARRASCO MONTENEGRO, ELSA',1,1,1,'el_0702@hotmail.com','blank.png',NULL,NULL,'',0,1,'2023-05-02 13:18:01',NULL,NULL,1,1),(73,'0100425','09328096','FARROÑAY LUMBRE, MARIA ESTHER',1,1,1,'marialumbre@hotmail.com','blank.png',NULL,NULL,'',0,1,'2023-05-02 13:18:01',NULL,NULL,1,1),(74,'0100426','07775044','CALLE PEÑA, EROTEIDA',1,1,1,'eroteidacallepena@gmail.com','blank.png',NULL,NULL,'',0,1,'2023-05-02 13:18:01',NULL,NULL,1,1),(75,'0100427','06107287','TORRES PEREZ DE MIRANDA, LUISA JANNETTE',1,1,1,'jannettetorresperez@gmail.com','blank.png',NULL,NULL,'',0,1,'2023-05-02 13:18:01',NULL,NULL,1,1),(76,'0100428','08838544','CASTILLA TORRES, PAULA ROSALIA',1,1,1,'castillatorrespaularosalia@gmail.com','blank.png',NULL,NULL,'',0,1,'2023-05-02 13:18:01',NULL,NULL,1,1),(77,'0100429','08820796','SORIA CHAHUAS, ROSARIO NOEMI',1,1,1,'rosariosoriach14@gmail.com','blank.png',NULL,NULL,'',0,1,'2023-05-02 13:18:01',NULL,NULL,1,1),(78,'0100431','07134701','RAVELLO GARCIA, CARMEN ROSA',1,1,1,'carmenravello0802@gmail.com','blank.png',NULL,NULL,'',0,1,'2023-05-02 13:18:01',NULL,NULL,1,1),(79,'0100433','09353281','VIVES VIVES, MARIA GISELLA',1,1,1,'vivesgisella85@gmail.com','blank.png',NULL,NULL,'',0,1,'2023-05-02 13:18:01',NULL,NULL,1,1),(80,'0100435','08086647','QUISPE SAAVEDRA, GLADYS EULALIA',1,1,1,'gladysquispe85@gmail.com','blank.png',NULL,NULL,'',0,1,'2023-05-02 13:18:01',NULL,NULL,1,1),(81,'0100436','09703196','HUAMANI ROMERO, MARIVEL JUANA',1,1,1,'marivelhuamani@hotmail.com','blank.png',NULL,NULL,'',0,1,'2023-05-02 13:18:01',NULL,NULL,1,1),(82,'0100437','06891093','ROLDAN MONTEAGUDO, GLADYS ROSARIO',1,1,1,'gladysrm1310@gmail.com','blank.png',NULL,NULL,'',0,1,'2023-05-02 13:18:01',NULL,NULL,1,1),(83,'0100439','07529525','CASTRO DELGADO, RITA DORIS',2,2,1,'docasdel@hotmail.com','blank.png',NULL,NULL,'',0,1,'2023-05-02 13:18:01',NULL,NULL,1,1),(84,'0100441','06655986','LEON AVILES, JANET',2,2,1,'janetleon23@hotmail.com','blank.png',NULL,NULL,'',0,1,'2023-05-02 13:18:01',NULL,NULL,0,1),(85,'0100442','08471041','CABELLO LOSTAUNAU, ANA MARIA',2,12,1,'ana_maria_cabello@hotmail.com','blank.png',NULL,NULL,'',0,1,'2023-05-02 13:18:01',NULL,NULL,1,1),(86,'0100443','08496358','VALDEZ MAMANI, LINA ELIZABETH',2,2,1,'linavaldezmamani@gmail.com','blank.png',NULL,NULL,'',0,1,'2023-05-02 13:18:01',NULL,NULL,1,1),(87,'0100445','10509528','AQUISE GARCIA, SUSANA JANETH',2,2,1,'susanitaaquise@gmail.com','blank.png',NULL,NULL,'',0,1,'2023-05-02 13:18:01',NULL,NULL,0,1),(88,'0100449','09274291','LOAYZA OSORIO, MATILDE REBECA',2,3,1,'rebecaloayza@gmail.com','blank.png',NULL,NULL,'',0,1,'2023-05-02 13:18:01',NULL,NULL,1,1),(89,'0100450','08098302','DE ARMERO ACHO, EMILIA HILDA',2,3,1,'emiliahdaa@hotmail.com','blank.png',NULL,NULL,'',0,1,'2023-05-02 13:18:01',NULL,NULL,1,1),(90,'0100465','29608485','BERNAL ORTIZ, HECTOR ENRIQUE',1,1,1,'bernalh61@gmail.com','blank.png',NULL,NULL,'',0,1,'2023-05-02 13:18:01',NULL,NULL,1,1),(91,'0100479','07524442','CHANGANO GUEVARA, YVAN GIANFRANCO',1,4,1,'ychangano@gmail.com','blank.png',NULL,NULL,'',0,1,'2023-05-02 13:18:01',NULL,NULL,1,1),(92,'0100519','40005304','BURCKHARDT MELO, JOHN WILLY',2,2,1,'johnburckhardtmelo@hotmail.com','blank.png',NULL,NULL,'',0,1,'2023-05-02 13:18:01',NULL,NULL,1,1),(93,'0100521','08166269','GUILLEN PALOMINO, MARIA LUISA',1,1,1,'belicep1109@gmail.com','blank.png',NULL,NULL,'',0,1,'2023-05-02 13:18:01',NULL,NULL,1,1),(94,'0100527','07457449','SANTOS CHUMBILLUNGO, VILMA ROSARIO',2,2,1,'rossi17enf22@gmail.com','blank.png',NULL,NULL,'',0,1,'2023-05-02 13:18:01',NULL,NULL,1,1),(95,'0100529','10776359','LOAYZA CUEVAS, FLOR ANITA',1,1,1,'nicobrenda00@gmail.com','blank.png',NULL,NULL,'',0,1,'2023-05-02 13:18:01',NULL,NULL,1,1),(96,'0100530','09783636','CHIPANA SALAZAR, LUCIA ISABEL',1,1,1,'chipanasalazar@gmail.com','blank.png',NULL,NULL,'',0,1,'2023-05-02 13:18:01',NULL,NULL,1,1),(97,'0100532','10809141','PEREZ JAUREGUI, MARIA ESTHER',2,5,1,'maryori_1920@hotmail.com','blank.png',NULL,NULL,'',0,1,'2023-05-02 13:18:01',NULL,NULL,1,1),(98,'0100533','09882080','RUDAS USQUIZA, GILBERTO',1,1,1,'bettorudas@hotmail.com','blank.png',NULL,NULL,'',0,1,'2023-05-02 13:18:01',NULL,NULL,1,1),(99,'0100534','09937302','LOPEZ RAMIREZ DE FREYRE, ELSA MELANIA',1,1,1,'elsamelania1974@gmail.com','blank.png',NULL,NULL,'',0,1,'2023-05-02 13:18:01',NULL,NULL,1,1),(100,'0100535','09803273','LOYOLA LISETI DE TENA, MILAGROS',1,1,1,'milita0719@gmail.com','blank.png',NULL,NULL,'',0,1,'2023-05-02 13:18:01',NULL,NULL,1,1),(101,'0100536','10299083','MONZON CATTER, DEBORA PATRICIA',2,2,1,'deboramc74@hotmail.com','blank.png',NULL,NULL,'',0,1,'2023-05-02 13:18:01',NULL,NULL,1,1),(102,'0100542','09602025','SOTO VIA, CECILIA MARIANA',2,2,1,'cecilia70sv@gmail.com','blank.png',NULL,NULL,'',0,1,'2023-05-02 13:18:01',NULL,NULL,1,1),(103,'0100543','07878787','VARGAS GARAY, JANETH PATRICIA',2,2,1,'janeth_vargas2007@hotmail.com','blank.png',NULL,NULL,'',0,1,'2023-05-02 13:18:01',NULL,NULL,1,1),(104,'0100545','15406327','YACTAYO CANDELA, JANNETT MARIANELA',2,2,1,'jannettmarianela@gmail.com','blank.png',NULL,NULL,'',0,1,'2023-05-02 13:18:01',NULL,NULL,1,1),(105,'0100546','25561466','TORIBIO MAQUI, SANTA ELVIRA',2,2,1,'elviratoribio1830@gmail.com','blank.png',NULL,NULL,'',0,1,'2023-05-02 13:18:01',NULL,NULL,1,1),(106,'0100547','06777802','LOPEZ MENDOZA, MADELENA BASELISA',1,1,1,'bari.bie@hotmail.com','blank.png',NULL,NULL,'',0,1,'2023-05-02 13:18:01',NULL,NULL,1,1),(107,'0100551','08145214','MACEDO CHAVEZ, MAX ROLLY',1,1,1,'mako_mch@hotmail.com','blank.png',NULL,NULL,'',0,1,'2023-05-02 13:18:01',NULL,NULL,1,1),(108,'0100552','10338647','PILCO TORREJON, MERCEDES',2,9,1,'mercedespilco24@gmail.com','blank.png',NULL,NULL,'',0,1,'2023-05-02 13:18:01',NULL,NULL,1,1),(109,'0100556','10815833','FUENTES MARTINEZ, OLINDA ROSA',2,6,1,'olinsac@hotmail.com','blank.png',NULL,NULL,'',0,1,'2023-05-02 13:18:01',NULL,NULL,1,1),(110,'0100557','09590005','MORI RABANAL, JHOYS FIDELIA',2,5,1,'jhoysmori@gmail.com','blank.png',NULL,NULL,'',0,1,'2023-05-02 13:18:01',NULL,NULL,1,1),(111,'0100559','06017390','GUILLEN ROSPIGLIOSI, MARIA DEL CARMEN',2,3,1,'mariguiros@gmail.com','blank.png',NULL,NULL,'',0,1,'2023-05-02 13:18:01',NULL,NULL,1,1),(112,'0100563','10104327','CAMPOS CASTRO, JACQUELINE ZULMA',2,3,1,'j.z.campos.c1@gmail.com','blank.png',NULL,NULL,'',0,1,'2023-05-02 13:18:01',NULL,NULL,1,1),(113,'0100566','40022644','VASQUEZ RODRIGUEZ, JANNET BRANDA',1,1,1,'vjanetbranda@gmail.com','blank.png',NULL,NULL,'',0,1,'2023-05-02 13:18:01',NULL,NULL,1,1),(114,'0100572','42336303','SALDAÑA AZABACHE, LEONOR JUANA',1,1,1,'leonorj.pauyac@gmail.com','blank.png',NULL,NULL,'',0,1,'2023-05-02 13:18:01',NULL,NULL,1,1),(115,'0100574','41575520','DIAZ ZAMORA, MARIA EDITH',1,1,1,'edithdiazza@gmail.com','blank.png',NULL,NULL,'',0,1,'2023-05-02 13:18:01',NULL,NULL,1,1),(116,'0100576','03690550','GONZALES PALACIOS, NOEMI',1,1,1,'noemigonzalespalacios@gmail.com','blank.png',NULL,NULL,'',0,1,'2023-05-02 13:18:01',NULL,NULL,1,1),(117,'0100598','08163669','LOAYZA ALLENDE, EDITH MARLENE',2,2,1,'loayzaallendemarlene@gmail.com','blank.png',NULL,NULL,'',0,1,'2023-05-02 13:18:01',NULL,NULL,1,1),(118,'0100601','40144074','ROBLES MUCHA, ELIANA MELINA',2,2,1,'elimrm21@gmail.com','blank.png',NULL,NULL,'',0,1,'2023-05-02 13:18:01',NULL,NULL,1,1),(119,'0100607','25852979','ANGULO CABRERA, ELMA ISABEL',1,1,1,'isabelangulo1@hotmail.com','blank.png',NULL,NULL,'',0,1,'2023-05-02 13:18:01',NULL,NULL,1,1),(120,'0100608','40448990','AGUIRRE LINO, PEDRO IVAN',1,1,1,'ivan.aguirre.l.33@gmail.com','blank.png',NULL,NULL,'',0,1,'2023-05-02 13:18:01',NULL,NULL,1,1),(121,'0100610','18836740','RODRIGUEZ VASQUEZ, JAVIER',1,1,1,'jarova.gopi@gmail.com','blank.png',NULL,NULL,'',0,1,'2023-05-02 13:18:01',NULL,NULL,1,1),(122,'0100612','41028575','CANCHUMANYA QUISPE, GUISELA YUDITH',2,2,1,'gigayudith@hotmail.com','blank.png',NULL,NULL,'',0,1,'2023-05-02 13:18:01',NULL,NULL,1,1),(123,'0100615','41212733','MANRIQUE SALINAS, FLOR LUZ',1,1,1,'yudith_0024@hotmail.com','blank.png',NULL,NULL,'',0,1,'2023-05-02 13:18:01',NULL,NULL,1,1),(124,'0100616','01116042','PANDURO TORRES, TANI',1,1,1,'tani120968@gmail.com','blank.png',NULL,NULL,'',0,1,'2023-05-02 13:18:01',NULL,NULL,1,1),(125,'0100617','08889640','MAYHUIRE AMPUERO, NANCY ALBERTINA',1,1,1,'linda_nany@hotmail.com','blank.png',NULL,NULL,'',0,1,'2023-05-02 13:18:01',NULL,NULL,0,1),(126,'0100619','40501746','SUCUITANA JAUREGUI, ARALI TEOFILA',1,1,1,'arali_sj@hotmail.com','blank.png',NULL,NULL,'',0,1,'2023-05-02 13:18:01',NULL,NULL,1,1),(127,'0100631','06805879','LEON JULCA, ROSA BEATRIZ',1,1,1,'rosileo11@hotmail.com','blank.png',NULL,NULL,'',0,1,'2023-05-02 13:18:01',NULL,NULL,1,1),(128,'0100646','40436472','CHU RAMIREZ, ANTONIO',1,4,1,'zeykoo0019@gmail.com','blank.png',NULL,NULL,'',0,1,'2023-05-02 13:18:01',NULL,NULL,1,1),(129,'0100681','41610265','PEREZ BARRIOS, GISELLA VANESSA',1,1,1,'gisellaperez2211@gmail.com','blank.png',NULL,NULL,'',0,1,'2023-05-02 13:18:01',NULL,NULL,1,1),(130,'0100686','42809015','HUAMAN TENORIO, ANA MARIA',1,1,1,'ahuamantenorio@gmail.com','blank.png',NULL,NULL,'',0,1,'2023-05-02 13:18:01',NULL,NULL,1,1),(131,'0100687','09959966','FELIX CONTRERAS, MARTHA ISABEL',1,1,1,'marisafelixcontreras@gmail.com','blank.png',NULL,NULL,'',0,1,'2023-05-02 13:18:01',NULL,NULL,1,1),(132,'0100695','03661611','ZAPATA CESPEDES, KOTI JULIANA',2,2,1,'juzace.jz@gmail.com','blank.png',NULL,NULL,'',0,1,'2023-05-02 13:18:01',NULL,NULL,1,1),(133,'0100705','41433393','CARHUAS CCOELLO, EDWIN ALFREDO',2,2,1,'edwincarhuas28@hotmail.com','blank.png',NULL,NULL,'',0,1,'2023-05-02 13:18:01',NULL,NULL,1,1),(134,'0100707','33941752','AGUILAR ACOSTA, MARIA LUSMILA',1,1,1,'lusmila.aguilar.acosta@gmail.com','blank.png',NULL,NULL,'',0,1,'2023-05-02 13:18:01',NULL,NULL,1,1),(135,'0100711','10698830','TANTARAQUI CORAS, KAREN BEATRIZ',2,3,1,'karenbeat77@hotmail.com','blank.png',NULL,NULL,'',0,1,'2023-05-02 13:18:01',NULL,NULL,1,1),(136,'0100713','40625568','JURADO CASTILLO, LISSETH CRISTINA',2,2,1,'lizu218204@gmail.com','blank.png',NULL,NULL,'',0,1,'2023-05-02 13:18:01',NULL,NULL,1,1),(137,'0100714','41937328','CASAVERDE CASTILLO, WILLIAM KANT',1,1,1,'williamkantc@gmail.com','blank.png',NULL,NULL,'',0,1,'2023-05-02 13:18:01',NULL,NULL,1,1),(138,'0100716','40865017','DUEÑAS ESPINOZA, ALDANA',1,1,1,'aldues1979@gmail.com','blank.png',NULL,NULL,'',0,1,'2023-05-02 13:18:01',NULL,NULL,1,1),(139,'0100717','41588995','TORRES TORNERO, URSULA ROSIO',2,2,1,'ursjlit18@gmail.com','blank.png',NULL,NULL,'',0,1,'2023-05-02 13:18:01',NULL,NULL,1,1),(140,'0100719','41509148','GRADOS CONDORI, MARIA DEL ROSARIO',1,1,1,'rosario.grados.c@gmail.com','blank.png',NULL,NULL,'',0,1,'2023-05-02 13:18:01',NULL,NULL,1,1),(141,'0100732','40498839','URIBE HUAMANI, MARIA MAGALI',1,1,1,'maga79021@gmail.com','blank.png',NULL,NULL,'',0,1,'2023-05-02 13:18:01',NULL,NULL,1,1),(142,'0100773','09746129','ANCHAYA ZANABRIA, DELIA',1,1,1,'delialapoderosa2021@outlook.com','blank.png',NULL,NULL,'',0,1,'2023-05-02 13:18:01',NULL,NULL,0,1),(143,'0100774','40232776','RIOS BAZAN, EMELDA MARBELIA',1,1,1,'emeldariosbazan05@gmail.com','blank.png',NULL,NULL,'',0,1,'2023-05-02 13:18:01',NULL,NULL,1,1),(144,'0100775','10750386','ACHULLI RAMOS, JULIA',1,1,1,'abcd.jar60@gmail.com','blank.png','achulli123','$2y$12$Vmho.RITcKfB9/LoeXB4MuFQfJ36tTK8.ob8hKaV12hoZz2rxvAOi','123',0,1,'2023-05-02 13:18:01',1,'2024-02-23 11:50:51',1,1),(145,'0100781','07223103','PORTOCARRERO LOJA, JUANA ANTONIA',1,1,1,'portomicaela52@gmail.com','blank.png',NULL,NULL,'',0,1,'2023-05-02 13:18:01',NULL,NULL,1,1),(146,'0100784','40012470','QUISPE JIRALDO, MERCEDES',2,3,1,'mercedesquispej@gmail.com','blank.png',NULL,NULL,'',0,1,'2023-05-02 13:18:01',NULL,NULL,1,1),(147,'0100792','21288076','HUATUCO HINOSTROZA, BETTY',1,1,1,'betty.huatuco@gmail.com','blank.png',NULL,NULL,'',0,1,'2023-05-02 13:18:01',NULL,NULL,1,1),(148,'0100793','80087472','HUAMANI HUAMANI, SARITA PAOLA',1,1,1,'paolahuamanihuamani@gmail.com','blank.png',NULL,NULL,'',0,1,'2023-05-02 13:18:01',NULL,NULL,1,1),(149,'0100796','43388703','LLANOS MORAN, YEIMY MARILYN',2,3,1,'yeimyllanos31@gmail.com','blank.png',NULL,NULL,'',0,1,'2023-05-02 13:18:01',NULL,NULL,1,1),(150,'0100797','40749295','MENDOZA TRINIDAD, ROCIO DEL PILAR',1,1,1,'pmendozatrinidad@gmail.com','blank.png',NULL,NULL,'',0,1,'2023-05-02 13:18:01',NULL,NULL,1,1),(151,'0100802','41114869','FOWERAKER MARGALL, YSABEL JUANA',2,13,1,'yfowerakerm@gmail.com','blank.png',NULL,NULL,'',0,1,'2023-05-02 13:18:01',NULL,NULL,1,1),(152,'0100804','42023064','GUZMAN CARPIO, CLAUDIA SOFIA',2,2,1,'cabezita31.cg@gmail.com','blank.png',NULL,NULL,'',0,1,'2023-05-02 13:18:01',NULL,NULL,1,1),(153,'0100805','43427432','IZQUIERDO ALEGRIA, RAQUEL',1,1,1,'raquelizquierdoalegria@gmail.com','blank.png',NULL,NULL,'',0,1,'2023-05-02 13:18:01',NULL,NULL,1,1),(154,'0100813','16705901','VEGA MALUQUIZ, JOSE SEBASTIAN',1,1,1,'vegaclinica@gmail.com','blank.png',NULL,NULL,'',0,1,'2023-05-02 13:18:01',NULL,NULL,1,1),(155,'0100821','25791033','MORALES AREVALO, ANGELICA VICTORIA',1,1,1,'angelamoralesarevalo@gmail.com','blank.png',NULL,NULL,'',0,1,'2023-05-02 13:18:01',NULL,NULL,1,1),(156,'0100826','10201647','ALVARADO GRADOS, LUCY NOEMI',1,1,1,'lucy.nap206@gmail.com','blank.png',NULL,NULL,'',0,1,'2023-05-02 13:18:01',NULL,NULL,1,1),(157,'0100831','41286163','VIDAL BRINGAS, DIANA JULISSA',1,1,1,'dianitavidal58@gmail.com','blank.png',NULL,NULL,'',0,1,'2023-05-02 13:18:01',NULL,NULL,0,1),(158,'0100832','29667508','PAREDES CHOQUEHUANCA, CARMEN JULIA',1,1,1,'camiuch06@gmail.com','blank.png',NULL,NULL,'',0,1,'2023-05-02 13:18:01',NULL,NULL,1,1),(159,'0100834','41272115','YAYA GARCIA, VANESSA VERONICA',2,3,1,'valu_2266@hotmail.com','blank.png',NULL,NULL,'',0,1,'2023-05-02 13:18:01',NULL,NULL,1,1),(160,'0100841','08687628','RAMIREZ ORTEGA, YANETT',2,3,1,'pochacachete@hotmail.com','blank.png',NULL,NULL,'',0,1,'2023-05-02 13:18:01',NULL,NULL,1,1),(161,'0100848','40260027','RAMIREZ APAZA, MARIA TERESA',1,1,1,'mayte104_544@hotmail.com','blank.png',NULL,NULL,'',0,1,'2023-05-02 13:18:01',NULL,NULL,1,1),(162,'0100849','41280623','CAYETANO BLANCO, BLANCA VENANCIA',2,3,1,'blanquitacayetano@gmail.com','blank.png',NULL,NULL,'',0,1,'2023-05-02 13:18:01',NULL,NULL,1,1),(163,'0100865','22480675','CAJALEON MATOS, BERTILA',1,1,1,'bertila_cajaleon@hotmail.com','blank.png',NULL,NULL,'',0,1,'2023-05-02 13:18:01',NULL,NULL,1,1),(164,'0100900','42119109','ASTO PAUCAR, FREDY',1,1,1,'astopaucarf@gmail.com','blank.png',NULL,NULL,'',0,1,'2023-05-02 13:18:01',NULL,NULL,1,1),(165,'0100905','40179291','RODRIGUEZ ONCEBAY, GINA GABY',1,1,1,'ginamasesa03@gmail.com','blank.png',NULL,NULL,'',0,1,'2023-05-02 13:18:01',NULL,NULL,1,1),(166,'0100910','25733750','MEDINA NINANYA, DELIA HERLINDA',1,1,1,'d_medinan@hotmail.com','blank.png',NULL,NULL,'',0,1,'2023-05-02 13:18:01',NULL,NULL,1,1),(167,'0100912','80517733','CORONADO SEÑAS, JUAN PABLO DEL JESUS',1,1,1,'juancoronado1204@gmail.com','blank.png',NULL,NULL,'',0,1,'2023-05-02 13:18:01',NULL,NULL,1,1),(168,'0100913','09496809','GIRALDO SIFUENTES, MARIANELA',2,3,1,'nela2265@gmail.com','blank.png',NULL,NULL,'',0,1,'2023-05-02 13:18:01',NULL,NULL,1,1),(169,'0100929','10696748','ARIAS HERNANDEZ, SHEILLAH ASCENCIONA',1,1,1,'sharhe1627@gmail.com','blank.png',NULL,NULL,'',0,1,'2023-05-02 13:18:01',NULL,NULL,1,1),(170,'0100966','40048170','HINOSTROSA TOLEDO, DIANA',2,5,1,'dianahinostrosa.d10@gmail.com','blank.png',NULL,NULL,'',0,1,'2023-05-02 13:18:01',NULL,NULL,1,1),(171,'0100972','40619051','BARRERA GARCIA, DEYSI ELIZABETH',1,1,1,'debaga7@gmail.com','blank.png',NULL,NULL,'',0,1,'2023-05-02 13:18:01',NULL,NULL,1,1),(172,'0100974','41588003','YUPANQUI MURRIETA, VERA LUCIA',2,3,1,'velula01@gmail.com','blank.png',NULL,NULL,'',0,1,'2023-05-02 13:18:01',NULL,NULL,1,1),(173,'0100976','40328585','SALINAS ANGULO, MARY JANET',1,1,1,'salinasmary1@gmail.com','blank.png',NULL,NULL,'',0,1,'2023-05-02 13:18:01',NULL,NULL,1,1),(174,'0100986','10171511','CARDENAS CHUMBILLUNGO, YENY COTTY',1,1,1,'yeyecardenas09@hotmail.com','blank.png',NULL,NULL,'',0,1,'2023-05-02 13:18:01',NULL,NULL,1,1),(175,'0100988','07497586','VILLAGRA ZARAVIA, ROCIO EDITH',1,1,1,'rociooshin511@gmail.com','blank.png',NULL,NULL,'',0,1,'2023-05-02 13:18:01',NULL,NULL,1,1),(176,'0101001','42780181','REMENTERIA CASTRO, ISABEL CLARA',2,3,1,'rementeriaisabel@gmail.com','blank.png',NULL,NULL,'',0,1,'2023-05-02 13:18:01',NULL,NULL,1,1),(177,'0101007','09902886','CUENTAS CAMPOMANES, EMPERATRIZ GIOVANA',1,1,1,'leoyi_19_8@hotmail.com','blank.png',NULL,NULL,'',0,1,'2023-05-02 13:18:01',NULL,NULL,1,1),(178,'0101008','10778405','BEDON HERNANDEZ, BERTHA',2,3,1,'bertha0402@gmail.com','blank.png',NULL,NULL,'',0,1,'2023-05-02 13:18:01',NULL,NULL,1,1),(179,'0101012','31186115','AULLA LUDEÑA, MARIO',1,1,1,'marioaullal24@hotmail.com','blank.png',NULL,NULL,'',0,1,'2023-05-02 13:18:01',NULL,NULL,1,1),(180,'0101014','43305795','VILLALOBOS HUAPAYA, MALENA ROSAURA',1,1,1,'malvi_16@hotmail.com','blank.png',NULL,NULL,'',0,1,'2023-05-02 13:18:01',NULL,NULL,1,1),(181,'0101015','43662415','UBAQUI DUEÑAS, GARY',1,1,1,'gary0686@hotmail.com','blank.png',NULL,NULL,'',0,1,'2023-05-02 13:18:01',NULL,NULL,1,1),(182,'0101017','42430352','DIAZ CHAVEZ, SILVIA CLENITH',2,3,1,'silviadch1805@gmail.com','blank.png',NULL,NULL,'',0,1,'2023-05-02 13:18:01',NULL,NULL,0,1),(183,'0101029','10677605','CARUAJULCA SILVA, ZAIDA BELISA',1,1,1,'zaida_h4@hotmail.com','blank.png',NULL,NULL,'',0,1,'2023-05-02 13:18:01',NULL,NULL,1,1),(184,'0101048','80678070','CONTRERAS BELLIDO, NAYHUA IDA',2,3,1,'nayhua_230@hotmail.com','blank.png',NULL,NULL,'',0,1,'2023-05-02 13:18:01',NULL,NULL,1,1),(185,'0101053','42367288','ESPINOZA CUEVA, ESTUARDO FERNANDO',2,2,1,'estuardoec10@gmail.com','blank.png',NULL,NULL,'',0,1,'2023-05-02 13:18:01',NULL,NULL,1,1),(186,'0101091','40559588','SOTO VICUÑA, ISAAC',1,1,1,'isv1977@hotmail.com','blank.png',NULL,NULL,'',0,1,'2023-05-02 13:18:01',NULL,NULL,0,1),(187,'0101098','41752611','ACUÑA RAMIREZ, FERNANDO ALEXIS',2,3,1,'fernandoalexis.ar@gmail.com','blank.png',NULL,NULL,'',0,1,'2023-05-02 13:18:01',NULL,NULL,1,1),(188,'0101113','41204584','MAURICIO PALACIN, NELSON JOEL',1,1,1,'tsgnemapa@hotmail.com','blank.png',NULL,NULL,'',0,1,'2023-05-02 13:18:01',NULL,NULL,1,1),(189,'0101126','43953014','REQUEJO DIAZ, ELIZABETH YANNINA',1,1,1,'elizabethyanny.requejo123@gmail.com','blank.png',NULL,NULL,'',0,1,'2023-05-02 13:18:01',NULL,NULL,1,1),(190,'0101142','43176020','ZUÑIGA HERHUAY, NATALY CANDELARIA',1,1,1,'naty040610@gmail.com','blank.png',NULL,NULL,'',0,1,'2023-05-02 13:18:01',NULL,NULL,1,1),(191,'0101148','41852282','CHAVARRIA REYES, PATRICIA ANTONIA',1,1,1,'patychavarria1306@gmail.com','blank.png',NULL,NULL,'',0,1,'2023-05-02 13:18:01',NULL,NULL,1,1),(192,'0101154','41257418','ZEÑA GALVEZ, MELISSA MERCEDES',1,1,1,'avjackson19@hotmail.com','blank.png',NULL,NULL,'',0,1,'2023-05-02 13:18:01',NULL,NULL,1,1),(193,'0101155','41584290','PEREZ PERALTA, VICTOR VALENTIN',1,1,1,'tranki20@hotmail.com','blank.png',NULL,NULL,'',0,1,'2023-05-02 13:18:01',NULL,NULL,1,1),(194,'0101157','40270056','SUNCION ARMIJOS, VIVIANA DEL MILAGROS',1,1,1,'asuncionviviana9@gmail.com','blank.png',NULL,NULL,'',0,1,'2023-05-02 13:18:01',NULL,NULL,1,1),(195,'0101171','43856986','LLUTO QUISPE, LUZMILA',1,1,1,'luzluto@hotmail.com','blank.png',NULL,NULL,'',0,1,'2023-05-02 13:18:01',NULL,NULL,1,1),(196,'0101190','41981047','ANGELES CARRANZA, YSABEL PATRICIA',2,3,1,'angelespatricia1@gmail.com','blank.png',NULL,NULL,'',0,1,'2023-05-02 13:18:01',NULL,NULL,1,1),(197,'0101230','42635421','CARHUAYANO DIAZ, CARLOS MANUEL',1,1,1,'carlonchovirgo@hotmail.com','blank.png',NULL,NULL,'',0,1,'2023-05-02 13:18:01',NULL,NULL,1,1),(198,'0101244','42226064','FRANCO POLANCO, PAMELA MONICA',1,1,1,'pamelafp32@gmail.com','blank.png',NULL,NULL,'',0,1,'2023-05-02 13:18:01',NULL,NULL,1,1),(199,'0101246','43614245','GUILLEN FERRO, MARITZA',2,2,1,'maritzaguillensop@hotmail.com','blank.png',NULL,NULL,'',0,1,'2023-05-02 13:18:01',NULL,NULL,1,1),(200,'0101258','45335810','QUISPE CASAS, MARIANA PATRICIA',1,1,1,'mariana-3017@hotmail.com','blank.png',NULL,NULL,'',0,1,'2023-05-02 13:18:01',NULL,NULL,1,1),(201,'0101263','44459373','LEGUIA FUNDES, DINA MARGARITA',1,1,1,'mar.leguia77@gmail.com','blank.png',NULL,NULL,'',0,1,'2023-05-02 13:18:01',NULL,NULL,1,1),(202,'0101281','10494756','GUTIERREZ TACO, ZULMA IRIS',1,1,1,'iriguttzi@gmail.com','blank.png',NULL,NULL,'',0,1,'2023-05-02 13:18:01',NULL,NULL,1,1),(203,'0101285','44118546','SOLIS PALACIOS, NATHALI ROCIO',2,5,1,'naty_sp24@hotmail.com','blank.png',NULL,NULL,'',0,1,'2023-05-02 13:18:01',NULL,NULL,1,1),(204,'0101300','40318621','GUTIERREZ CALDERON, DELIA ZENOVIA',1,1,1,'deliagutierrez654@gmail.com','blank.png',NULL,NULL,'',0,1,'2023-05-02 13:18:01',NULL,NULL,1,1),(205,'0101305','27436883','CIEZA VASQUEZ, MARIELA',1,1,1,'marielaciezavasquez9@gmail.com','blank.png',NULL,NULL,'',0,1,'2023-05-02 13:18:01',NULL,NULL,1,1),(206,'0101308','44565433','LUJANO CALCINA, JHANET GLADYS',1,1,1,'jhanetlujano29@gmail.com','blank.png',NULL,NULL,'',0,1,'2023-05-02 13:18:01',NULL,NULL,1,1),(207,'0101342','41113247','TUMBAJULCA CASTILLO, ELVIRA YSABEL',1,1,1,'elviratumbajulca@gmail.com','blank.png',NULL,NULL,'',0,1,'2023-05-02 13:18:01',NULL,NULL,1,1),(208,'0101359','45847268','MOLINA AVALOS, JUAN CHRISTIAN',1,1,1,'jmolinaavalos2304@gmail.com','blank.png',NULL,NULL,'',0,1,'2023-05-02 13:18:01',NULL,NULL,1,1),(209,'0101371','42523706','PAUCAR RAMIREZ, EVELYN VANESSA',1,1,1,'vana_pr35@hotmail.com','blank.png',NULL,NULL,'',0,1,'2023-05-02 13:18:01',NULL,NULL,1,1),(210,'0101379','42597930','VARGAS MACHUCA PEÑA, LUIS AUGUSTO',1,1,1,'lvarmacpe@gmail.com','blank.png',NULL,NULL,'',0,1,'2023-05-02 13:18:01',NULL,NULL,1,1),(211,'0101381','44854360','RIVERA AYLAS, LISBETH MELISSA',1,1,1,'lisbeth_melly@hotmail.com','blank.png',NULL,NULL,'',0,1,'2023-05-02 13:18:01',NULL,NULL,1,1),(212,'0101386','07459619','MEZA VELASQUEZ, YANETH OFELIA',2,2,1,'yaneth.meza0701@gmail.com','blank.png',NULL,NULL,'',0,1,'2023-05-02 13:18:01',NULL,NULL,1,1),(213,'0101388','41518941','REQUELME PORTAL, MARIA ROSALIA',1,1,1,'maria.repor@gmail.com','blank.png',NULL,NULL,'',0,1,'2023-05-02 13:18:01',NULL,NULL,1,1),(214,'0101399','40595568','RIVERA GUERRA, JANET ELENA',1,1,1,'elerivera35@gmail.com','blank.png',NULL,NULL,'',0,1,'2023-05-02 13:18:01',NULL,NULL,1,1),(215,'0101421','42780766','FERNANDEZ FELIX, JENY',1,1,1,'jenyfernandez.2209@gmail.com','blank.png',NULL,NULL,'',0,1,'2023-05-02 13:18:01',NULL,NULL,1,1),(216,'0101423','06790909','ALMANZA SIERRA, EDITH',2,3,1,'edital03@hotmail.com','blank.png',NULL,NULL,'',0,1,'2023-05-02 13:18:01',NULL,NULL,1,1),(217,'0101431','45140305','GOMEZ LORENZO, HECTOR FRANCOIS',2,2,1,'hfgl1988@gmail.com','blank.png',NULL,NULL,'',0,1,'2023-05-02 13:18:01',NULL,NULL,1,1),(218,'0101438','45779149','JOAQUIN FARROÑAN, LINDA LEE',1,1,1,'lindalinda15460@gmail.com','blank.png',NULL,NULL,'',0,1,'2023-05-02 13:18:01',NULL,NULL,0,1),(219,'0101457','44502698','ALLCCAHUAMAN DAMIANO, LIDIA LISET',2,3,1,'liset_1108@hotmail.com','blank.png',NULL,NULL,'',0,1,'2023-05-02 13:18:01',NULL,NULL,1,1),(220,'0101462','45469392','LOVERA LIVIAS, CYNTHIA GABRIELA',2,5,1,'lovera14@hotmail.com','blank.png',NULL,NULL,'',0,1,'2023-05-02 13:18:01',NULL,NULL,1,1),(221,'0101469','46037723','RUIZ CARDENAS, ZAYRA ROSA',1,1,1,'zruizc1982@gmail.com','blank.png',NULL,NULL,'',0,1,'2023-05-02 13:18:01',NULL,NULL,1,1),(222,'0101471','43992069','CAYLLAHUA PUMALLIHUA, JANET ANDREA',1,1,1,'andreacay1286@gmail.com','blank.png',NULL,NULL,'',0,1,'2023-05-02 13:18:01',NULL,NULL,1,1),(223,'0101474','45192266','SANCHEZ VASQUEZ, ROSA ELVIRA',1,1,1,'roxita_2307@hotmail.com','blank.png',NULL,NULL,'',0,1,'2023-05-02 13:18:01',NULL,NULL,1,1),(224,'0101479','43956755','HUAMAN FLORES, FRANCO',2,3,1,'franco29.flores@gmail.com','blank.png',NULL,NULL,'',0,1,'2023-05-02 13:18:01',NULL,NULL,1,1),(225,'0101483','43986392','CARBAJAL HUAMACTO, SILVIA ROSA',1,1,1,'silviacarbajal147@gmail.com','blank.png',NULL,NULL,'',0,1,'2023-05-02 13:18:02',NULL,NULL,0,1),(226,'0101496','25801909','FERNANDEZ NAJARRO, CHARITA',1,1,1,'charo0924@gmail.com','blank.png',NULL,NULL,'',0,1,'2023-05-02 13:18:02',NULL,NULL,1,1),(227,'0101508','10685876','CHINCHA AGUILAR, MARIA DEL PILAR',1,1,1,'angelesaguilar19777@gmail.com','blank.png',NULL,NULL,'',0,1,'2023-05-02 13:18:02',NULL,NULL,1,1),(228,'0101510','45520748','CARDENAS VENTURA, MIRIAM',2,3,1,'mirca_2889@hotmail.com','blank.png',NULL,NULL,'',0,1,'2023-05-02 13:18:02',NULL,NULL,1,1),(229,'0101511','10132639','MONZON RODRIGUEZ, MANUEL',1,1,1,'manuelmonzon998@gmail.com','blank.png',NULL,NULL,'',0,1,'2023-05-02 13:18:02',NULL,NULL,0,1),(230,'0101527','43516976','PAREJA FABIAN, MARISOL',1,1,1,'mari_tauro_6@hotmail.com','blank.png',NULL,NULL,'',0,1,'2023-05-02 13:18:02',NULL,NULL,1,1),(231,'0101534','10087236','CARDENAS ORIHUELA, VICTORIA MARIBEL',1,1,1,'muriel72015@gmail.com','blank.png',NULL,NULL,'',0,1,'2023-05-02 13:18:02',NULL,NULL,1,1),(232,'0101543','42195624','RISCO CARRASCO, JOSE NEISER',1,1,1,'jrisco40@gmail.com','blank.png',NULL,NULL,'',0,1,'2023-05-02 13:18:02',NULL,NULL,1,1),(233,'0101634','10789616','MAMANI RETAMOZO, MARIA',1,1,1,'retamozo.0808@gmail.com','blank.png',NULL,NULL,'',0,1,'2023-05-02 13:18:02',NULL,NULL,1,1),(234,'0101647','45675318','NAVARRO LIMA, REYNITA',1,1,1,'isabel_061987@hotmail.com','blank.png',NULL,NULL,'',0,1,'2023-05-02 13:18:02',NULL,NULL,1,1),(235,'0101655','44919856','POLANCO CASTILLO, YULIANA ELIZABETH',1,1,1,'yuli_21_55@hotmail.com','blank.png',NULL,NULL,'',0,1,'2023-05-02 13:18:02',NULL,NULL,0,1),(236,'0101656','43521621','GODOY JANAMPA, JANETH AMANDA',1,1,1,'janeth2014godoy@gmail.com','blank.png',NULL,NULL,'',0,1,'2023-05-02 13:18:02',NULL,NULL,1,1),(237,'0101658','44418809','GONZALES ESCOBEDO, JACKELIN LORENA',2,2,1,'leonxitah2014@gmail.com','blank.png',NULL,NULL,'',0,1,'2023-05-02 13:18:02',NULL,NULL,1,1),(238,'0101659','40830018','RAMON VEGA, JUANA IMEZDA',1,1,1,'juanitaramonv@gmail.com','blank.png',NULL,NULL,'',0,1,'2023-05-02 13:18:02',NULL,NULL,1,1),(239,'0101661','42772295','TORRES ROJAS, ESTARKIN LIMBER',1,1,1,'starkitorres@gmail.com','blank.png',NULL,NULL,'',0,1,'2023-05-02 13:18:02',NULL,NULL,1,1),(240,'0101665','46073431','PEÑA ESPINOZA, CLAUDIA GABRIELA',1,1,1,'gabype41@gmail.com','blank.png',NULL,NULL,'',0,1,'2023-05-02 13:18:02',NULL,NULL,0,1),(241,'0101672','42834931','MARAVI CAMARA, LIZBETH GLORIA',1,1,1,'lizbeth987_81@hotmail.com','blank.png',NULL,NULL,'',0,1,'2023-05-02 13:18:02',NULL,NULL,1,1),(242,'0101684','47820071','MURGA GUTIERREZ, LILIA ROCIO',1,1,1,'venus_rm20@hotmail.com','blank.png',NULL,NULL,'',0,1,'2023-05-02 13:18:02',NULL,NULL,1,1),(243,'0101693','10245525','BAUTISTA LOPEZ, GUADALUPE REYNA',1,1,1,'guadalupereynabautistalopez@gmail.com','blank.png',NULL,NULL,'',0,1,'2023-05-02 13:18:02',NULL,NULL,1,1),(244,'0101694','40223235','BENDEZU HUAMANI, JENNY GIOVANNA',1,1,1,'giovanna0656@gmail.com','blank.png',NULL,NULL,'',0,1,'2023-05-02 13:18:02',NULL,NULL,1,1),(245,'0101695','02830374','BRUNO VASQUEZ, VICTOR',1,1,1,'bruno_vv10@hotmail.com','blank.png',NULL,NULL,'',0,1,'2023-05-02 13:18:02',NULL,NULL,1,1),(246,'0101712','45733948','CHIPANA CARRASCO, MARISOL',1,1,1,'marisolyxd@gmail.com','blank.png',NULL,NULL,'',0,1,'2023-05-02 13:18:02',NULL,NULL,1,1),(247,'0101724','41325820','SARMIENTO AYQUIPA, LISSETTE DALILA',1,1,1,'lissette_sarmiento@hotmail.com','blank.png',NULL,NULL,'',0,1,'2023-05-02 13:18:02',NULL,NULL,1,1),(248,'0101729','42837633','OSORIO FERNANDEZ, KEYLLA NATHALI',1,1,1,'keylla_nathali_of@hotmail.com','blank.png',NULL,NULL,'',0,1,'2023-05-02 13:18:02',NULL,NULL,1,1),(249,'0101731','44351151','CRUZ CARRANZA, JONATHAN',2,3,1,'jhony.cruz.23@gmail.com','blank.png',NULL,NULL,'',0,1,'2023-05-02 13:18:02',NULL,NULL,1,1),(250,'0101739','44881238','RIOS NEIRA, ADAMA GUDELIA',1,1,1,'adama.rios88@gmail.com','blank.png',NULL,NULL,'',0,1,'2023-05-02 13:18:02',NULL,NULL,0,1),(251,'0101758','40858001','CHAINA GALVAN, CELEDONIA',1,1,1,'chainacely@gmail.com','blank.png',NULL,NULL,'',0,1,'2023-05-02 13:18:02',NULL,NULL,1,1),(252,'0101777','44847374','MARTINEZ TORRES, AMELIA',1,1,1,'5febrero2011@gmail.com','blank.png',NULL,NULL,'',0,1,'2023-05-02 13:18:02',NULL,NULL,1,1),(253,'0101780','46231009','ALMENARA RAMIREZ, MAILY',1,1,1,'mailyalmenara8@gmail.com','blank.png',NULL,NULL,'',0,1,'2023-05-02 13:18:02',NULL,NULL,1,1),(254,'0101781','15672022','PASTOR RAMOS, LUIS ANTONIO',1,1,1,'luispastor09@gmail.com','blank.png',NULL,NULL,'',0,1,'2023-05-02 13:18:02',NULL,NULL,1,1),(255,'0101782','10365353','DE LA CRUZ BARRIENTOS, JENY JULISSA',1,1,1,'julissadelacruz1976@gmail.com','blank.png',NULL,NULL,'',0,1,'2023-05-02 13:18:02',NULL,NULL,1,1),(256,'0101783','09518688','CUBA SALVATIERRA, DELIA',1,1,1,'deliacuba1968@gmail.com','blank.png',NULL,NULL,'',0,1,'2023-05-02 13:18:02',NULL,NULL,1,1),(257,'0101786','41749953','MEZA AGUILAR, DEISSY',1,1,1,'deissymeza@gmail.com','blank.png',NULL,NULL,'',0,1,'2023-05-02 13:18:02',NULL,NULL,1,1),(258,'0101800','10469201','VALENCIA GUTIERREZ, GLADYS MARIBEL',1,1,1,'palomakeren@hotmail.com','blank.png',NULL,NULL,'',0,1,'2023-05-02 13:18:02',NULL,NULL,1,1),(259,'0101820','42279303','CHOQUE CCORISONCCO, MARY LUZ',1,1,1,'mary_choque7@hotmail.com','blank.png',NULL,NULL,'',0,1,'2023-05-02 13:18:02',NULL,NULL,1,1),(260,'0101841','42674435','ZELADA REQUEJO, VERONICA',1,1,1,'veronicazr84@gmail.com','blank.png',NULL,NULL,'',0,1,'2023-05-02 13:18:02',NULL,NULL,1,1),(261,'0101851','45818389','RONDINEL CASTAÑEDA, GABRIELA PAOLA',2,2,1,'gaby_rc_7@hotmail.com','blank.png',NULL,NULL,'',0,1,'2023-05-02 13:18:02',NULL,NULL,1,1),(262,'0101894','44683308','GARCIA PEREZ, MIRIAM ESTHER',1,1,1,'lucimidu87@gmail.com','blank.png',NULL,NULL,'',0,1,'2023-05-02 13:18:02',NULL,NULL,1,1),(263,'0101980','47761025','GUTIERREZ MANRIQUE, JOSELYN SOFIA',2,3,1,'loveliness_1516@hotmail.com','blank.png',NULL,NULL,'',0,1,'2023-05-02 13:18:02',NULL,NULL,1,1),(264,'0101993','45589301','POLANCO CASTILLO, YVONNE STHEFANIE',1,1,1,'yvonne_1205@hotmail.com','blank.png',NULL,NULL,'',0,1,'2023-05-02 13:18:02',NULL,NULL,1,1),(265,'0102012','42513263','CALCIN MIGUEL, REYNA GISSELA',1,1,1,'gisela3218@hotmail.com','blank.png',NULL,NULL,'',0,1,'2023-05-02 13:18:02',NULL,NULL,1,1),(266,'0102077','46385683','GARATE HUAMAN, LEONARDA',1,1,1,'leonardagaratehu@gmail.com','blank.png',NULL,NULL,'',0,1,'2023-05-02 13:18:02',NULL,NULL,1,1),(267,'0102083','46925236','GUTIERREZ GRIMALDO, MARICRUZ GUILIANA',1,1,1,'marigutierrezgrimaldo@gmail.com','blank.png',NULL,NULL,'',0,1,'2023-05-02 13:18:02',NULL,NULL,1,1),(268,'0102143','40429140','RIVADENEYRA HUAPAYA, JULY LISSETH',2,5,1,'juseth_2110juface@hotmail.com','blank.png',NULL,NULL,'',0,1,'2023-05-02 13:18:02',NULL,NULL,1,1),(269,'0102170','46684111','PIZARRO MARCELO, PAMELA LISET',2,2,1,'pamelapizarro6115@gmail.com','blank.png',NULL,NULL,'',0,1,'2023-05-02 13:18:02',NULL,NULL,1,1),(270,'0102203','45865515','ANDIA CORREA, RAUL GIANFRANCO',2,2,1,'raulking373@gmail.com','blank.png',NULL,NULL,'',0,1,'2023-05-02 13:18:02',NULL,NULL,1,1),(271,'0102209','46160744','GARCIA PACO, JESSICA ESTEFANI',1,1,1,'jgarciapaco@gmail.com','blank.png',NULL,NULL,'',0,1,'2023-05-02 13:18:02',NULL,NULL,1,1),(272,'0102212','41187829','UBALDO DAVILA, CHARO BEATRIZ',2,3,1,'charoubaldo7@gmail.com','blank.png',NULL,NULL,'',0,1,'2023-05-02 13:18:02',NULL,NULL,1,1),(273,'0102222','42590701','HUANGAL DAVALOS, EDITH YOLANDA',1,1,1,'eyhd1984@gmail.com','blank.png',NULL,NULL,'',0,1,'2023-05-02 13:18:02',NULL,NULL,1,1),(274,'0102223','42570612','ALFARO LUJAN, LIZ MARIBEL',1,1,1,'lizalfaro2106@gmail.com','blank.png',NULL,NULL,'',0,1,'2023-05-02 13:18:02',NULL,NULL,1,1),(275,'0102224','45847358','AQUINO AQUINO, HILDA REBECA',1,1,1,'rebeakino9@gmail.com','blank.png',NULL,NULL,'',0,1,'2023-05-02 13:18:02',NULL,NULL,1,1),(276,'0102245','43135271','MOROCCOLLA GAMARRA, GUILMAR',1,1,1,'guilmarmg24@gmail.com','blank.png',NULL,NULL,'',0,1,'2023-05-02 13:18:02',NULL,NULL,1,1),(277,'0102246','45639885','CONDORI VELASQUEZ, CAREN ELIZABETH',1,1,1,'karen_16_29@hotmail.com','blank.png',NULL,NULL,'',0,1,'2023-05-02 13:18:02',NULL,NULL,1,1),(278,'0102255','46047600','GARATE HUAMAN, YANET',1,1,1,'ygaratehuaman@gmail.com','blank.png',NULL,NULL,'',0,1,'2023-05-02 13:18:02',NULL,NULL,1,1),(279,'0102259','45441003','HUANCAYA RIMARI, EVELYN AMPARO',2,3,1,'evy1188@hotmail.com','blank.png',NULL,NULL,'',0,1,'2023-05-02 13:18:02',NULL,NULL,0,1),(280,'0102261','41181706','PARIONA IPURRE, CARMEN ROSA',1,1,1,'carmen.pariona.ipurre@gmail.com','blank.png',NULL,NULL,'',0,1,'2023-05-02 13:18:02',NULL,NULL,1,1),(281,'0102288','70325122','QUISPE ACUÑA, ROSA MARIA',1,1,1,'quispearosa@gmail.com','blank.png',NULL,NULL,'',0,1,'2023-05-02 13:18:02',NULL,NULL,1,1),(282,'0102289','06788108','SALVA GARATE, KARIM YESENIA',2,2,1,'ksalva.garate@gmail.com','blank.png',NULL,NULL,'',0,1,'2023-05-02 13:18:02',NULL,NULL,1,1),(283,'0102295','46701409','SILVA LITANO, YULIANA YUDITH',1,1,1,'yulianasl12@gmail.com','blank.png',NULL,NULL,'',0,1,'2023-05-02 13:18:02',NULL,NULL,1,1),(284,'0102305','43839029','CHULAN MONTENEGRO, ROCIO EVELING',2,3,1,'eveling.ch.m@gmail.com','blank.png',NULL,NULL,'',0,1,'2023-05-02 13:18:02',NULL,NULL,0,1),(285,'0102309','43100084','ENRIQUEZ MENDOZA, SOFIA GLICERIA',1,1,1,'sofiaenrriquez.85@gmail.com','blank.png',NULL,NULL,'',0,1,'2023-05-02 13:18:02',NULL,NULL,1,1),(286,'0102431','46726574','VIVAS PUICON, KELLY GIOVANA',1,1,1,'gvp_14_9@hotmail.com','blank.png',NULL,NULL,'',0,1,'2023-05-02 13:18:02',NULL,NULL,1,1),(287,'0102435','47626719','PIZARRO VIZCARRA, BETTY SALOME',1,1,1,'b.salomepizarro@gmail.com','blank.png',NULL,NULL,'',0,1,'2023-05-02 13:18:02',NULL,NULL,1,1),(288,'0102465','43661116','SACSARA MUNAYLLA, ISABEL CARMEN ROSA',1,1,1,'isabelsacsara@gmail.com','blank.png',NULL,NULL,'',0,1,'2023-05-02 13:18:02',NULL,NULL,1,1),(289,'0102468','45687754','FERNANDEZ CALLA, ABIGAIL ROSARIO',1,1,1,'abi2489fernandez@gmail.com','blank.png',NULL,NULL,'',0,1,'2023-05-02 13:18:02',NULL,NULL,1,1),(290,'0102471','47571742','TOLENTINO PEREZ, ABIGAIL JOSEFINA',1,1,1,'abigailtolentinoperez@gmail.com','blank.png',NULL,NULL,'',0,1,'2023-05-02 13:18:02',NULL,NULL,1,1),(291,'0102484','47548412','ROMERO LAVERIANO, DINA',1,1,1,'romerodina55@gmail.com','blank.png',NULL,NULL,'',0,1,'2023-05-02 13:18:02',NULL,NULL,1,1),(292,'0102497','09330442','GONZALES ZEA, ALICIA',1,1,1,'aliciagonzales0110@gmail.com','blank.png',NULL,NULL,'',0,1,'2023-05-02 13:18:02',NULL,NULL,1,1),(293,'0102522','41325442','CULQUI PICHI, GLADIS',1,1,1,'gladisculquip@gmail.com','blank.png',NULL,NULL,'',0,1,'2023-05-02 13:18:02',NULL,NULL,1,1),(294,'0102524','46113469','ZARATE SANDOVAL, KIMBERLY STEPANY',1,1,1,'kimberlyzarate8@gmail.com','blank.png',NULL,NULL,'',0,1,'2023-05-02 13:18:02',NULL,NULL,1,1),(295,'0102535','19870689','RODRIGUEZ CANCHANYA, NANCY MARIBEL',2,2,1,'boletasnancyrodriguez@gmail.com','blank.png',NULL,NULL,'',0,1,'2023-05-02 13:18:02',NULL,NULL,1,1),(296,'0102578','45155104','TORRES SILVA, CESAR JESUS',1,1,1,'jesustorressilva@hotmail.com','blank.png',NULL,NULL,'',0,1,'2023-05-02 13:18:02',NULL,NULL,1,1),(297,'0102579','18157693','MONCADA CATALAN, LILIANA PATRICIA',2,2,1,'liliana19122010@gmail.com','blank.png',NULL,NULL,'',0,1,'2023-05-02 13:18:02',NULL,NULL,0,1),(298,'0102582','70052412','DIAZ RUIZ, MILAGROS KATHERINE',1,1,1,'milis-libra15@hotmail.com','blank.png',NULL,NULL,'',0,1,'2023-05-02 13:18:02',NULL,NULL,1,1),(299,'0102589','47051599','VERDE PIMENTEL, MARCELA AMERICA',1,1,1,'marcelaverde1991@gmail.com','blank.png',NULL,NULL,'',0,1,'2023-05-02 13:18:02',NULL,NULL,1,1),(300,'0102590','48525450','GOMEZ YANAC, YANLY',1,1,1,'yanly1501@gmail.com','blank.png',NULL,NULL,'',0,1,'2023-05-02 13:18:02',NULL,NULL,1,1),(301,'0102601','46642305','RUPAY REYES, YERALDIN JUDITH',1,1,1,'yeraldinrupay@gmail.com','blank.png',NULL,NULL,'',0,1,'2023-05-02 13:18:02',NULL,NULL,1,1),(302,'0102604','70225204','MURGA ARANDA, OSKAR LUIS',2,2,1,'oskarmurga.a@gmail.com','blank.png',NULL,NULL,'',0,1,'2023-05-02 13:18:02',NULL,NULL,1,1),(303,'0102606','45483554','MEDINA MUÑOZ, HILDA',1,1,1,'hildamedinamunoz@gmail.com','blank.png',NULL,NULL,'',0,1,'2023-05-02 13:18:02',NULL,NULL,0,1),(304,'0102610','41548411','USAITA GIL, KAREN FIORELLA',1,1,1,'kafiu82@gmail.com','blank.png',NULL,NULL,'',0,1,'2023-05-02 13:18:02',NULL,NULL,1,1),(305,'0102625','72440437','PARIA EVANGELISTA, LIZBETH ISABEL',1,1,1,'parializbeth@gmail.com','blank.png',NULL,NULL,'',0,1,'2023-05-02 13:18:02',NULL,NULL,1,1),(306,'0102641','47828660','MARTINEZ LUNA, MARLITT',1,1,1,'thechinesse95@gmail.com','blank.png',NULL,NULL,'',0,1,'2023-05-02 13:18:02',NULL,NULL,1,1),(307,'0102709','48549250','HUAMAN IZARRA, LICIA LUCILA',1,1,1,'lucilahuaman3@gmail.com','blank.png',NULL,NULL,'',0,1,'2023-05-02 13:18:02',NULL,NULL,0,1),(308,'0102715','09897620','VIDAL MONTIEL, RUTH YOLANDA',2,5,1,'ruth_vidal19@hotmail.com','blank.png',NULL,NULL,'',0,1,'2023-05-02 13:18:02',NULL,NULL,1,1),(309,'0102732','47077059','QUISPE VASQUEZ, CESAR RUBEN',1,1,1,'cesarquispevasquez14@gmail.com','blank.png',NULL,NULL,'',0,1,'2023-05-02 13:18:02',NULL,NULL,0,1),(310,'0102763','46075754','SANTILLANA ABANTO, JOSE RENATO',2,6,1,'renny_189@hotmail.com','blank.png',NULL,NULL,'',0,1,'2023-05-02 13:18:02',NULL,NULL,1,1),(311,'0102770','44890906','VELASQUEZ MARCA, DAVID DIONICIO',1,1,1,'luday_deyvid2@hotmail.com','blank.png',NULL,NULL,'',0,1,'2023-05-02 13:18:02',NULL,NULL,0,1),(312,'0102771','44218663','SANDOVAL CHARRI, LIZ BONNY',1,1,1,'lizsandovalcharri@gmail.com','blank.png',NULL,NULL,'',0,1,'2023-05-02 13:18:02',NULL,NULL,1,1),(313,'0102775','03883112','QUEVEDO DIOSES, MORAIMA',1,1,1,'mory07cancer@gmail.com','blank.png',NULL,NULL,'',0,1,'2023-05-02 13:18:02',NULL,NULL,1,1),(314,'0102781','70920126','ROMERO SATO, DENISSE RUTH',1,1,1,'denisseromerosato22@gmail.com','blank.png',NULL,NULL,'',0,1,'2023-05-02 13:18:02',NULL,NULL,1,1),(315,'0102789','45541525','MITMA PURI, VANESSA HELEN',1,1,1,'vnemipu@gmail.com','blank.png',NULL,NULL,'',0,1,'2023-05-02 13:18:02',NULL,NULL,1,1),(316,'0102797','47522773','PEZANTES TOMAPASCA, YULISSA',1,1,1,'pezantestomapasca@gmail.com','blank.png',NULL,NULL,'',0,1,'2023-05-02 13:18:02',NULL,NULL,1,1),(317,'0102822','47857346','CCOPA TELLO, LADY JHOANA',1,1,1,'ladyjhoanact@gmail.com','blank.png',NULL,NULL,'',0,1,'2023-05-02 13:18:02',NULL,NULL,1,1),(318,'0102865','43577712','OSORIO MACEDO, CELINA IBETH',2,3,1,'celybeth25@gmail.com','blank.png',NULL,NULL,'',0,1,'2023-05-02 13:18:02',NULL,NULL,1,1),(319,'0102882','44520213','ALARCON YAURI, JHONATAN ISRAEL',2,2,1,'jogy_87@hotmail.com','blank.png',NULL,NULL,'',0,1,'2023-05-02 13:18:02',NULL,NULL,1,1),(320,'0102883','43642736','SANCHEZ MARTINEZ, ROXANA',2,2,1,'saenz.roxana86@gmail.com','blank.png',NULL,NULL,'',0,1,'2023-05-02 13:18:02',NULL,NULL,0,1),(321,'0102910','45958241','LEON HUAMALI, YESICA KARINA',1,1,1,'yleonhuamali@gmail.com','blank.png',NULL,NULL,'',0,1,'2023-05-02 13:18:02',NULL,NULL,1,1),(322,'0102940','47867054','SOPLOPUCO SANCHEZ, DEISY DEL ROSARIO',1,1,1,'deysyss362@gmail.com','blank.png',NULL,NULL,'',0,1,'2023-05-02 13:18:02',NULL,NULL,1,1),(323,'0102999','48193296','FLORES CAMAÑA, GUIDO EFRAIN',1,1,1,'guidoefrain1989@gmail.com','blank.png',NULL,NULL,'',0,1,'2023-05-02 13:18:02',NULL,NULL,1,1),(324,'0103003','43845356','SANCHEZ CALDAS, EDILBERTO NAPOLEON',2,2,1,'napo_sanchez@hotmail.com','blank.png',NULL,NULL,'',0,1,'2023-05-02 13:18:02',NULL,NULL,0,1),(325,'0103020','10527168','VILLACORTA PAIMA, ABEL',1,1,1,'habel2244_vp@hotmail.com','blank.png',NULL,NULL,'',0,1,'2023-05-02 13:18:02',NULL,NULL,1,1),(326,'0103062','47596238','YAURI PEÑA, JESUS GIANMARCO',2,5,1,'jyauripena25@gmail.com','blank.png',NULL,NULL,'',0,1,'2023-05-02 13:18:02',NULL,NULL,1,1),(327,'0103176','70445288','SALAZAR SERQUEN, ANGIE MIREYA',2,3,1,'an_mir1907@hotmail.com','blank.png',NULL,NULL,'',0,1,'2023-05-02 13:18:02',NULL,NULL,0,1),(328,'0103213','76482064','LOAYZA GAONA, GERALDYNE STEFFANY',1,1,1,'geral_loaygao_4@hotmail.com','blank.png',NULL,NULL,'',0,1,'2023-05-02 13:18:02',NULL,NULL,0,1),(329,'0103214','75512588','CAUTI TAPIA, DAYANNE ROSARIO',1,1,1,'dayannecautitapia@gmail.com','blank.png',NULL,NULL,'',0,1,'2023-05-02 13:18:02',NULL,NULL,1,1),(330,'0103242','43880391','BALABARCA BORJA, ELVA EUGENIA',1,1,1,'elva.balabarca.borja@gmail.com','blank.png',NULL,NULL,'',0,1,'2023-05-02 13:18:02',NULL,NULL,1,1),(331,'0103247','47626052','ORTIZ QUISPE, BLANCA FELICIA',1,1,1,'blanka.02.90@hotmail.com','blank.png',NULL,NULL,'',0,1,'2023-05-02 13:18:02',NULL,NULL,1,1),(332,'0103335','48592774','CLEMENTE CHAVEZ, KEVIN CARLOS',1,1,1,'kevin94kccc@gmail.com','blank.png',NULL,NULL,'',0,1,'2023-05-02 13:18:02',NULL,NULL,1,1),(333,'0103337','48506317','TORRES PISCONTE, JASMINA BLANCA',1,1,1,'jasminatp24@gmail.com','blank.png',NULL,NULL,'',0,1,'2023-05-02 13:18:02',NULL,NULL,1,1),(334,'0103338','45473345','CHAVEZ ARCE, MARILIT',1,1,1,'marlit_17_ca@hotmail.com','blank.png',NULL,NULL,'',0,1,'2023-05-02 13:18:02',NULL,NULL,0,1),(335,'0103353','70693569','ARANA MELENDEZ, DIANHY STHER',1,1,1,'dianhyarana@gmail.com','blank.png',NULL,NULL,'',0,1,'2023-05-02 13:18:02',NULL,NULL,0,1),(336,'0103363','42934566','FLORES MEDINA, MARIA DUSA',1,1,1,'mariad_19@hotmail.com','blank.png',NULL,NULL,'',0,1,'2023-05-02 13:18:02',NULL,NULL,1,1),(337,'0103384','70441294','POMACAJA AVILA, ROSSMERY HORTENCIA',1,1,1,'rossmery77_3@hotmail.com','blank.png',NULL,NULL,'',0,1,'2023-05-02 13:18:02',NULL,NULL,0,1),(338,'0103434','42131564','MEDINA RODRIGUEZ, LILIAN MARGOT',2,2,1,'lmmedinar@gmail.com','blank.png',NULL,NULL,'',0,1,'2023-05-02 13:18:02',NULL,NULL,1,1),(339,'0103458','72783801','ZAPATA ECHENIQUE, NATALY YOSEFINA',1,1,1,'nzapatae@gmail.com','blank.png',NULL,NULL,'',0,1,'2023-05-02 13:18:02',NULL,NULL,1,1),(340,'0103490','72790663','QUITO PIZAN, YOSSY KAREN',2,5,1,'yossyquito@gmail.com','blank.png',NULL,NULL,'',0,1,'2023-05-02 13:18:02',NULL,NULL,1,1),(341,'0103560','10140151','GIL MORI, EMILIA',1,1,1,'emigil_74@hotmail.com','blank.png',NULL,NULL,'',0,1,'2023-05-02 13:18:02',NULL,NULL,1,1),(342,'0103569','00255396','VINCES SILVA, POMPEYO',2,2,1,'pompeyo.vinces.s@gmail.com','blank.png',NULL,NULL,'',0,1,'2023-05-02 13:18:02',NULL,NULL,0,1),(343,'0103580','16726786','EFFIO LLUEN, ROSA ESTHER',1,1,1,'roseeffio@hotmail.com','blank.png',NULL,NULL,'',0,1,'2023-05-02 13:18:02',NULL,NULL,1,1),(344,'0103581','45906729','RODRIGUEZ AVALOS, NATHALY VANESSA',1,1,1,'nathaly_15_28@hotmail.com','blank.png',NULL,NULL,'',0,1,'2023-05-02 13:18:02',NULL,NULL,1,1),(345,'0103589','42618383','ANGULO COELLO, NILS',2,2,1,'ltanilsla@hotmail.com','blank.png',NULL,NULL,'',0,1,'2023-05-02 13:18:02',NULL,NULL,1,1),(346,'0103594','22517738','LEZAMETA PATRICIO, EDITH GLORIA',2,2,1,'leza_edith@hotmail.com','blank.png',NULL,NULL,'',0,1,'2023-05-02 13:18:02',NULL,NULL,1,1),(347,'0103625','09440669','HUAPAYA JESUSI, LIZ KELLY',2,2,1,'lizhuapaya@hotmail.com','blank.png',NULL,NULL,'',0,1,'2023-05-02 13:18:02',NULL,NULL,0,1),(348,'0103682','47240338','MACHUCA PATRICIO, NELSON IVAR',2,3,1,'nelson_miusic_mp@hotmail.com','blank.png',NULL,NULL,'',0,1,'2023-05-02 13:18:02',NULL,NULL,0,1),(349,'0103689','42282194','VALLADARES BERNAL, YLLIANA MARIBEL',2,2,1,'yllianamaribel0910@gmail.com','blank.png',NULL,NULL,'',0,1,'2023-05-02 13:18:02',NULL,NULL,1,1),(350,'0103699','09624843','PEREZ TAMBO, ZOILA SOFIA',2,2,1,'sofia_pereztambo@hotmail.com','blank.png',NULL,NULL,'',0,1,'2023-05-02 13:18:02',NULL,NULL,1,1),(351,'0103726','44367276','CELIO CAPUCHO, SALLI LESLEI',2,2,1,'lesliecelio93@gmail.com','blank.png',NULL,NULL,'',0,1,'2023-05-02 13:18:02',NULL,NULL,1,1),(352,'0103727','46179087','CONTRERAS ROJAS, MAYRA',2,2,1,'crmayra89@gmail.com','blank.png',NULL,NULL,'',0,1,'2023-05-02 13:18:02',NULL,NULL,1,1),(353,'0103730','09492813','ALMEYDA CASTILLA DE FELIPA, ROSANA ELIZABETH',2,2,1,'rosanacastilla@hotmail.com','blank.png',NULL,NULL,'',0,1,'2023-05-02 13:18:02',NULL,NULL,1,1),(354,'0103754','42244534','CARBAJAL MANTARI, JUDITH KARINA',2,2,1,'meylin157@hotmail.com','blank.png',NULL,NULL,'',0,1,'2023-05-02 13:18:02',NULL,NULL,0,1),(355,'0103783','40920169','JURADO ORDOÑEZ, YESSI',2,2,1,'yjurado.or@gmail.com','blank.png',NULL,NULL,'',0,1,'2023-05-02 13:18:02',NULL,NULL,0,1),(356,'0103818','46500038','CHAVEZ ESPINOZA, JOSE LUIS',1,1,1,'jolu_2690@hotmail.com','blank.png',NULL,NULL,'',0,1,'2023-05-02 13:18:02',NULL,NULL,1,1),(357,'0103823','46237670','MEDINA MURO, JAVIER ANTONIO',1,1,1,'javi1990nicola@hotmail.com','blank.png',NULL,NULL,'',0,1,'2023-05-02 13:18:02',NULL,NULL,1,1),(358,'0103836','45707159','PEREZ BAUTISTA, NERIDA YESSENIA',2,2,1,'yenery.16@hotmail.com','blank.png',NULL,NULL,'',0,1,'2023-05-02 13:18:02',NULL,NULL,0,1),(359,'0103838','32960200','SANCHEZ CHARCAPE, ROCIO MARIANELLA',2,2,1,'rociosanchezhmc@hotmail.com','blank.png',NULL,NULL,'',0,1,'2023-05-02 13:18:02',NULL,NULL,1,1),(360,'0103845','40830961','ENCISO HUAYHUAS, CARLA',2,2,1,'carla.nurse.cq@gmail.com','blank.png',NULL,NULL,'',0,1,'2023-05-02 13:18:02',NULL,NULL,0,1),(361,'0103876','29380879','YARI ARCE, SILVIA HUBER CENEYRA',2,2,1,'shubercy@yahoo.es','blank.png',NULL,NULL,'',0,1,'2023-05-02 13:18:02',NULL,NULL,1,1),(362,'0103877','06798329','CHIRINOS OSORIO, SAMUEL ISRAEL',NULL,14,1,'samuelchirinos@yahoo.es','blank.png',NULL,NULL,'',0,1,'2023-05-02 13:22:16',NULL,NULL,1,1),(363,'0103878','06769627','RAFAEL AGUILAR, JORGE ANTONIO',NULL,14,1,'jaracoco@gmail.com','blank.png',NULL,NULL,'',0,1,'2023-05-02 13:22:16',NULL,NULL,1,1),(364,'0103884','10729608','TAPULLIMA ALARCON, ROXANA DEL PILAR',2,2,1,'roxana-2607@hotmail.com','blank.png',NULL,NULL,'',0,1,'2023-05-02 13:22:16',NULL,NULL,1,1),(365,'0103889','45519973','DELGADILLO JUAREZ, JANETH',1,1,1,'janethdelgadillojuarez@gmail.com','blank.png',NULL,NULL,'',0,1,'2023-05-02 13:22:16',NULL,NULL,1,1),(366,'0103921','46729041','VILLANUEVA SALAS, MELISA ESTEFANI',1,1,1,'melisaestefanivillanueva@hotmail.com','blank.png',NULL,NULL,'',0,1,'2023-05-02 13:22:16',NULL,NULL,1,1),(367,'0103923','75753082','PASAPERA OBANDO, MARIA GIONELLA',1,1,1,'gio_nella@outlook.com','blank.png',NULL,NULL,'',0,1,'2023-05-02 13:22:16',NULL,NULL,1,1),(368,'0103942','70193510','VILLARREAL CRUZ, MARIA BELEN',2,2,1,'belenvillarreal1991@gmail.com','blank.png',NULL,NULL,'',0,1,'2023-05-02 13:22:16',NULL,NULL,0,1),(369,'0103981','48399946','MALCA SUAREZ, DIANA ISABEL',2,3,1,'isanix_ms25@hotmail.com','blank.png',NULL,NULL,'',0,1,'2023-05-02 13:22:16',NULL,NULL,1,1),(370,'0104042','41095895','UQUICHE QUISPE, EDGAR',1,1,1,'edgaruquichequispe@gmail.com','blank.png',NULL,NULL,'',0,1,'2023-05-02 13:22:16',NULL,NULL,1,1),(371,'0104052','46006900','CASTILLO SANCHEZ, EVELIN PATRICIA',2,2,1,'patricia_c2@hotmail.es','blank.png',NULL,NULL,'',0,1,'2023-05-02 13:22:16',NULL,NULL,1,1),(372,'0104067','06281489','RAMOS DIAZ, SILVIA SOLEDAD',2,6,1,'silviaramosdiaz9@gmail.com','blank.png',NULL,NULL,'',0,1,'2023-05-02 13:22:16',NULL,NULL,1,1),(373,'0104068','07224356','AGUERO NAVARRO, ROSA MARIA',2,5,1,'ragueron@gmail.com','blank.png',NULL,NULL,'',0,1,'2023-05-02 13:22:16',NULL,NULL,0,1),(374,'0104133','40741341','AGUILAR COLQUE, YANETH ALINA',2,2,1,'hellenyanina3@hotmail.com','blank.png',NULL,NULL,'',0,1,'2023-05-02 13:22:16',NULL,NULL,1,1),(375,'0104147','41716643','CASTILLEJO OLIVAS, DELINA ETELVINA',2,2,1,'delina04_jfsc@hotmail.com','blank.png',NULL,NULL,'',0,1,'2023-05-02 13:22:16',NULL,NULL,1,1),(376,'0104183','46070296','HUAMAN ROJAS, FIORELLA ELIZABETH',2,2,1,'fiorelliz@hotmail.com','blank.png',NULL,NULL,'',0,1,'2023-05-02 13:22:16',NULL,NULL,0,1),(377,'0104218','005606931','URQUIOLA FRANCIS, YENNY DEL VALLE',2,3,2,'yennyfrancis9@gmail.com','blank.png',NULL,NULL,'',0,1,'2023-05-02 13:22:16',NULL,NULL,0,1),(378,'0104219','003847932','MORA VERA, GRATIMIANO',2,3,2,'gratimianomora@gmail.com','blank.png',NULL,NULL,'',0,1,'2023-05-02 13:22:16',NULL,NULL,1,1),(379,'0104222','003649056','ESCOBAR MUJICA, JACKSON MIGUEL',2,3,2,'jackroach84@hotmail.com','blank.png',NULL,NULL,'',0,1,'2023-05-02 13:22:16',NULL,NULL,0,1),(380,'0104229','003264278','USECHE CHACON, JORGY RAMON',2,3,2,'usechechaconj@gmail.com','blank.png',NULL,NULL,'',0,1,'2023-05-02 13:22:16',NULL,NULL,1,1),(381,'0104230','004546565','BARRIOS BUENO, JHONNY ALBERTO',2,3,2,'jhonnalbert1712@gmail.com','blank.png',NULL,NULL,'',0,1,'2023-05-02 13:22:16',NULL,NULL,0,1),(382,'0104235','003964347','HERNANDEZ SANCHEZ, CLAUDIMAR KARINA',2,3,2,'claudimarhernandez65@gmail.com','blank.png',NULL,NULL,'',0,1,'2023-05-02 13:22:16',NULL,NULL,1,1),(383,'0104244','004338878','TOVAR HERRERA, DAFNE GERTRUDIS',1,1,2,'dafne267tovar@gmail.com','blank.png',NULL,NULL,'',0,1,'2023-05-02 13:22:16',NULL,NULL,0,1),(384,'0104252','002046820','SUAREZ PALMA, JASNEL ELIEZER',2,1,2,'jasnelsuarez1976@gmail.com','blank.png',NULL,NULL,'',0,1,'2023-05-02 13:22:16',NULL,NULL,0,1),(385,'0104256','003971844','MARTINEZ CASTILLO, ROSA MAGALY',2,3,2,'rosamartinezroger@gmail.com','blank.png',NULL,NULL,'',0,1,'2023-05-02 13:22:16',NULL,NULL,0,1),(386,'0104257','002397730','MORILLO TALAVERA, HERNAN ANTONIO',2,1,2,'hamt87@gmail.com','blank.png',NULL,NULL,'',0,1,'2023-05-02 13:22:16',NULL,NULL,1,1),(387,'0104259','004584462','VALERA PEREZ, FRANCIA ALEJANDRA',2,3,2,'pinela2424@hotmail.com','blank.png',NULL,NULL,'',0,1,'2023-05-02 13:22:16',NULL,NULL,1,1),(388,'0104260','004460226','GRILLET ROJAS, BLANCA ANDREINA',2,3,2,'blancagrillet@hotmail.com','blank.png',NULL,NULL,'',0,1,'2023-05-02 13:22:16',NULL,NULL,1,1),(389,'0104263','004112976','SANCHEZ MARTINEZ, ROBERT MAYKOL',1,1,2,'maikolmartinez0305@gmail.com','blank.png',NULL,NULL,'',0,1,'2023-05-02 13:22:16',NULL,NULL,1,1),(390,'0104266','003388720','PABON GUERRA, MARIA DEL CARMEN',1,1,2,'consentida.pabon.1980@gmail.com','blank.png',NULL,NULL,'',0,1,'2023-05-02 13:22:16',NULL,NULL,1,1),(391,'0104271','004073887','ASCANIO PEREZ, MARCO JOSE',2,3,2,'marcoasca2012@gmail.com','blank.png',NULL,NULL,'',0,1,'2023-05-02 13:22:16',NULL,NULL,1,1),(392,'0104275','002682717','GUZMAN LOZADA, PRISCILA MARIA',2,3,2,'priscilaguzman69@gmail.com','blank.png',NULL,NULL,'',0,1,'2023-05-02 13:22:16',NULL,NULL,0,1),(393,'0104279','004010070','BRICEÑO QUINTERO, DIANA CAROLINA',2,3,2,'bricenodiana31@gmail.com','blank.png',NULL,NULL,'',0,1,'2023-05-02 13:22:16',NULL,NULL,1,1),(394,'0104280','003652730','RONDON PEREZ, EVENCIA CAROLINA',2,3,2,'evencia.carolina.rondon@gmail.com','blank.png',NULL,NULL,'',0,1,'2023-05-02 13:22:16',NULL,NULL,1,1),(395,'0104282','49037969','SALAZAR GONZALEZ, SUSSAN KRISTHY',1,1,1,'sussanny2407@gmail.com','blank.png',NULL,NULL,'',0,1,'2023-05-02 13:22:16',NULL,NULL,1,1),(396,'0104284','003681026','DIAZ , LIZARDO JOSE',2,3,2,'lizardodiazdiaz79@gmail.com','blank.png',NULL,NULL,'',0,1,'2023-05-02 13:22:16',NULL,NULL,0,1),(397,'0104287','003533107','MENDOZA GUERRERO, JOHANAJOSET ALEJANDRINA',1,1,2,'johanayotset@gmail.com','blank.png',NULL,NULL,'',0,1,'2023-05-02 13:22:16',NULL,NULL,0,1),(398,'0104289','003750456','CORONEL DURAN, GLEIDIS YASMIN',1,1,2,'yasmincoronel1106@gmail.com','blank.png',NULL,NULL,'',0,1,'2023-05-02 13:22:16',NULL,NULL,0,1),(399,'0104290','003745282','ULACIO GONZALEZ, JOHANA CAROLINA',1,1,2,'johana.ulacio37@gmail.com','blank.png',NULL,NULL,'',0,1,'2023-05-02 13:22:16',NULL,NULL,0,1),(400,'0104291','004745053','FLORES CAMARGO, MARIA ALEJANDRA',1,1,2,'mariialeflores@gmail.com','blank.png',NULL,NULL,'',0,1,'2023-05-02 13:22:16',NULL,NULL,0,1),(401,'0104292','004320272','TORRES TORREALBA, JERLYTH CRISTINA',2,1,2,'jerlyth_87@hotmail.com','blank.png',NULL,NULL,'',0,1,'2023-05-02 13:22:16',NULL,NULL,0,1),(402,'0104293','002436121','BOZO RIOS, JONATHAN ALBERTO',1,1,2,'jonathanbozo33_3@hotmail.com','blank.png',NULL,NULL,'',0,1,'2023-05-02 13:22:16',NULL,NULL,1,1),(403,'0104294','002436061','MARTINEZ CASTILLO, VANESSA VIRGINIA',2,3,2,'vanvimarc26@gmail.com','blank.png',NULL,NULL,'',0,1,'2023-05-02 13:22:16',NULL,NULL,1,1),(404,'0104296','002691736','CARRERA GOMEZ, DEL VALLE ISABEL',1,1,2,'delvallecarrera83@gmail.com','blank.png',NULL,NULL,'',0,1,'2023-05-02 13:22:16',NULL,NULL,0,1),(405,'0104297','003294934','SALAZAR MARTINEZ, MARIURBER ROSLINA',1,1,2,'mariurbersalazarmartinez@gmail.com','blank.png',NULL,NULL,'',0,1,'2023-05-02 13:22:16',NULL,NULL,0,1),(406,'0104298','004303148','TORRES CONTRERAS, MAYERLYN DIVIRLEY',2,3,2,'mayerdivirleytorrescontreras@gmail.com','blank.png',NULL,NULL,'',0,1,'2023-05-02 13:22:16',NULL,NULL,1,1),(407,'0104300','002147906','RONDON LUCENA, SHAMIR ANTONIO',2,3,2,'shamirrondon@gmail.com','blank.png',NULL,NULL,'',0,1,'2023-05-02 13:22:16',NULL,NULL,1,1),(408,'0104301','002232890','CALDERON DE CHACON, BELKYS ADRIANA',1,1,2,'cachopobelkys@gmail.com','blank.png',NULL,NULL,'',0,1,'2023-05-02 13:22:16',NULL,NULL,0,1),(409,'0104313','004027023','ORTEGA CARREÑO, EDGAR CLEMENTE',2,3,2,'ecoc1303@gmail.com','blank.png',NULL,NULL,'',0,1,'2023-05-02 13:22:16',NULL,NULL,1,1),(410,'0104322','004043594','GONZALEZ VITEL, ANA EMILIS',2,3,2,'anaemily2014@gmail.com','blank.png',NULL,NULL,'',0,1,'2023-05-02 13:22:16',NULL,NULL,1,1),(411,'0104325','003484874','GONZALEZ RODRIGUEZ, CARLOS RAFAEL',1,1,2,'lenniscedeno.2013@gmail.com','blank.png',NULL,NULL,'',0,1,'2023-05-02 13:22:16',NULL,NULL,0,1),(412,'0104326','003879892','RONDON ARREAZA, HECTOR LUIS',2,3,2,'hectorluis10061975@gmail.com','blank.png',NULL,NULL,'',0,1,'2023-05-02 13:22:16',NULL,NULL,1,1),(413,'0104327','000130157','GARCIA FLOREZ, JACKSON MIGUEL',2,1,2,'garciajackson0@gmail.com','blank.png',NULL,NULL,'',0,1,'2023-05-02 13:22:16',NULL,NULL,0,1),(414,'0104333','002426182','LOPEZ GIMENEZ, MARIA EUGENIA',2,3,2,'me87lopez@gmail.com','blank.png',NULL,NULL,'',0,1,'2023-05-02 13:22:16',NULL,NULL,0,1),(415,'0104342','004725454','MALDONADO JIMENEZ, CARLOS ALFREDO',1,1,2,'carlosmaldonado2104@gmail.com','blank.png',NULL,NULL,'',0,1,'2023-05-02 13:22:16',NULL,NULL,0,1),(416,'0104346','003224690','LOPEZ CORTEZ, FREDHANNI ANIELA',2,3,2,'fredhanni30@gmail.com','blank.png',NULL,NULL,'',0,1,'2023-05-02 13:22:16',NULL,NULL,0,1),(417,'0104350','003667981','RICO , YURAIMA COROMOTO',2,3,2,'yuraimarico911@gmail.com','blank.png',NULL,NULL,'',0,1,'2023-05-02 13:22:16',NULL,NULL,0,1),(418,'0104354','004301252','PACHECO RODRIGUEZ, NAILY ROSELYN',1,1,2,'14463174n@gmail.com','blank.png',NULL,NULL,'',0,1,'2023-05-02 13:22:16',NULL,NULL,0,1),(419,'0104355','004408928','HURTADO BETANCOURT, XIALIZ VIRGINIA',2,3,2,'xializ85@gmail.com','blank.png',NULL,NULL,'',0,1,'2023-05-02 13:22:16',NULL,NULL,0,1),(420,'0104356','002770857','CARUCI ARRIECHE, CARELIS ELENA',2,3,2,'careliscarucia@gmail.com','blank.png',NULL,NULL,'',0,1,'2023-05-02 13:22:16',NULL,NULL,1,1),(421,'0104371','002355516','RODRIGUEZ SILVA, YULITZA ZARINA',1,1,2,'yulitzarina@gmail.com','blank.png',NULL,NULL,'',0,1,'2023-05-02 13:22:16',NULL,NULL,0,1),(422,'0104373','003223697','LINARES MENDOZA, VICTOR LUIS',1,1,2,'victorlinares180@gmail.com','blank.png',NULL,NULL,'',0,1,'2023-05-02 13:22:16',NULL,NULL,1,1),(423,'0104383','003219360','MORALES , FERNANDO JOSE',2,3,2,'www.fernando1234@hotmail.com','blank.png',NULL,NULL,'',0,1,'2023-05-02 13:22:16',NULL,NULL,0,1),(424,'0104384','003165155','MORENO BOLIVAR, GINGER PAULINE',2,5,2,'ginger.moreno23@gmail.com','blank.png',NULL,NULL,'',0,1,'2023-05-02 13:22:16',NULL,NULL,1,1),(425,'0104391','003895955','MENDOZA RODRIGUEZ, NILSON OSWALDO',1,1,2,'nilson17m@gmail.com','blank.png',NULL,NULL,'',0,1,'2023-05-02 13:22:16',NULL,NULL,1,1),(426,'0104394','004552457','HERNANDEZ GONZALEZ, CLARISA ROMINA',1,1,2,'clarisahermandez2020@gmail.com','blank.png',NULL,NULL,'',0,1,'2023-05-02 13:22:16',NULL,NULL,0,1),(427,'0104396','004644892','ORTIZ LOPEZ, LAUMARY JOSEFINA',2,3,2,'laumary.ortiz@gmail.com','blank.png',NULL,NULL,'',0,1,'2023-05-02 13:22:16',NULL,NULL,1,1),(428,'0104399','003974634','MIRABAL PAEZ, PAOLIS ANTONIELA',2,3,2,'paolismirabal01@gmail.com','blank.png',NULL,NULL,'',0,1,'2023-05-02 13:22:16',NULL,NULL,1,1),(429,'0104402','001041919','GARCIA LINARES, JOSE DEXO',1,1,2,'josedg048@gmail.com','blank.png',NULL,NULL,'',0,1,'2023-05-02 13:22:16',NULL,NULL,0,1),(430,'0104403','003615630','URBINA DELGADO, CARLEN VALERIA',1,1,2,'carlenurbina@gmail.com','blank.png',NULL,NULL,'',0,1,'2023-05-02 13:22:16',NULL,NULL,0,1),(431,'0104405','000032603','GUZMAN REINA, NAYELIS MARIA',1,1,2,'ng017932@gmail.com','blank.png',NULL,NULL,'',0,1,'2023-05-02 13:22:16',NULL,NULL,0,1),(432,'0104413','003940137','FEBRES PEREZ, YUDITH DEL VALLE',2,3,2,'yudithfp82@gmail.com','blank.png',NULL,NULL,'',0,1,'2023-05-02 13:22:16',NULL,NULL,0,1),(433,'0104415','004304326','FUENTES MARRERO, CESAR ENRIQUE',2,3,2,'cesarfuentes_123@hotmail.com','blank.png',NULL,NULL,'',0,1,'2023-05-02 13:22:16',NULL,NULL,1,1),(434,'0104416','004300974','CESAR NAVARRO, JENNYFER CAROLINA',2,3,2,'jennyfercesar@hotmail.com','blank.png',NULL,NULL,'',0,1,'2023-05-02 13:22:16',NULL,NULL,0,1),(435,'0104417','004299912','PEREZ GALIANO, OSWALDO JAVIER',2,3,2,'oswaldojavier51@gmail.com','blank.png',NULL,NULL,'',0,1,'2023-05-02 13:22:16',NULL,NULL,0,1),(436,'0104418','003115780','SALAZAR SALAZAR, DAFNNE MILAGRO',1,1,2,'dafnnesalazar572@gmail.com','blank.png',NULL,NULL,'',0,1,'2023-05-02 13:22:16',NULL,NULL,0,1),(437,'0104419','004082667','MEJIAS , JEAN CARLOS EDUARDO',2,3,2,'jeancarloseduardomejias240117@gmail.com','blank.png',NULL,NULL,'',0,1,'2023-05-02 13:22:16',NULL,NULL,0,1),(438,'0104421','004088051','GIMENEZ FLORES, MARIELVIS KATHERINE',2,3,2,'mar37envoy@hotmail.com','blank.png',NULL,NULL,'',0,1,'2023-05-02 13:22:16',NULL,NULL,0,1),(439,'0104427','004085353','URDANETA RAMIREZ, ROSSI VIRGINIA',2,3,2,'fresitarossi@gmail.com','blank.png',NULL,NULL,'',0,1,'2023-05-02 13:22:16',NULL,NULL,0,1),(440,'0104429','005250623','VALERA BOLIVAR, LILA MARLENES MILDRED',2,1,2,'liliav4569@hotmail.com','blank.png',NULL,NULL,'',0,1,'2023-05-02 13:22:16',NULL,NULL,0,1),(441,'0104431','003304868','HERNANDEZ GUZMAN, NAIRUTH DEL CARMEN',1,1,2,'nairuthhernandez04@gmail.com','blank.png',NULL,NULL,'',0,1,'2023-05-02 13:22:16',NULL,NULL,0,1),(442,'0104432','003184348','ROQUETT SUAREZ, DORIS YANEIDA',2,3,2,'roquettlic2011@hotmail.com','blank.png',NULL,NULL,'',0,1,'2023-05-02 13:22:16',NULL,NULL,0,1),(443,'0104447','003602436','MARTINEZ CASTELLANO, JEHAN CARLOS',2,3,2,'lorddrako09@gmail.com','blank.png',NULL,NULL,'',0,1,'2023-05-02 13:22:16',NULL,NULL,1,1),(444,'0104448','005963619','BOCANEY , DICTZA SOLANGEL',2,1,2,'solangelbocaney@gmail.com','blank.png',NULL,NULL,'',0,1,'2023-05-02 13:22:16',NULL,NULL,0,1),(445,'0104451','004084621','SANCHEZ CAÑAS, DUBRASKA SULGEY',2,5,2,'dususaca@gmail.com','blank.png',NULL,NULL,'',0,1,'2023-05-02 13:22:16',NULL,NULL,1,1),(446,'0104452','004567706','MEJIAS FREITES, LIUBERT ALESSANDRO',2,3,2,'alessandro2658@gmail.com','blank.png',NULL,NULL,'',0,1,'2023-05-02 13:22:16',NULL,NULL,1,1),(447,'0104454','8920191','GELVIS GONZALEZ, ANA VICENTA',2,3,2,'gelvis.ana@gmail.com','blank.png',NULL,NULL,'',0,1,'2023-05-02 13:22:16',NULL,NULL,0,1),(448,'0104458','002124319','OLLARVES MELENDEZ, YARITZA COROMOTO',2,3,2,'yaritzaollarves@gmail.com','blank.png',NULL,NULL,'',0,1,'2023-05-02 13:22:16',NULL,NULL,0,1),(449,'0104459','004432634','SIERRA BUENO, JENNIFFER ANDREINA',2,3,2,'misbebes021987@gmail.com','blank.png',NULL,NULL,'',0,1,'2023-05-02 13:22:16',NULL,NULL,0,1),(450,'0104461','70086256','PABLO HUAMACCTO, DIANA',1,1,1,'dianaph1993@gmail.com','blank.png',NULL,NULL,'',0,1,'2023-05-02 13:22:16',NULL,NULL,1,1),(451,'0104464','004084678','SANOJA HERNANDEZ, IVANA DANIELA',1,1,2,'ivanasanoja98@gmail.com','blank.png',NULL,NULL,'',0,1,'2023-05-02 13:22:16',NULL,NULL,1,1),(452,'0104469','003597447','PINTO MENDEZ, YOLIMAR VICTORIA',2,3,2,'yolip0308@gmail.com','blank.png',NULL,NULL,'',0,1,'2023-05-02 13:22:16',NULL,NULL,1,1),(453,'0104470','003126431','MEJIAS RODRIGUEZ, JEAN PIERO',1,1,2,'jean.piero.mejias@gmail.com','blank.png',NULL,NULL,'',0,1,'2023-05-02 13:22:16',NULL,NULL,0,1),(454,'0104471','003350826','LANDAEZ HERRERA, VICTOR ENRIQUE',2,3,2,'victorlandaez84@gmail.com','blank.png',NULL,NULL,'',0,1,'2023-05-02 13:22:16',NULL,NULL,1,1),(455,'0104472','004989067','MENDOZA ANTEQUERA, ALBA MARINA',1,1,2,'mendozaalba381@gmail.com','blank.png',NULL,NULL,'',0,1,'2023-05-02 13:22:16',NULL,NULL,1,1),(456,'0104479','003826445','LABORDA , GENESIS ALEXAIS',2,1,2,'alexgene901@gmail.com','blank.png',NULL,NULL,'',0,1,'2023-05-02 13:22:16',NULL,NULL,0,1),(457,'0104480','002724791','MEJIAS UZCATEGUI, JUAN CARLOS',2,1,2,'juancarlosmejiasu63@gmail.com','blank.png',NULL,NULL,'',0,1,'2023-05-02 13:22:16',NULL,NULL,0,1),(458,'0104486','003809184','CARUCI DUN, ANYU DEL CARMEN',2,1,2,'carucianyu@gmail.com','blank.png',NULL,NULL,'',0,1,'2023-05-02 13:22:16',NULL,NULL,0,1),(459,'0104489','002672284','SEVILLA MORENO, YOHANNA CORIN',2,3,2,'yohasevi17@gmail.com','blank.png',NULL,NULL,'',0,1,'2023-05-02 13:22:16',NULL,NULL,1,1),(460,'0104491','004589419','RAMIREZ AGUERO, BELKIS JOSEFINA',2,1,2,'kakiramirez@gmail.com','blank.png',NULL,NULL,'',0,1,'2023-05-02 13:22:16',NULL,NULL,0,1),(461,'0104534','004043291','FERNANDEZ AGUILERA, MAIRYT JOSE',2,3,2,'mairytfernandez5@gmail.com','blank.png',NULL,NULL,'',0,1,'2023-05-02 13:22:16',NULL,NULL,0,1),(462,'0104543','002657341','JIMENEZ GARCIA, WEISSMULLERT JOSE',2,3,2,'weissmullertj@gmail.com','blank.png',NULL,NULL,'',0,1,'2023-05-02 13:22:16',NULL,NULL,0,1),(463,'0104551','06609609','POLO PAREDES, SILVIA ELVIRA',2,2,1,'silviapolop@hotmail.com','blank.png',NULL,NULL,'',0,1,'2023-05-02 13:22:16',NULL,NULL,1,1),(464,'0104552','45319295','INJANTE IBAZETA, SUSAN KARINA',2,2,1,'susankarina2@gmail.com','blank.png',NULL,NULL,'',0,1,'2023-05-02 13:22:16',NULL,NULL,0,1),(465,'0104555','45496328','QUISPE DIAZ, ANDRES GREGORIO',1,1,1,'andreslionel29@gmail.com','blank.png',NULL,NULL,'',0,1,'2023-05-02 13:22:16',NULL,NULL,0,1),(466,'0104558','47445919','GOMEZ TORRES, ROSSMERY YESSICA',1,1,1,'rousgomez20@gmail.com','blank.png',NULL,NULL,'',0,1,'2023-05-02 13:22:16',NULL,NULL,0,1),(467,'0104562','004188647','HERNANDEZ SALAS, LAURA MARGARITA',2,3,2,'hernandez.lauralei@gmail.com','blank.png',NULL,NULL,'',0,1,'2023-05-02 13:22:16',NULL,NULL,1,1),(468,'0104570','002078604','BALADO CASTELLIN, KAREN DEL VALLE',2,3,2,'karen.balado@gmail.com','blank.png',NULL,NULL,'',0,1,'2023-05-02 13:22:16',NULL,NULL,1,1),(469,'0104577','002142976','DORDELLI LEON, OMAR EFRAIN',1,1,2,'omarlimaperu24@gmail.com','blank.png',NULL,NULL,'',0,1,'2023-05-02 13:22:16',NULL,NULL,0,1),(470,'0104591','71950848','SANDOVAL SALINAS, TIFFANY JUDITH',2,3,1,'0701tiffanysandoval@gmail.com','blank.png',NULL,NULL,'',0,1,'2023-05-02 13:22:16',NULL,NULL,1,1),(471,'0104594','003637933','ROJAS ORTEGA, GABRIELA ANDREINA',2,3,2,'gaby.rojas.ortega@gmail.com','blank.png',NULL,NULL,'',0,1,'2023-05-02 13:22:16',NULL,NULL,1,1),(472,'0104595','003115968','SOSA OBERMEJIAS, ENEYDA THAIS',2,3,2,'eneydasosa10@gmail.com','blank.png',NULL,NULL,'',0,1,'2023-05-02 13:22:16',NULL,NULL,0,1),(473,'0104600','002191812','RINCON HERNANDEZ, LUIS JOSE',2,3,2,'luisjoserinconhernandez@gmail.com','blank.png',NULL,NULL,'',0,1,'2023-05-02 13:22:16',NULL,NULL,1,1),(474,'0104603','002321498','HERNANDEZ PERNALETE, ALIUSKA DAYERITH',2,3,2,'alidayhdez@gmail.com','blank.png',NULL,NULL,'',0,1,'2023-05-02 13:22:16',NULL,NULL,1,1),(475,'0104614','004322265','ESTEVENZ ROJAS, ROSA MIRIAM',2,3,2,'rosaestevenz@gmail.com','blank.png',NULL,NULL,'',0,1,'2023-05-02 13:22:16',NULL,NULL,0,1),(476,'0104637','004292186','JIMENEZ LA RIVA, MARY ANGELY',2,3,2,'marylr59@gmail.com','blank.png',NULL,NULL,'',0,1,'2023-05-02 13:22:16',NULL,NULL,1,1),(477,'0104638','001774592','CARIDAD SARGEANTS, MELANIE EUGENIA',2,3,2,'melanie.caridad@gmail.com','blank.png',NULL,NULL,'',0,1,'2023-05-02 13:22:16',NULL,NULL,0,1),(478,'0104640','41800048','ZEVALLOS ALVAREZ, LADY DIANA',2,3,1,'aribella2127@gmail.com','blank.png',NULL,NULL,'',0,1,'2023-05-02 13:22:16',NULL,NULL,1,1),(479,'0104642','70394370','HARSTER FERNANDEZ CABERO, EVA FERNANDA',2,2,1,'evaharsterfc@gmail.com','blank.png',NULL,NULL,'',0,1,'2023-05-02 13:22:16',NULL,NULL,0,1),(480,'0104654','001699077','GODOY MUÑOZ, NORMA YARUBY',1,1,2,'normayaru@gmail.com','blank.png',NULL,NULL,'',0,1,'2023-05-02 13:22:16',NULL,NULL,1,1),(481,'0104655','003113837','JIMENEZ MORENO, KATHERINE ALEXANDRA',2,3,2,'katherine1823@gmail.com','blank.png',NULL,NULL,'',0,1,'2023-05-02 13:22:16',NULL,NULL,0,1),(482,'0104657','003208780','GRATEROL FLORES, BETSY ROSSEMARY',2,3,2,'betsygraterol28@gmail.com','blank.png',NULL,NULL,'',0,1,'2023-05-02 13:22:16',NULL,NULL,0,1),(483,'0104659','003860787','PEREZ QUINTERO, JHONALBERT JESUS',2,1,2,'jhonalbert_42@hotmail.com','blank.png',NULL,NULL,'',0,1,'2023-05-02 13:22:16',NULL,NULL,0,1),(484,'0104661','003573478','ROMERO TURIZO, NOHEMI SHEILA',2,3,2,'nohemisheila@gmail.com','blank.png',NULL,NULL,'',0,1,'2023-05-02 13:22:16',NULL,NULL,0,1),(485,'0104663','72676727','RENGIFO ESQUECHE, GABRIELA ROSMERY',2,3,1,'gabrielarengifo30@gmail.com','blank.png',NULL,NULL,'',0,1,'2023-05-02 13:22:16',NULL,NULL,0,1),(486,'0104665','004210016','REYES MARICHE, OSMARY JOSEFINA',2,3,2,'osmary.sk10@gmail.com','blank.png',NULL,NULL,'',0,1,'2023-05-02 13:22:16',NULL,NULL,1,1),(487,'0104674','004385287','BOLIVAR DE GONZALEZ, ARGELIS MARIA',2,3,2,'jorgelisyjhargelys@gmail.com','blank.png',NULL,NULL,'',0,1,'2023-05-02 13:22:16',NULL,NULL,0,1),(488,'0104675','001750448','MARQUEZ GARCIA, ANDRES ALEXIS',2,1,2,'andres.marquez0312@gmail.com','blank.png',NULL,NULL,'',0,1,'2023-05-02 13:22:16',NULL,NULL,0,1),(489,'0104676','004135070','HERNANDEZ APONTE, ERIC MANUEL',1,1,2,'ericmanuelhernandezaponte@gmail.com','blank.png',NULL,NULL,'',0,1,'2023-05-02 13:22:16',NULL,NULL,0,1),(490,'0104677','003076916','RONDON GOMEZ, YOSCELIS LISBETH',2,3,2,'yoscelisrondon@gmail.com','blank.png',NULL,NULL,'',0,1,'2023-05-02 13:22:16',NULL,NULL,0,1),(491,'0104678','003966050','PALOMO DE JIMENO, MARIAN JOSE',2,3,2,'palomomarian776@gmail.com','blank.png',NULL,NULL,'',0,1,'2023-05-02 13:22:16',NULL,NULL,1,1),(492,'0104681','002582340','HERNANDEZ DE NIETO, MAYERLING LISETH',2,1,2,'lisethma3@gmail.com','blank.png',NULL,NULL,'',0,1,'2023-05-02 13:22:16',NULL,NULL,0,1),(493,'0104684','003672146','MORENO MAÑEZ, DERWUIS JESUS',2,3,2,'derwuis49@gmail.com','blank.png',NULL,NULL,'',0,1,'2023-05-02 13:22:16',NULL,NULL,0,1),(494,'0104687','004418035','ALCOCER JUSTO, ADERLYS NAZARETH',1,1,2,'alcocernazareth_09@outlook.com','blank.png',NULL,NULL,'',0,1,'2023-05-02 13:22:16',NULL,NULL,1,1),(495,'0104688','48248041','MEZA ARTEAGA, JORGE PAUL',1,1,1,'paulito199309@gmail.com','blank.png',NULL,NULL,'',0,1,'2023-05-02 13:22:16',NULL,NULL,1,1),(496,'0104690','004031144','ACOSTA MENDEZ, DERYANIRA NATALY',2,3,2,'deryaniracosta15@gmail.com','blank.png',NULL,NULL,'',0,1,'2023-05-02 13:22:16',NULL,NULL,0,1),(497,'0104691','003635911','BLANCO ALVAREZ, GABRIELA MARIA',2,3,2,'grabrielablanco1979@gmail.com','blank.png',NULL,NULL,'',0,1,'2023-05-02 13:22:16',NULL,NULL,0,1),(498,'0104692','004444651','PEREZ NUÑEZ, MARGARET ALFONZINA',2,3,2,'alfonzina1990@gmail.com','blank.png',NULL,NULL,'',0,1,'2023-05-02 13:22:16',NULL,NULL,0,1),(499,'0104694','003945118','DELGADO DIAZ, AARON JOSUE',2,1,2,'mariajosebrayan_28@hotmail.com','blank.png',NULL,NULL,'',0,1,'2023-05-02 13:22:16',NULL,NULL,0,1),(500,'0104699','004639304','BELO BASTARDO, ELIMAR DE LOS ANGELES',1,1,2,'elimarbelocris@gmail.com','blank.png',NULL,NULL,'',0,1,'2023-05-02 13:22:16',NULL,NULL,0,1),(501,'0104700','80360360','MEZA ATACHAHUA, NILO ROBERTO',1,1,1,'njunior3456@gmail.com','blank.png',NULL,NULL,'',0,1,'2023-05-02 13:22:16',NULL,NULL,0,1),(502,'0104701','72446899','TAIPE GUERRA, BETSI',1,1,1,'betsitaipe07@gmail.com','blank.png',NULL,NULL,'',0,1,'2023-05-02 13:22:16',NULL,NULL,1,1),(503,'0104702','46919712','PEREZ QUIÑONES, KAREN CRISTINA',1,1,1,'cristi_25_0@hotmail.com','blank.png',NULL,NULL,'',0,1,'2023-05-02 13:22:16',NULL,NULL,1,1),(504,'0104704','47281047','SALAZAR HINOSTROZA, LIZBET',1,1,1,'lizbet_salazar2015@hotmail.com','blank.png',NULL,NULL,'',0,1,'2023-05-02 13:22:16',NULL,NULL,1,1),(505,'0104705','48295919','COLCHADO MEJIA, NOEMI RAQUEL',1,1,1,'noemi2192ra@gmail.com','blank.png',NULL,NULL,'',0,1,'2023-05-02 13:22:16',NULL,NULL,0,1),(506,'0104706','73091804','ZAMORA MANAYAY, DALAI YAHAIRA',1,1,1,'dalai11zm@gmail.com','blank.png',NULL,NULL,'',0,1,'2023-05-02 13:22:16',NULL,NULL,0,1),(507,'0104707','002155552','CABELLO BERRIOS, HILDA BEATRIZ PASTORA',1,1,2,'hbeapastora@gmail.com','blank.png',NULL,NULL,'',0,1,'2023-05-02 13:22:16',NULL,NULL,0,1),(508,'0104708','002706121','HERNANDEZ BUENO, DANISBEL YOSMAR',2,1,2,'danisbelh8@gmail.com','blank.png',NULL,NULL,'',0,1,'2023-05-02 13:22:16',NULL,NULL,1,1),(509,'0104715','45240888','FRETEL CORDOVA, ROXANA PILAR',1,1,1,'chana408@hotmail.com','blank.png',NULL,NULL,'',0,1,'2023-05-02 13:22:16',NULL,NULL,0,1),(510,'0104717','42953161','FLORES GARCIA, MARIA LLULIANA',1,1,1,'llulianamaria964@gmail.com','blank.png',NULL,NULL,'',0,1,'2023-05-02 13:22:16',NULL,NULL,1,1),(511,'0104718','003630907','PRADO LEON, ANGEL STIVEN',2,3,2,'angelprado32@gmail.com','blank.png',NULL,NULL,'',0,1,'2023-05-02 13:22:16',NULL,NULL,1,1),(512,'0104720','75350460','ALVARADO VILCAPOMA, ZENAIDA YESENIA',1,1,1,'zenaida_yesi_5c@hotmail.com','blank.png',NULL,NULL,'',0,1,'2023-05-02 13:22:16',NULL,NULL,1,1),(513,'0104722','75438726','RISCO CARRASCO, LESLI YARELI',1,1,1,'leslirisco.25@gmail.com','blank.png',NULL,NULL,'',0,1,'2023-05-02 13:22:16',NULL,NULL,1,1),(514,'0104723','002665793','NAVARRO MOTA, CARLOS MANUEL',2,3,2,'cn6791@gmail.com','blank.png',NULL,NULL,'',0,1,'2023-05-02 13:22:16',NULL,NULL,0,1),(515,'0104724','72243064','GARCIA HUAMAN, DANY',1,1,1,'gdany9029@gmail.com','blank.png',NULL,NULL,'',0,1,'2023-05-02 13:22:16',NULL,NULL,1,1),(516,'0104725','70670230','TUSHUPE NOA, MANUELA',1,1,1,'darienduke2012@gmail.com','blank.png',NULL,NULL,'',0,1,'2023-05-02 13:22:16',NULL,NULL,1,1),(517,'0104726','71990920','BALDEON YAURI, JASMIN JHANETH',1,1,1,'jbaldeonyauri@gmail.com','blank.png',NULL,NULL,'',0,1,'2023-05-02 13:22:16',NULL,NULL,1,1),(518,'0104728','002948421','CORTEZ RENGEL, YSBEL RAFAEL',2,3,2,'ysbelcortez@gmail.com','blank.png',NULL,NULL,'',0,1,'2023-05-02 13:22:16',NULL,NULL,1,1),(519,'0104729','003145291','ESCALONA PEREZ, MIGUEL EDUARDO',1,1,2,'naudimiguel_19@hotmail.com','blank.png',NULL,NULL,'',0,1,'2023-05-02 13:22:16',NULL,NULL,1,1),(520,'0104735','002490013','CASTRO VELASQUEZ, RAQUEL EVELIN',2,3,2,'raqcastro283@gmail.com','blank.png',NULL,NULL,'',0,1,'2023-05-02 13:22:16',NULL,NULL,0,1),(521,'0104737','004420354','PERAZA RANGEL, BEATRIZ ROSLEYDI',1,1,2,'bperaza24.brpr@gmail.com','blank.png',NULL,NULL,'',0,1,'2023-05-02 13:22:16',NULL,NULL,1,1),(522,'0104738','004216433','GONZALEZ GONZALEZ, CHIQUINQUIRA MARIA',2,1,2,'chiquinquiramariagonzalezgonza@gmail.com','blank.png',NULL,NULL,'',0,1,'2023-05-02 13:22:16',NULL,NULL,0,1),(523,'0104741','004290715','PULGAR VILLAR, YOSMAN JOSE',2,1,3,'yosmanp083@gmail.com','blank.png',NULL,NULL,'',0,1,'2023-05-02 13:22:16',NULL,NULL,0,1),(524,'0104745','10650545','CAJACHAGUA CHAVEZ, ISABEL NAIDA',1,1,1,'isabel.cajachagua@gmail.com','blank.png',NULL,NULL,'',0,1,'2023-05-02 13:22:16',NULL,NULL,0,1),(525,'0104746','73205362','CASTRO CABEZAS, YESSICA ALEJANDRA',2,3,1,'yessicalejandra26@gmail.com','blank.png',NULL,NULL,'',0,1,'2023-05-02 13:22:16',NULL,NULL,0,1),(526,'0104747','004302056','SOSA ESPINOZA, ANGEL EDUARDO',2,3,2,'angelutin5@gmail.com','blank.png',NULL,NULL,'',0,1,'2023-05-02 13:22:16',NULL,NULL,0,1),(527,'0104748','40314415','MURGA GUTIERREZ, LUCY ESTHER',1,1,1,'lucymurga13@gmail.com','blank.png',NULL,NULL,'',0,1,'2023-05-02 13:22:16',NULL,NULL,1,1),(528,'0104752','003994391','FIGUEROA FERNANDEZ, MILAGROS DEL VALLE',2,3,2,'milagrosfigueroa1211@gmail.com','blank.png',NULL,NULL,'',0,1,'2023-05-02 13:22:16',NULL,NULL,0,1),(529,'0104761','002872838','ROBAINA SOTO, MIVERTH DEL CARMEN',2,1,2,'miverthrobainasoto@gmail.com','blank.png',NULL,NULL,'',0,1,'2023-05-02 13:22:16',NULL,NULL,0,1),(530,'0104764','002161900','LARA RUMBOS, ESTHEFANIE CAROLINA',2,3,2,'esthefanielara@gmail.com','blank.png',NULL,NULL,'',0,1,'2023-05-02 13:22:16',NULL,NULL,1,1),(531,'0104769','73631942','ASENJO FAJARDO, EMILY GRACIELA',1,1,1,'emilyasenjofajardo@gmail.com','blank.png',NULL,NULL,'',0,1,'2023-05-02 13:22:16',NULL,NULL,0,1),(532,'0104775','004858238','ORTIZ GONZALEZ, ELYIVER ALEJANDRA',1,1,2,'alejandraortiz2210@gmail.com','blank.png',NULL,NULL,'',0,1,'2023-05-02 13:22:16',NULL,NULL,0,1),(533,'0104778','004484105','DURAN , DARIANNY ALEJANDRA',1,1,2,'dariannymayo@gmail.com','blank.png',NULL,NULL,'',0,1,'2023-05-02 13:22:16',NULL,NULL,1,1),(534,'0104785','003667623','OROPEZA ALEMAN, DOMINGA YANIFER',2,3,2,'arnoldmoisesd@gmail.com','blank.png',NULL,NULL,'',0,1,'2023-05-02 13:22:16',NULL,NULL,0,1),(535,'0104786','002419702','CARRASCO CASTILLO, ZULISBELL MARIA',2,1,2,'zulisbell@gmail.com','blank.png',NULL,NULL,'',0,1,'2023-05-02 13:22:16',NULL,NULL,0,1),(536,'0104787','004153958','VALECILLOS BRICEÑO, RUTH MARY',1,1,2,'rutmarvalecillos@gmail.com','blank.png',NULL,NULL,'',0,1,'2023-05-02 13:22:16',NULL,NULL,1,1),(537,'0104792','002395368','ARUPON IGUALGUANA, JOSE NATANAEL',2,1,2,'aruponjose@gmail.com','blank.png',NULL,NULL,'',0,1,'2023-05-02 13:22:16',NULL,NULL,0,1),(538,'0104793','004354862','ESCALONA AREINAMO, ROSANA DEL CARMEN',2,1,2,'escalona2689@gmail.com','blank.png',NULL,NULL,'',0,1,'2023-05-02 13:22:16',NULL,NULL,0,1),(539,'0104794','004555568','DE LOS RIOS LOVERA, GERALDINE ALEJANDRA',2,1,2,'gerialesandroguito@gmail.com','blank.png',NULL,NULL,'',0,1,'2023-05-02 13:22:16',NULL,NULL,0,1),(540,'0104798','004304441','VARGAS PEREZ, CARMEN MARISELA',2,3,2,'mariiselav@gmail.com','blank.png',NULL,NULL,'',0,1,'2023-05-02 13:22:16',NULL,NULL,1,1),(541,'0104801','003475141','VIZCAYA MARQUEZ, WILMARY YAMILET',1,1,2,'vizcayamarquezw1719@gmail.com','blank.png',NULL,NULL,'',0,1,'2023-05-02 13:22:16',NULL,NULL,0,1),(542,'0104809','003320527','URIAN APARICIO, MARLENE NOHEMY',2,1,2,'marleneurian25@gmail.com','blank.png',NULL,NULL,'',0,1,'2023-05-02 13:22:16',NULL,NULL,0,1),(543,'0104812','004320805','AGUILAR CARRIZALEZ, MARIANELA',1,1,2,'aguilarmarianela706@gmail.com','blank.png',NULL,NULL,'',0,1,'2023-05-02 13:22:16',NULL,NULL,0,1),(544,'0104814','004657107','VILLANUEVA UBIEDO, ZULEIMA COROMOTO',2,1,2,'zvillanueva851@gmail.com','blank.png',NULL,NULL,'',0,1,'2023-05-02 13:22:16',NULL,NULL,0,1),(545,'0104815','002890653','BASTIDAS MUJICA, YULEYDI YOCSELYN',2,3,2,'yuleydibastidas@hotmail.com','blank.png',NULL,NULL,'',0,1,'2023-05-02 13:22:16',NULL,NULL,1,1),(546,'0104816','002776633','ARAQUE BUSTAMANTE, RAQUEL ANDREINA',1,1,2,'raquelut-89@hotmail.com','blank.png',NULL,NULL,'',0,1,'2023-05-02 13:22:16',NULL,NULL,0,1),(547,'0104818','004262912','SALAS HERNANDEZ, MARIA TRINIDAD',1,1,2,'salas.mariat77@gmail.com','blank.png',NULL,NULL,'',0,1,'2023-05-02 13:22:16',NULL,NULL,1,1),(548,'0104821','004676905','HERNANDEZ BRAVO, RICHARD SENON',2,1,2,'richardsenonh@gmail.com','blank.png',NULL,NULL,'',0,1,'2023-05-02 13:22:16',NULL,NULL,0,1),(549,'0104823','004183507','CASTILLO HERNANDEZ, VICTOR MANUEL',1,1,2,'fvkbsmsksm2@gmail.com','blank.png',NULL,NULL,'',0,1,'2023-05-02 13:22:16',NULL,NULL,1,1),(550,'0104825','002986916','BRICEÑO BENCOMO, GABRIEL JOSE',2,1,2,'gabo02081987@gmail.com','blank.png',NULL,NULL,'',0,1,'2023-05-02 13:22:16',NULL,NULL,0,1),(551,'0104826','002371457','RODRIGUEZ LOZANO, EILEEN JOSE',2,1,2,'eileenoyu8@gmail.com','blank.png',NULL,NULL,'',0,1,'2023-05-02 13:22:16',NULL,NULL,0,1),(552,'0104827','002130375','MOCTEZUMA PULIDO, CARLOS CESAR',1,1,2,'moctezumac67@gmail.com','blank.png',NULL,NULL,'',0,1,'2023-05-02 13:22:16',NULL,NULL,1,1),(553,'0104828','003229140','BRITO PARRA, REYDI BEATRIZ',2,3,2,'reydibrito19@gmail.com','blank.png',NULL,NULL,'',0,1,'2023-05-02 13:22:16',NULL,NULL,1,1),(554,'0104833','002296748','SALAZAR FIGUERA, MARBY CAROLINA',2,1,2,'marbycarolinasalazarfiguera@gmail.com','blank.png',NULL,NULL,'',0,1,'2023-05-02 13:22:16',NULL,NULL,0,1),(555,'0104837','003191881','PONCE LEON, VILMA MERCEDES',1,1,2,'orquivilpl@gmail.com','blank.png',NULL,NULL,'',0,1,'2023-05-02 13:22:16',NULL,NULL,0,1),(556,'0104839','49018472','ROBLES AREVALO, RAMIRO ANTONIO',2,3,1,'ramiro05chen@gmail.com','blank.png',NULL,NULL,'',0,1,'2023-05-02 13:22:16',NULL,NULL,1,1),(557,'0104843','003194703','RODRIGUEZ RIVERO, EDUARDO RAFAEL',1,1,2,'eduardo21048342@gmail.com','blank.png',NULL,NULL,'',0,1,'2023-05-02 13:22:16',NULL,NULL,1,1),(558,'0104845','002591134','ARRIETA OTERO, INGRODITH EGRY',1,1,2,'yairizonsalazar9@gmail.com','blank.png',NULL,NULL,'',0,1,'2023-05-02 13:22:16',NULL,NULL,0,1),(559,'0104847','004488508','SILVA SILVA, VANESSA ESTELA',1,1,2,'aranzavane2@gmail.com','blank.png',NULL,NULL,'',0,1,'2023-05-02 13:22:16',NULL,NULL,0,1),(560,'0104848','004189446','RAMIREZ BARAZARTE, JONATHAN JOSE',2,3,2,'jonathanramirez1712@gmail.com','blank.png',NULL,NULL,'',0,1,'2023-05-02 13:22:16',NULL,NULL,1,1),(561,'0104852','003589353','MARCANO CAÑIZALEZ, ERASMO RAFAEL',2,3,2,'erasmomarcano24@gmail.com','blank.png',NULL,NULL,'',0,1,'2023-05-02 13:22:16',NULL,NULL,0,1),(562,'0104853','004776808','GONZALEZ RAGNO, GIUSEPPE ANTONIO',1,1,2,'solidgonzalez@gmail.com','blank.png',NULL,NULL,'',0,1,'2023-05-02 13:22:16',NULL,NULL,0,1),(563,'0104854','003356452','GONZALEZ DIAZ, EDUARDO CONCEPCION',2,1,2,'eduardo02051986@gmail.com','blank.png',NULL,NULL,'',0,1,'2023-05-02 13:22:16',NULL,NULL,0,1),(564,'0104856','003547248','GOMEZ DE GIMENEZ, MARIA ALEJANDRA',1,1,2,'gomezdegimenez@gmail.com','blank.png',NULL,NULL,'',0,1,'2023-05-02 13:22:16',NULL,NULL,1,1),(565,'0104859','003524585','HERRERA LANDAETA, JOHNNY ALEXANDER',2,3,2,'johnnyhe1981@gmail.com','blank.png',NULL,NULL,'',0,1,'2023-05-02 13:22:16',NULL,NULL,1,1),(566,'0104865','004582241','GONZALEZ NIEVES, YESSICA GREGORIA Y',1,1,2,'yessicaleo33@gmail.com','blank.png',NULL,NULL,'',0,1,'2023-05-02 13:22:16',NULL,NULL,1,1),(567,'0104867','003421223','RIVAS QUEZADA, YADAY JOSEFINA',2,3,2,'yadayrivas@gmail.com','blank.png',NULL,NULL,'',0,1,'2023-05-02 13:22:16',NULL,NULL,0,1),(568,'0104868','002687411','RIERA LEONARDEZ, NAVIANI',1,1,2,'leonardez2006@gmail.com','blank.png',NULL,NULL,'',0,1,'2023-05-02 13:22:16',NULL,NULL,1,1),(569,'0104869','004147210','CARREÑO DE ROMERO, ITAHAIS NOELIA',1,1,2,'itahaiscarreno@gmail.com','blank.png',NULL,NULL,'',0,1,'2023-05-02 13:22:16',NULL,NULL,0,1),(570,'0104871','003896008','MORALES ZAMBRANO, ESMERLY DARIANA',2,3,2,'esmerlymoraleszambrano0@gmail.com','blank.png',NULL,NULL,'',0,1,'2023-05-02 13:22:16',NULL,NULL,1,1),(571,'0104876','43275919','HUARACA ANYOSA, YANETH ROSA',2,3,1,'yhara207@gmail.com','blank.png',NULL,NULL,'',0,1,'2023-05-02 13:22:16',NULL,NULL,0,1),(572,'0104877','46800432','SILVA MACURI, DIANA KAREN',1,1,1,'dsilvamacuri@gmail.com','blank.png',NULL,NULL,'',0,1,'2023-05-02 13:22:16',NULL,NULL,1,1),(573,'0104881','003919807','GONZALEZ NIEVES, YOHANA JOSE',2,3,2,'gonzalezanahoy@gmail.com','blank.png',NULL,NULL,'',0,1,'2023-05-02 13:22:16',NULL,NULL,1,1),(574,'0104895','10168076','RIMARI EUSEBIO, JUAN ALBERTO',2,2,1,'juanenfermero14@gmail.com','blank.png',NULL,NULL,'',0,1,'2023-05-02 13:22:16',NULL,NULL,0,1),(575,'0104897','004452384','MARCANO , DELYMAR DEL VALLE',2,3,2,'delymarcano1914@gmail.com','blank.png',NULL,NULL,'',0,1,'2023-05-02 13:22:16',NULL,NULL,1,1),(576,'0104899','72556375','ZELADA REQUEJO, TALIA ESMERALDA',1,1,1,'zeladatalia@gmail.com','blank.png',NULL,NULL,'',0,1,'2023-05-02 13:22:16',NULL,NULL,1,1),(577,'0104900','00117710','BALDEON REATEGUI, MARIA DEL CARMEN',2,2,1,'mcbaldeon06@gmail.com','blank.png',NULL,NULL,'',0,1,'2023-05-02 13:22:16',NULL,NULL,1,1),(578,'0104901','003187276','PIÑERO BARBOZA, EUFEMIA CAROLINA',2,3,2,'carolinapinero66@gmail.com','blank.png',NULL,NULL,'',0,1,'2023-05-02 13:22:16',NULL,NULL,0,1),(579,'0104904','003867820','GUZMAN DE PEREIRA, SOL MARIA',2,3,2,'solmguzmang@gmail.com','blank.png',NULL,NULL,'',0,1,'2023-05-02 13:22:16',NULL,NULL,0,1),(580,'0104905','44993977','GRAU CASTILLO, PATRICIA SILVANA',2,9,1,'silvanagc47@gmail.com','blank.png',NULL,NULL,'',0,1,'2023-05-02 13:22:16',NULL,NULL,1,1),(581,'0104907','02443696','ARIZAPANA QUISPE, OLGA',2,2,1,'oolguish@gmail.com','blank.png',NULL,NULL,'',0,1,'2023-05-02 13:22:16',NULL,NULL,1,1),(582,'0104912','002886314','ALVAREZ GONZALEZ, NORYSBETH CAROLINA',2,3,2,'norysc2016@gmail.com','blank.png',NULL,NULL,'',0,1,'2023-05-02 13:22:16',NULL,NULL,0,1),(583,'0104913','003095015','CHAVEZ MARIN, GIVE JULIE',2,3,2,'givechavez@gmail.com','blank.png',NULL,NULL,'',0,1,'2023-05-02 13:22:16',NULL,NULL,1,1),(584,'0104914','004681837','DAZA AGUERO, JESUEIDY YOSELIN',1,1,2,'dazayosse@gmail.com','blank.png',NULL,NULL,'',0,1,'2023-05-02 13:22:16',NULL,NULL,0,1),(585,'0104915','003343892','MARTINEZ HERNANDEZ, MARIA FERNANDA',2,3,2,'mafer.mar08@gmail.com','blank.png',NULL,NULL,'',0,1,'2023-05-02 13:22:16',NULL,NULL,1,1),(586,'0104918','004647358','ALZURU DIAZ, ANGELIS KAREL',2,3,2,'alzuruangelis1@gmail.com','blank.png',NULL,NULL,'',0,1,'2023-05-02 13:22:16',NULL,NULL,0,1),(587,'0104923','004851444','MARTINEZ , NAIRUBY JOSEFINA',2,1,2,'nairuby38@gmail.com','blank.png',NULL,NULL,'',0,1,'2023-05-02 13:22:16',NULL,NULL,0,1),(588,'0104927','002606713','GOMEZ CUADRO, RAUL ALEXANDER',2,1,2,'raulalexand@gmail.com','blank.png',NULL,NULL,'',0,1,'2023-05-02 13:22:16',NULL,NULL,0,1),(589,'0104928','003513540','RIVAS FIGUEROA, FRANKLIN ALEXANDER',1,1,2,'rivasfranklin81@gmail.com','blank.png',NULL,NULL,'',0,1,'2023-05-02 13:22:16',NULL,NULL,1,1),(590,'0104929','003461537','MONSALVE JAIMES, MIGUEL ANGEL',1,1,2,'miguelmonsalve579@gmail.com','blank.png',NULL,NULL,'',0,1,'2023-05-02 13:22:16',NULL,NULL,0,1),(591,'0104930','41351787','CAMARENA PARIAS, MIRYAN',2,2,1,'miryancp23@gmail.com','blank.png',NULL,NULL,'',0,1,'2023-05-02 13:22:16',NULL,NULL,0,1),(592,'0104934','004387043','GOTA ZERPA, OREANA JOSE',2,1,2,'oreanagotazerpa@gmail.com','blank.png',NULL,NULL,'',0,1,'2023-05-02 13:22:17',NULL,NULL,0,1),(593,'0104935','45911181','MOQUILLAZA VALLE, KAREN DEL ROSARIO',2,2,1,'karenmoqui@gmail.com','blank.png',NULL,NULL,'',0,1,'2023-05-02 13:22:17',NULL,NULL,1,1),(594,'0104936','002431135','RENGIFO SILVA, CHESTER JOHAN',1,1,2,'milodescorpion1987@gmail.com','blank.png',NULL,NULL,'',0,1,'2023-05-02 13:22:17',NULL,NULL,0,1),(595,'0104939','71008537','JAQUEHUA BAEZ, SANDRA MAIRA',2,3,1,'jaquehuabaezs@gmail.com','blank.png',NULL,NULL,'',0,1,'2023-05-02 13:22:17',NULL,NULL,0,1),(596,'0104940','10503834','ALFARO GODOY, ROCIO EMILIA',2,2,1,'kimyemmy@gmail.com','blank.png',NULL,NULL,'',0,1,'2023-05-02 13:22:17',NULL,NULL,0,1),(597,'0104941','004319241','MACHADO CASTILLO, JUAN CARLOS',2,3,2,'machadocastillojuancarlos@gmail.com','blank.png',NULL,NULL,'',0,1,'2023-05-02 13:22:17',NULL,NULL,1,1),(598,'0104942','003379287','FLORES PIÑANGO, EDTMARY ADRIANA',2,3,2,'edtmaryflores@gmail.com','blank.png',NULL,NULL,'',0,1,'2023-05-02 13:22:17',NULL,NULL,0,1),(599,'0104946','42813612','VIDAURRE CHAPOÑAN, DIANA JAQUELINE',2,2,1,'divida3009@gmail.com','blank.png',NULL,NULL,'',0,1,'2023-05-02 13:22:17',NULL,NULL,0,1),(600,'0104947','003123415','FERNANDEZ , YELITZA DEL VALLE',1,1,2,'yelidelvalle01@gmail.com','blank.png',NULL,NULL,'',0,1,'2023-05-02 13:22:17',NULL,NULL,0,1),(601,'0104948','002519494','LLOVERA ANDARA, RONY CARONI',1,1,2,'ronyllovera4@gmail.com','blank.png',NULL,NULL,'',0,1,'2023-05-02 13:22:17',NULL,NULL,0,1),(602,'0104949','004981853','DRAB CHONA, KLEYANOSKY DEL VALLE',1,1,2,'kleyanoskydrab7@gmail.com','blank.png',NULL,NULL,'',0,1,'2023-05-02 13:22:17',NULL,NULL,0,1),(603,'0104950','004913987','ACEVEDO PASTOR, IYER COROMOTO',2,3,2,'iyerp123@gmail.com','blank.png',NULL,NULL,'',0,1,'2023-05-02 13:22:17',1,'2024-02-23 16:46:21',0,1),(604,'0104951','43232011','FLORES FELIPA, LUIS RICARDO',2,2,1,'libra.porti7.rf@gmail.com','blank.png',NULL,NULL,'',0,1,'2023-05-02 13:22:17',NULL,NULL,0,1),(605,'0104952','10152403','SANCHEZ URRUTIA, OLGA AZUCENA',2,5,1,'oasu19@gmail.com','blank.png',NULL,NULL,'',0,1,'2023-05-02 13:22:17',NULL,NULL,1,1),(606,'0104953','71023347','SPARROW FALCON, KARLA ROSMERY',2,3,1,'karlasparrowf03@gmail.com','blank.png',NULL,NULL,'',0,1,'2023-05-02 13:22:17',NULL,NULL,0,1),(607,'0104954','45494288','VEINTEMILLA CARDOZO, LOURDES KATHERINE',2,1,1,'luveintemilla@gmail.com','blank.png',NULL,NULL,'',0,1,'2023-05-02 13:22:17',NULL,NULL,0,1),(608,'0104956','001526032','ARIAS LAVARELLO, KAREN LISSETT',2,3,2,'kariaslavarello@gmail.com','blank.png',NULL,NULL,'',0,1,'2023-05-02 13:22:17',NULL,NULL,0,1),(609,'0104957','47661901','BUSTIOS MONCADA, RAQUEL BERENICE',2,3,1,'raq.bustios.m@gmail.com','blank.png',NULL,NULL,'',0,1,'2023-05-02 13:22:17',NULL,NULL,1,1),(610,'0104958','003593683','ALVAREZ DE PADILLA, ROSA MARIA',2,1,2,'rosamariaalvarezsolis1988@gmail.com','blank.png',NULL,NULL,'',0,1,'2023-05-02 13:22:17',NULL,NULL,0,1),(611,'0104959','000279872','SILVA MEJIAS, NIEVES DEL CARMEN',1,1,2,'nievesdelcarmen9@gmail.com','blank.png',NULL,NULL,'',0,1,'2023-05-02 13:22:17',NULL,NULL,0,1),(612,'0104960','41358146','PEREZ ROJAS, YESSENIA INGRID',2,2,1,'yesseniaperezrojas1@gmail.com','blank.png',NULL,NULL,'',0,1,'2023-05-02 13:22:17',NULL,NULL,1,1),(613,'0104961','70132128','IZQUIERDO BACA, FABIOLA DEL PILAR',2,2,1,'fabiolaizquierdob@gmail.com','blank.png',NULL,NULL,'',0,1,'2023-05-02 13:22:17',NULL,NULL,0,1),(614,'0104963','004655830','PALMAR DELGADO, VANESSA CRISTINA',2,1,2,'vanessapalmar17@gmail.com','blank.png',NULL,NULL,'',0,1,'2023-05-02 13:22:17',NULL,NULL,0,1),(615,'0104964','45939198','MEJIA TARAZONA, GUILLERMO GUSTAVO',2,2,1,'memorex12357@gmail.com','blank.png',NULL,NULL,'',0,1,'2023-05-02 13:22:17',NULL,NULL,0,1),(616,'0104965','22191896','MELENDEZ VELASQUEZ, OSCAR DAVID',2,2,1,'odmv48176@gmail.com','blank.png',NULL,NULL,'',0,1,'2023-05-02 13:22:17',NULL,NULL,1,1),(617,'0104969','000119115','ROSALES LEAL, DANIEL ANDRES',1,1,2,'eldani.1928@gmail.com','blank.png',NULL,NULL,'',0,1,'2023-05-02 13:22:17',NULL,NULL,0,1),(618,'0104970','003546581','MORENO PEREZ, BELEN DEL VALLE',2,1,2,'belencitamoreno33@gmail.com','blank.png',NULL,NULL,'',0,1,'2023-05-02 13:22:17',NULL,NULL,0,1),(619,'0104973','003007541','GUZMAN DOMINGUEZ, LUISKAR MARBETT DEL CARMEN',2,1,2,'luiskarguzman@gmail.com','blank.png',NULL,NULL,'',0,1,'2023-05-02 13:22:17',NULL,NULL,0,1),(620,'0104974','004002442','VASQUEZ GARCIA, NILCIA DEL CARMEN',2,1,3,'nilciagarcia1@gmail.com','blank.png',NULL,NULL,'',0,1,'2023-05-02 13:22:17',NULL,NULL,0,1),(621,'0104978','43072506','GUERRERO MACHA, PATRICIA MABEL',2,2,1,'patriciamabelsop@gmail.com','blank.png',NULL,NULL,'',0,1,'2023-05-02 13:22:17',NULL,NULL,1,1),(622,'0104984','76096327','CHAICO BASILIO, CORAZON PIEDAD',1,1,1,'chaico_97@hotmail.com','blank.png',NULL,NULL,'',0,1,'2023-05-02 13:22:17',NULL,NULL,1,1),(623,'0104985','47443687','QUISPE CHACON, ELIZABETH',1,1,1,'quispechaconelizabeth116@gmail.com','blank.png',NULL,NULL,'',0,1,'2023-05-02 13:22:17',NULL,NULL,0,1),(624,'0104986','003285395','VILLEGAS PIMENTEL, ANABELL DAYANA',2,1,2,'anabellvillegas27@gmail.com','blank.png',NULL,NULL,'',0,1,'2023-05-02 13:22:17',NULL,NULL,0,1),(625,'0104987','003442522','DIAZ FIGUEROA, CARWIN DEIVER',1,1,2,'carwindiaz@gmail.com','blank.png',NULL,NULL,'',0,1,'2023-05-02 13:22:17',NULL,NULL,1,1),(626,'0104992','45112080','MONGGO LUNA, ELIZABETH PERLA',1,1,1,'eli18.monggolu@gmail.com','blank.png',NULL,NULL,'',0,1,'2023-05-02 13:22:17',NULL,NULL,1,1),(627,'0104993','42121988','GOMEZ BRANCACHO, ROSA VICTORIA',1,1,1,'rosavictoria.gomez1@gmail.com','blank.png',NULL,NULL,'',0,1,'2023-05-02 13:22:17',NULL,NULL,0,1),(628,'0104994','70439348','ACUÑA RODRIGUEZ, MELISSA',1,1,1,'melissaacunarodriguez@gmail.com','blank.png',NULL,NULL,'',0,1,'2023-05-02 13:22:17',NULL,NULL,0,1),(629,'0104995','09715492','BOZA  MACHUCA, ELIZABETH ROCIO',2,2,1,'rociobozam@gmail.com','blank.png',NULL,NULL,'',0,1,'2023-05-02 13:22:17',NULL,NULL,0,1),(630,'0104996','000399961','FIGUEROA RIOS, SUJEIRIS ANAIS',2,1,2,'sujeirisfigueroa1@gmail.com','blank.png',NULL,NULL,'',0,1,'2023-05-02 13:22:17',NULL,NULL,0,1),(631,'0104997','003650208','AVILA , YOSELIN ALEJANDRA',1,1,2,'avilayoselin77@gmail.com','blank.png',NULL,NULL,'',0,1,'2023-05-02 13:22:17',NULL,NULL,0,1),(632,'0104999','61835666','SILVA SALGADO, ALEJANDRA ELIZABETH',2,2,1,'aleliss0611@gmail.com','blank.png',NULL,NULL,'',0,1,'2023-05-02 13:22:17',NULL,NULL,0,1),(633,'0105000','005210385','LOPEZ LOPEZ, ROSIRIS ANAHIS',1,1,2,'rosirislopez31@gmail.com','blank.png',NULL,NULL,'',0,1,'2023-05-02 13:22:17',NULL,NULL,1,1),(634,'0105001','15723769','LOZANO CARBAJAL, LILIANA MILAGROS',2,2,1,'lilianalozanocarbajal@gmail.com','blank.png',NULL,NULL,'',0,1,'2023-05-02 13:22:17',NULL,NULL,0,1),(635,'0105002','18063562','RIOS PEREZ, CARLOS ENRIQUE',1,1,1,'carlosenriqueriosperez3@gmail.com','blank.png',NULL,NULL,'',0,1,'2023-05-02 13:22:17',NULL,NULL,0,1),(636,'0105004','000553166','MARTINEZ  DIAZ, YULIMAR JOSEFINA',2,1,2,'yulimarmartinez580@gmail.com','blank.png',NULL,NULL,'',0,1,'2023-05-02 13:22:17',NULL,NULL,0,1),(637,'0105005','09700269','ARAOZ APAZA, MARITZA ANDREA',1,1,1,'araozapazamaritza@gmail.com','blank.png',NULL,NULL,'',0,1,'2023-05-02 13:22:17',NULL,NULL,1,1),(638,'0105006','43685112','JULCA MACALUPU, MIGUEL ANGEL',2,2,1,'julcamacalupumiguelangel@gmail.com','blank.png',NULL,NULL,'',0,1,'2023-05-02 13:22:17',NULL,NULL,0,1),(639,'0105007','45876205','BURGA QUINTERO, HELEN JUDIHT',1,1,1,'helenquin6@gmail.com','blank.png',NULL,NULL,'',0,1,'2023-05-02 13:22:17',NULL,NULL,0,1),(640,'0105008','002169306','TORREALBA MEDINA, EUMARYS JOSE',2,3,2,'eumarysjtm@gmail.com','blank.png',NULL,NULL,'',0,1,'2023-05-02 13:22:17',NULL,NULL,1,1),(641,'0105010','40081468','LIMAYLLA CARLOS, ROSA MARTHA',2,2,1,'virgostar78@gmail.com','blank.png',NULL,NULL,'',0,1,'2023-05-02 13:22:17',NULL,NULL,0,1),(642,'0105011','003090650','NUÑEZ RAMOS, ANA TERESA DEL VALLE',1,1,2,'anniiie1303@gmail.com','blank.png',NULL,NULL,'',0,1,'2023-05-02 13:22:17',NULL,NULL,0,1),(643,'0105012','45347127','PEÑA ROMERO, YOMAYRA ANGELICA',1,1,1,'yomi9207@gmail.com','blank.png',NULL,NULL,'',0,1,'2023-05-02 13:22:17',NULL,NULL,0,1),(644,'0105014','09831774','URIBE  HUAMANI, GUISELLA DEL MILAGRO',1,1,1,'milagritosuribe12345@gmail.com','blank.png',NULL,NULL,'',0,1,'2023-05-02 13:22:17',NULL,NULL,1,1),(645,'0105015','43793208','CAISAHUANA  MARTINEZ, JUDIHT MAURA',2,2,1,'jumm.jc@gmail.com','blank.png',NULL,NULL,'',0,1,'2023-05-02 13:22:17',NULL,NULL,0,1),(646,'0105019','10647619','QUISPE FRANCIA, LIZCETH BETZABETH',2,2,1,'quispefrancia28@gmail.com','blank.png',NULL,NULL,'',0,1,'2023-05-02 13:22:17',NULL,NULL,0,1),(647,'0105020','44416291','ANDRADE MAURICIO, MELISSA CYNTIA',2,2,1,'melicynti@gmail.com','blank.png',NULL,NULL,'',0,1,'2023-05-02 13:22:17',NULL,NULL,0,1),(648,'0105027','46764166','DIAZ LA TORRE, CRISTIAN',2,2,1,'cridilato@gmail.com','blank.png',NULL,NULL,'',0,1,'2023-05-02 13:22:17',NULL,NULL,0,1),(649,'0105028','47090091','RABANAL ZEGARRA, ANGEL ALEXANDER',2,2,1,'angelenfer18@gmail.com','blank.png',NULL,NULL,'',0,1,'2023-05-02 13:22:17',NULL,NULL,0,1),(650,'0105029','43986697','CONCEPCION MEDINA, WENDY MILAGROS',2,3,1,'wendyconcepcionmedina@gmail.com','blank.png',NULL,NULL,'',0,1,'2023-05-02 13:22:17',NULL,NULL,0,1),(651,'0105030','003867754','GELVIZ TOVAR, BETSY MARIBEL',1,1,2,'gelvizbetsy@gmail.com','blank.png',NULL,NULL,'',0,1,'2023-05-02 13:22:17',NULL,NULL,1,1),(652,'0105031','004286546','RINCON VEGA, ISRRAEL DAVID',1,1,2,'isrraeldrv26@gmail.com','blank.png',NULL,NULL,'',0,1,'2023-05-02 13:22:17',NULL,NULL,1,1),(653,'0105032','004234758','ALGARA FIGUEROA, EMILYS CRISTINA',2,1,2,'algaraemilys09@gmail.com','blank.png',NULL,NULL,'',0,1,'2023-05-02 13:22:17',NULL,NULL,0,1),(654,'0105033','46886155','TORRES MIÑOPE, CINDY SOLANGIE',2,3,1,'cisotomi@gmail.com','blank.png',NULL,NULL,'',0,1,'2023-05-02 13:22:17',NULL,NULL,0,1),(655,'0105035','40254840','HUAPULA VILLAFANA, MERCI CARMELITA',2,2,1,'carmelyhv@gmail.com','blank.png',NULL,NULL,'',0,1,'2023-05-02 13:22:17',NULL,NULL,0,1),(656,'0105036','18172657','BEJARANO CORREA VDA DE AREVALO, HERMINIA GRISELDA',2,2,1,'hgbejaranoc@gmail.com','blank.png',NULL,NULL,'',0,1,'2023-05-02 13:22:17',NULL,NULL,1,1),(657,'0105038','005118760','SANCHEZ LAMUS, AILED YANAYNA',2,3,2,'ailedyanayna@gmail.com','blank.png',NULL,NULL,'',0,1,'2023-05-02 13:22:17',NULL,NULL,1,1),(658,'0105039','005236857','BUENO , LISBETH CAROLINA',1,1,2,'lisbethcarolinabueno337@gmail.com','blank.png',NULL,NULL,'',0,1,'2023-05-02 13:22:17',NULL,NULL,1,1),(659,'0105043','43156826','SUNI HUILLCA, LUZMILA',1,1,1,'93suniluz@gmail.com','blank.png',NULL,NULL,'',0,1,'2023-05-02 13:22:17',NULL,NULL,0,1),(660,'0105044','46688997','MORENO CANO, ANA GIANINNA',2,2,1,'gianinna.moreno@gmail.com','blank.png',NULL,NULL,'',0,1,'2023-05-02 13:22:17',NULL,NULL,0,1),(661,'0105045','42989476','BALLON AGUILAR, YESBELLY YELITZA',2,2,1,'julioariadela@gmail.com','blank.png',NULL,NULL,'',0,1,'2023-05-02 13:22:17',NULL,NULL,0,1),(662,'0105046','003166210','PEREZ PEREZ, MARIA ALEJANDRA',1,1,2,'mariaale1992perez@gmail.com','blank.png',NULL,NULL,'',0,1,'2023-05-02 13:22:17',NULL,NULL,1,1),(663,'0105050','70607770','JAYO MENDOZA, ANGELLIN ANABELL',1,1,1,'angellinjayomendoza@gmail.com','blank.png',NULL,NULL,'',0,1,'2023-05-02 13:22:17',NULL,NULL,0,1),(664,'0105051','44624342','DOSANTOS MERCADO, ANGELA FATIMA',1,1,1,'angelafadome@gmail.com','blank.png',NULL,NULL,'',0,1,'2023-05-02 13:22:17',NULL,NULL,0,1),(665,'0105054','004266614','BAPTISTA VILORIA, ANDREA CAROLINA',1,1,2,'andrea18984828@gmail.com','blank.png',NULL,NULL,'',0,1,'2023-05-02 13:22:17',NULL,NULL,1,1),(666,'0105055','72044470','ORREGO ALVAREZ, MARTHA ISABEL',2,3,1,'martha.isabel_7@hotmail.com','blank.png',NULL,NULL,'',0,1,'2023-05-02 13:22:17',NULL,NULL,0,1),(667,'0105056','45087713','PALOMINO SAIRE, CYNTIA MIRLEY',2,2,1,'cyntiamirleypalominosaire@gmail.com','blank.png',NULL,NULL,'',0,1,'2023-05-02 13:22:17',NULL,NULL,1,1),(668,'0105057','72872325','PANANA LEON, LESLI JANETH',1,1,1,'lispananaleon@gmail.com','blank.png',NULL,NULL,'',0,1,'2023-05-02 13:22:17',NULL,NULL,0,1),(669,'0105058','43893706','SANDOVAL MECHATO, MARIA EPIFANIA',1,1,1,'sandovalmechatomariaepifania@gmail.com','blank.png',NULL,NULL,'',0,1,'2023-05-02 13:22:17',NULL,NULL,1,1),(670,'0105063','40001759','COLONIA DE LA CRUZ, DORA',2,2,1,'dcoloniadelacruz@gmail.com','blank.png',NULL,NULL,'',0,1,'2023-05-02 13:22:17',NULL,NULL,1,1),(671,'0105064','005209218','MELENDEZ ORTEGA, ANDREA CAROLINA',2,3,2,'andreamelendez31@gmail.com','blank.png',NULL,NULL,'',0,1,'2023-05-02 13:22:17',NULL,NULL,0,1),(672,'0105065','003322877','MARQUEZ LEAL, YAJELIS CAROLINA',1,1,2,'yajelismarquezlea@gmail.com','blank.png',NULL,NULL,'',0,1,'2023-05-02 13:22:17',NULL,NULL,0,1),(673,'0105066','47595454','SANCHEZ VILLANUEVA, KATHERINE VANESSA',1,1,1,'kvillanuevasanchez@gmail.com','blank.png',NULL,NULL,'',0,1,'2023-05-02 13:22:17',NULL,NULL,0,1),(674,'0105067','41769564','FLORES CCASA, MIGUEL',1,1,1,'miguel.enf.ccasa@gmail.com','blank.png',NULL,NULL,'',0,1,'2023-05-02 13:22:17',NULL,NULL,1,1),(675,'0105069','003593683','ALVAREZ DE PADILLA, ROSA MARIA',2,1,2,'rosamariaalvarezsolis1988@gmail.com','blank.png',NULL,NULL,'',0,1,'2023-05-02 13:22:17',NULL,NULL,0,1),(676,'0105070','002289473','ARVELAEZ ACOSTA, GRISMEL SULLIN',2,3,2,'arvelaez.grismel@gmail.com','blank.png',NULL,NULL,'',0,1,'2023-05-02 13:22:17',NULL,NULL,0,1),(677,'0105071','48562056','SILVA CARDENAS, ANTONELLA ROCIO',2,3,1,'rejouit94@gmail.com','blank.png',NULL,NULL,'',0,1,'2023-05-02 13:22:17',NULL,NULL,0,1),(678,'0105072','72840903','VILCA MATTOS, ALLINSON PATRICIA DEL ROSARIO',1,4,1,'patriciarvm.27@gmail.com','blank.png',NULL,NULL,'',0,1,'2023-05-02 13:22:17',NULL,NULL,1,1),(679,'0105075','004831511','MARQUEZ LEAL, NELWIS AURIMIS',1,1,2,'nelwismarques@gmail.com','blank.png',NULL,NULL,'',0,1,'2023-05-02 13:22:17',NULL,NULL,1,1),(680,'0105076','005382162','RAMIREZ HERNANDEZ, YAUDELY YULIMEY',1,1,2,'yaudelyramirez@gmail.com','blank.png',NULL,NULL,'',0,1,'2023-05-02 13:22:17',NULL,NULL,1,1),(681,'0105077','000112137','AGUILAR RIVAS, YOHANA YACKELIN',1,1,2,'yohanaaguilar7@gmail.com','blank.png',NULL,NULL,'',0,1,'2023-05-02 13:22:17',NULL,NULL,0,1),(682,'0105078','49055112','NOGUERA DE CABRERA, ELBIA KARINA',2,3,1,'karina1906@gmail.com','blank.png',NULL,NULL,'',0,1,'2023-05-02 13:22:17',NULL,NULL,0,1),(683,'0105079','70141851','SALAZAR CHUMBIMUNI, JOSELYN MARITZA',2,2,1,'josyilove30@gmail.com','blank.png',NULL,NULL,'',0,1,'2023-05-02 13:22:17',NULL,NULL,0,1),(684,'0105080','45252458','JIMENEZ TARAZONA, WILLINGTON GIANCARLO',2,2,1,'enf.emergencias@gmail.com','blank.png',NULL,NULL,'',0,1,'2023-05-02 13:22:17',NULL,NULL,0,1),(685,'0105082','41547631','PAREDES ESPINOZA, ROGGER DOMINGO',2,2,1,'roggerparedesespinoza29@gmail.com','blank.png',NULL,NULL,'',0,1,'2023-05-02 13:22:17',NULL,NULL,0,1),(686,'0105087','46797653','LIZANA GARCIA, KATIA',2,2,1,'keithy52016@gmail.com','blank.png',NULL,NULL,'',0,1,'2023-05-02 13:22:17',NULL,NULL,1,1),(687,'0105088','42356705','GAMARRA TREJO, JOHANNA MILAGROS',2,2,1,'jgamarrat27@gmail.com','blank.png',NULL,NULL,'',0,1,'2023-05-02 13:22:17',NULL,NULL,1,1),(688,'0105089','71573951','BARRANTES VALLEJOS, CARLA  XIMENA',2,2,1,'ximebv123@gmail.com','blank.png',NULL,NULL,'',0,1,'2023-05-02 13:22:17',NULL,NULL,1,1),(689,'0105090','72543680','FLORES CAYO, THALIA MARILUISA',2,3,1,'thaliaf60@gmail.com','blank.png',NULL,NULL,'',0,1,'2023-05-02 13:22:17',NULL,NULL,0,1),(690,'0105091','44946839','MARTINEZ DIAZ, VERONICA LILIANA',2,2,1,'vlmd145@gmail.com','blank.png',NULL,NULL,'',0,1,'2023-05-02 13:22:17',NULL,NULL,0,1),(691,'0105092','004240653','MORENO RENDON, NIURKA AURELIS',2,3,2,'niurkam2004@gmail.com','blank.png',NULL,NULL,'',0,1,'2023-05-02 13:22:17',NULL,NULL,1,1),(692,'0105094','23276755','ENRIQUEZ MENDOZA, RAMIRO',2,2,1,'enriquezramiro314@gmail.com','blank.png',NULL,NULL,'',0,1,'2023-05-02 13:22:17',NULL,NULL,0,1),(693,'0105095','43322775','ROSAS NOA, MARILUZ',2,2,1,'mariluzrosas80@gmail.com','blank.png',NULL,NULL,'',0,1,'2023-05-02 13:22:17',NULL,NULL,1,1),(694,'0105096','43195954','SANTOS LOYOLA, ANA MARIA SOLEDAD',2,2,1,'anitarock004sl@gmail.com','blank.png',NULL,NULL,'',0,1,'2023-05-02 13:22:17',NULL,NULL,0,1),(695,'0105098','44197232','RIVAS LIMACHE, ERIKA GEOVANA',2,2,1,'erikarivaslimache@gmail.com','blank.png',NULL,NULL,'',0,1,'2023-05-02 13:22:17',NULL,NULL,0,1),(696,'0105099','45110881','HUARCA LIVIAS, RUTH NOEMI',2,3,1,'noemihuarca91@gmail.com','blank.png',NULL,NULL,'',0,1,'2023-05-02 13:22:17',NULL,NULL,0,1),(697,'0105100','71428293','ARANGO SANCHEZ, ROSA ELENA',3,15,1,'arango.elena98@gmail.com','blank.png',NULL,NULL,'',0,1,'2023-05-02 13:22:17',NULL,NULL,0,1),(698,'0105101','47238112','OLIVARES MASGO, LUIS ENRIQUE',3,15,1,'fakenewsftw@gmail.com','blank.png',NULL,NULL,'',0,1,'2023-05-02 13:22:17',NULL,NULL,0,1),(699,'0105102','74541274','POLANCO CASTILLO, MAVIALBERT TRINIDAD',2,3,1,'polancocastillomavi@gmail.com','blank.png',NULL,NULL,'',0,1,'2023-05-02 13:22:17',NULL,NULL,0,1),(700,'0105103','71851709','SOTO COLQUI, VIVIANA JENNIFER',2,3,1,'deysy.silvia@gmail.com','blank.png',NULL,NULL,'',0,1,'2023-05-02 13:22:17',NULL,NULL,0,1),(701,'0105104','42854893','YUPANQUI GALVEZ, JANET',3,15,1,'yannygalvezyupanqui@gmail.com','blank.png',NULL,NULL,'',0,1,'2023-05-02 13:22:17',NULL,NULL,0,1),(702,'0105105','72028599','GUERRA GUERRERO, CLAUDIA MIRELLA',2,3,1,'cguerraguerrero27@gmail.com','blank.png',NULL,NULL,'',0,1,'2023-05-02 13:22:17',NULL,NULL,1,1),(703,'0105106','41297193','DIAZ FABIAN, JULY SOLEDAD',2,3,1,'ddsolansh@gmail.com','blank.png',NULL,NULL,'',0,1,'2023-05-02 13:22:17',NULL,NULL,0,1),(704,'0105112','70854377','HUARANGA ANGULO, LUCERO',2,3,1,'lucerohuaranga30@gmail.com','blank.png',NULL,NULL,'',0,1,'2023-05-02 13:22:17',NULL,NULL,0,1),(705,'0105113','005384263','LADERA ANDREA, ELIADES DEL CARMEN',1,1,2,'eliadesladera4@gmail.com','blank.png',NULL,NULL,'',0,1,'2023-05-02 13:22:17',NULL,NULL,1,1),(706,'0105114','004644128','LAMUÑO , MARGELIS NAZARETH',1,1,2,'lamunomargelis651@gmail.com','blank.png',NULL,NULL,'',0,1,'2023-05-02 13:22:17',NULL,NULL,0,1),(707,'0105115','41691466','LAZO QUISPE, DEMESIA',1,1,1,'demelazo35@gmail.com','blank.png',NULL,NULL,'',0,1,'2023-05-02 13:22:17',NULL,NULL,0,1),(708,'0105116','003768847','CEDEÑO VILLANUEVA, OSCAR RICARDO',1,1,2,'oscaricardmilo@gmail.com','blank.png',NULL,NULL,'',0,1,'2023-05-02 13:22:17',NULL,NULL,1,1),(709,'0105117','71925016','SAENZ CHANCA, JORGE LUIS',1,1,1,'jorgeluissaenz17@gmail.com','blank.png',NULL,NULL,'',0,1,'2023-05-02 13:22:17',NULL,NULL,0,1),(710,'0105118','45539954','BERNA MACEDO, CARLA MILAGROS',2,2,1,'carlaberna33@hotmail.com','blank.png',NULL,NULL,'',0,1,'2023-05-02 13:22:17',NULL,NULL,0,1),(711,'0105119','74077241','SUAREZ ROJAS, JERSON VITALIO',1,1,1,'jersonsuarezrojas20@gmail.com','blank.png',NULL,NULL,'',0,1,'2023-05-02 13:22:17',NULL,NULL,0,1),(712,'0105120','74391581','VILLA CARRASCO, MARIZOL',1,1,1,'villacarrascomarizol10@gmail.com','blank.png',NULL,NULL,'',0,1,'2023-05-02 13:22:17',NULL,NULL,1,1),(713,'0105121','73234437','SERMEÑO PALACIOS, CHABELY LIZBETH',2,3,1,'chabely9325@gmail.com','blank.png',NULL,NULL,'',0,1,'2023-05-02 13:22:17',NULL,NULL,0,1),(714,'0105124','004456250','OBISPO ESPIDEL, YUSNEIDY CAROLINA',1,1,2,'yusnegisela@gmail.com','blank.png',NULL,NULL,'',0,1,'2023-05-02 13:22:17',NULL,NULL,1,1),(715,'0105128','45486622','PELAEZ MATOS, JULIO DAVID',1,1,1,'juliodavidpelaezmatos@gmail.com','blank.png',NULL,NULL,'',0,1,'2023-05-02 13:22:17',NULL,NULL,0,1),(716,'0105129','43071365','PAREDES QUISPE, SILVIA MARISOL',2,2,1,'solpaquiss@gmail.com','blank.png',NULL,NULL,'',0,1,'2023-05-02 13:22:17',NULL,NULL,1,1),(717,'0105130','06102937','MOSQUERA JAVIER, ANGELICA ZOILA',2,2,1,'angelica130422@gmail.com','blank.png',NULL,NULL,'',0,1,'2023-05-02 13:22:17',NULL,NULL,0,1),(718,'0105131','003121571','MENDEZ ROVIRA, YUHEIDY CAROLINA',2,3,2,'yuheidymendezrovira@gmail.com','blank.png',NULL,NULL,'',0,1,'2023-05-02 13:22:17',NULL,NULL,0,1),(719,'0105136','003196626','VARGAS GIL, LISDEIYERZ DANIELA',2,1,2,'aleinadchavez0806@gmail.com','blank.png',NULL,NULL,'',0,1,'2023-05-02 13:22:17',NULL,NULL,0,1),(720,'0105137','44555865','ESPINOZA BOLO, MIRSHA SARA',2,3,1,'mirshasarabolo@gmail.com','blank.png',NULL,NULL,'',0,1,'2023-05-02 13:22:17',NULL,NULL,0,1),(721,'0105139','70089482','CANALES MARTÍNEZ, LUCERO GIOVANNA',1,1,1,'lucyflores954@gmail.com','blank.png',NULL,NULL,'',0,1,'2023-05-02 13:22:17',NULL,NULL,0,1),(722,'0105141','43841915','SOTO ABAN, LOURDES MAGALY',1,1,1,'lukitasoto19@gmail.com','blank.png',NULL,NULL,'',0,1,'2023-05-02 13:22:17',NULL,NULL,0,1),(723,'0105143','76373108','RICCI CHINCHAY, DHARA ROCÍO DEL PILAR',1,1,1,'dhararicci24@gmail.com','blank.png',NULL,NULL,'',0,1,'2023-05-02 13:22:17',NULL,NULL,0,1),(724,'0105144','48283469','RUDAS RAMOS, YAGNNY',1,1,1,'yagny.rudas12@gmail.com','blank.png',NULL,NULL,'',0,1,'2023-05-02 13:22:17',NULL,NULL,1,1),(725,'0105147','76036759','BRUSIL MORANTE, JOSE ANTONIO',1,1,1,'brusilmorantejose7894@gmail.com','blank.png',NULL,NULL,'',0,1,'2023-05-02 13:22:17',NULL,NULL,0,1),(726,'0105148','73675140','MOLOCHE GARCIA, JORGE BRYAN',1,1,1,'molochejorge@gmail.com','blank.png',NULL,NULL,'',0,1,'2023-05-02 13:22:17',NULL,NULL,0,1),(727,'0105149','004408928','HURTADO BETANCOURT, XIALIZ VIRGINIA',2,3,2,'xializ85@gmail.com','blank.png',NULL,NULL,'',0,1,'2023-05-02 13:22:17',NULL,NULL,1,1),(728,'0105152','41269116','CORNEJO TURPO, NANCY MARLENI',1,1,1,'marle.cornejo12@gmail.com','blank.png',NULL,NULL,'',0,1,'2023-05-02 13:22:17',NULL,NULL,1,1),(729,'0105153','42262871','GUTIERREZ HUAYUNA, MAIKO ANTONIO',2,2,1,'maikoantoniog@gmail.com','blank.png',NULL,NULL,'',0,1,'2023-05-02 13:22:17',NULL,NULL,0,1),(730,'0105154','004921037','LOPEZ GONZALEZ, MARITZA LISETH',2,3,2,'mariflor2223@gmail.com','blank.png',NULL,NULL,'',0,1,'2023-05-02 13:22:17',NULL,NULL,0,1),(731,'0105155','003422493','VASQUEZ GERARDO, KIMBERLY GRACIELA',2,3,2,'joskimy004@gmail.com','blank.png',NULL,NULL,'',0,1,'2023-05-02 13:22:17',NULL,NULL,0,1),(732,'0105156','43257628','ESCALANTE TORRES, TANIA JADE',1,1,1,'jade.escalante.torres@gmail.com','blank.png',NULL,NULL,'',0,1,'2023-05-02 13:22:17',NULL,NULL,0,1),(733,'0105157','45883371','HUAROTO GONZALES, MARITZA ELIDA',1,1,1,'maritzaelidahuarotogonzales@gmail.com','blank.png',NULL,NULL,'',0,1,'2023-05-02 13:22:17',NULL,NULL,1,1),(734,'0105158','004650840','GIMENEZ VIVAS, ROSHY DELIMAR',1,1,2,'malejc87@gmail.com','blank.png',NULL,NULL,'',0,1,'2023-05-02 13:22:17',NULL,NULL,0,1),(735,'0105159','004965813','GUERRA CABALLERO, DESIREE DEL CARMEN',1,1,2,'desireeguerra45@gmail.com','blank.png',NULL,NULL,'',0,1,'2023-05-02 13:22:17',NULL,NULL,1,1),(736,'0105160','005017811','PEREZ GAMEZ, YENIFER ELISA',1,1,2,'yepk.perez@gmail.com','blank.png',NULL,NULL,'',0,1,'2023-05-02 13:22:17',NULL,NULL,0,1),(737,'0105161','40966296','VALERIANO DIAZ, ELIZABETH',1,1,1,'elizabethvaleriano4040@gmail.com','blank.png',NULL,NULL,'',0,1,'2023-05-02 13:22:17',NULL,NULL,0,1),(738,'0105162','46082332','PACHAS CORDOVA, JUAN CARLOS',1,1,1,'karlos111989@gmail.com','blank.png',NULL,NULL,'',0,1,'2023-05-02 13:22:17',NULL,NULL,0,1),(739,'0105163','06864235','VELEZ GALLARDO, MARIA DEL CARMEN',2,2,1,'mariavelez987@gmail.com','blank.png',NULL,NULL,'',0,1,'2023-05-02 13:22:17',NULL,NULL,1,1),(740,'0105165','48023133','INGARUCA DE LA CRUZ, DEYSY ROSARIO',2,3,1,'deysy1590@gmail.com','blank.png',NULL,NULL,'',0,1,'2023-05-02 13:22:17',NULL,NULL,1,1),(741,'0105167','003596512','BERMUDEZ QUINTERO, BAGLLOA LUISITA',2,3,2,'baglloavnzla21@gmail.com','blank.png',NULL,NULL,'',0,1,'2023-05-02 13:22:17',NULL,NULL,0,1),(742,'0105168','46966901','YNCA BORDA, SANDY CINTHYA',2,2,1,'sandycinthyayncaborda@gmail.com','blank.png',NULL,NULL,'',0,1,'2023-05-02 13:22:17',NULL,NULL,0,1),(743,'0105169','72210292','GUADALUPE RAMOS, MILIAM XIOMARA',1,1,1,'guadaluperamosx@gmail.com','blank.png',NULL,NULL,'',0,1,'2023-05-02 13:22:17',NULL,NULL,1,1),(744,'0105170','46738903','CASTILLO LABAN, GLORIA',1,1,1,'gloria.120406@gmail.com','blank.png',NULL,NULL,'',0,1,'2023-05-02 13:22:17',NULL,NULL,1,1),(745,'0105171','000689085','TOVAR PEÑA, ORANGEL DAYANA',1,1,2,'orangeltova@gmail.com','blank.png',NULL,NULL,'',0,1,'2023-05-02 13:22:17',NULL,NULL,0,1),(746,'0105172','20056538','CERRON CORDOVA, RITA',2,2,1,'algarose3@gmail.com','blank.png',NULL,NULL,'',0,1,'2023-05-02 13:22:17',NULL,NULL,1,1),(747,'0105173','44828591','GARCIA SUAREZ, ELIZABETH LUZ',1,1,1,'elizabethluzgarciasuarez@gmail.com','blank.png',NULL,NULL,'',0,1,'2023-05-02 13:22:17',NULL,NULL,0,1),(748,'0105174','40948533','ALEJOS BRAVO, MAGALY JACKELIN',1,1,1,'majadellosa@gmail.com','blank.png',NULL,NULL,'',0,1,'2023-05-02 13:22:17',NULL,NULL,1,1),(749,'0105182','46278884','VALDIVIA CARRASCO, ESMILDA',1,1,1,'valdiviacarrascoe@gmail.com','blank.png',NULL,NULL,'',0,1,'2023-05-02 13:22:17',NULL,NULL,1,1),(750,'0105183','70051412','PEÑALOZA LEVANO DE CASTILLA, KELLY LISBETH',1,1,1,'kellylisbethpenalozalevano8@gmail.com','blank.png',NULL,NULL,'',0,1,'2023-05-02 13:22:17',NULL,NULL,1,1),(751,'0105184','45926242','TAIPE ROBLES, SANDY PAULET',1,1,1,'taipesandy18@gmail.com','blank.png',NULL,NULL,'',0,1,'2023-05-02 13:22:17',NULL,NULL,1,1),(752,'0105185','10445366','CONDORI CHURA, LUCIO WALTER',1,1,1,'lucio.condori@gmail.com','blank.png',NULL,NULL,'',0,1,'2023-05-02 13:22:17',NULL,NULL,0,1),(753,'0105186','72665137','CHAPA CHULLE, DIANA MARISOL',1,1,1,'dianachapachulle@gmail.com','blank.png',NULL,NULL,'',0,1,'2023-05-02 13:22:17',NULL,NULL,1,1),(754,'0105187','47351118','REDUCINDO ESQUIVEL, JACQUELIN',2,3,1,'jacquelinredu@gmail.com','blank.png',NULL,NULL,'',0,1,'2023-05-02 13:22:17',NULL,NULL,0,1),(755,'0105188','45540698','SARMIENTO MENDOZA, JACKELIN ALEXANDRA',2,3,1,'sarmientojacky1@gmail.com','blank.png',NULL,NULL,'',0,1,'2023-05-02 13:22:17',NULL,NULL,0,1),(756,'0105189','48068518','FAJARDO CASTILLO, ROCIO ALEJANDRA',2,3,1,'rfajardoc25@gmail.com','blank.png',NULL,NULL,'',0,1,'2023-05-02 13:22:17',NULL,NULL,0,1),(757,'0105190','48150519','CHAMORRO HINOSTROZA, JHAYSON JHON',2,3,1,'jc245946@gmail.com','blank.png',NULL,NULL,'',0,1,'2023-05-02 13:22:17',NULL,NULL,0,1),(758,'0105191','03492627','ANICETO CORREA, GLADYS',2,2,1,'luzcorrea336@gmail.com','blank.png',NULL,NULL,'',0,1,'2023-05-02 13:22:17',NULL,NULL,1,1),(759,'0105194','73367635','LLIQUE ESCUDERO, SIUYEN WENDY',2,3,1,'siuyen05@gmail.com','blank.png',NULL,NULL,'',0,1,'2023-05-02 13:22:17',NULL,NULL,0,1),(760,'0105195','43193513','TORRES HUAMAN, DIONISIO',1,1,1,'dio281985@gmail.com','blank.png',NULL,NULL,'',0,1,'2023-05-02 13:22:17',NULL,NULL,1,1),(761,'0105196','41384233','QUIROZ BARRANTES DE PRIETO, GISELLA DEL PILAR',2,3,1,'gisellitaquiroz@gmail.com','blank.png',NULL,NULL,'',0,1,'2023-05-02 13:22:17',NULL,NULL,0,1),(762,'0105197','10079435','TALLEDO RUIZ, MARCO ANTONIO',2,2,1,'marco.talr155@gmail.com','blank.png',NULL,NULL,'',0,1,'2023-05-02 13:22:17',NULL,NULL,0,1),(763,'0105199','47233164','DIAZ VEGA, ANA GABRIELA',1,1,1,'anita.enfermeria26@gmail.com','blank.png',NULL,NULL,'',0,1,'2023-05-02 13:22:17',NULL,NULL,0,1),(764,'0105201','48793266','GALVEZ NALVARTE, MARISOL CARMEN',1,1,1,'marisol.nalvarte@gmail.com','blank.png',NULL,NULL,'',0,1,'2023-05-02 13:22:17',NULL,NULL,1,1),(765,'0105202','15760215','AREVALO BARBOZA, PATRICIA LILIANA',2,2,1,'monchyplav1977@gmail.com','blank.png',NULL,NULL,'',0,1,'2023-05-02 13:22:17',NULL,NULL,0,1),(766,'0105205','48472922','HUAMAN GALVEZ, CINDY DAYSY',1,1,1,'cindahuga@gmail.com','blank.png',NULL,NULL,'',0,1,'2023-05-02 13:22:17',NULL,NULL,0,1),(767,'0105206','42679024','PALOMINO BULEJE, MAGGIN',2,2,1,'maggestic84@gmail.com','blank.png',NULL,NULL,'',0,1,'2023-05-02 13:22:17',NULL,NULL,0,1),(768,'0105224','70433136','CACHAY NASCIMENTO, SANDRA JEMINA',2,2,1,'sandra.cachay@gmail.com','blank.png',NULL,NULL,'',0,1,'2023-05-02 13:22:17',NULL,NULL,0,1),(769,'0105225','42913199','CASTILLO ACUÑA, SILVANO',2,2,1,'lic_s.castillo.a@hotmail.com','blank.png',NULL,NULL,'',0,1,'2023-05-02 13:22:17',NULL,NULL,0,1),(770,'0105226','40830961','ENCISO HUAYHUAS, CARLA',2,2,1,'carla.nurse.cq@gmail.com','blank.png',NULL,NULL,'',0,1,'2023-05-02 13:22:17',NULL,NULL,1,1),(771,'0105227','72929672','HUAMAN MENDOZA, FIORELLA ANGELICA',2,2,1,'fiorelitahm@gmail.com','blank.png',NULL,NULL,'',0,1,'2023-05-02 13:22:17',NULL,NULL,1,1),(772,'0105228','46438352','VILLEGAS LOAYZA, KATERINE CAROL',2,2,1,'katerine.villeg@gmail.com','blank.png',NULL,NULL,'',0,1,'2023-05-02 13:22:17',NULL,NULL,0,1),(773,'0105230','42983601','CHAVEZ POZO, ESTHER LIDIA',2,2,1,'esthercv50@gmail.com','blank.png',NULL,NULL,'',0,1,'2023-05-02 13:22:17',NULL,NULL,0,1),(774,'0105231','41380023','CADILLO DE LA CRUZ, DANIEL ROBERT',2,2,1,'dancadillod@uch.pe','blank.png',NULL,NULL,'',0,1,'2023-05-02 13:22:17',NULL,NULL,0,1),(775,'0105234','45814829','ACOSTA ESPEJO, MALICKA NAILEA',2,2,1,'maliespejo96@gmail.com','blank.png',NULL,NULL,'',0,1,'2023-05-02 13:22:17',NULL,NULL,0,1),(776,'0105235','72002084','DELGADILLO NAZARIO, YASUMI XIOMARA',2,2,1,'yaxi217258@hotmail.com','blank.png',NULL,NULL,'',0,1,'2023-05-02 13:22:17',NULL,NULL,0,1),(777,'0105236','46561894','JIMENEZ CLAUDIO, EVELYN PATRICIA',2,2,1,'ev3lyn_12@hotmail.com','blank.png',NULL,NULL,'',0,1,'2023-05-02 13:22:17',NULL,NULL,0,1),(778,'0105237','70253849','BALDEON REATEGUI, GABRIELA ISABEL',2,2,1,'gbaldeonreategui@gmail.com','blank.png',NULL,NULL,'',0,1,'2023-05-02 13:22:17',NULL,NULL,1,1),(779,'0105238','45719463','VELASQUEZ LHI, JOHANA PAOLA',2,2,1,'paolavelasquezlhi@gmail.com','blank.png',NULL,NULL,'',0,1,'2023-05-02 13:22:17',NULL,NULL,1,1),(780,'0105239','72211335','MACEDO PUMALLOCLLA, DANIEL',2,2,1,'danieldmp10@hotmail.com','blank.png',NULL,NULL,'',0,1,'2023-05-02 13:22:17',NULL,NULL,0,1),(781,'0105241','47451315','ANDINO PEÑA, MADILEYDI',2,3,1,'marileydi221991@gmail.com','blank.png',NULL,NULL,'',0,1,'2023-05-02 13:22:17',NULL,NULL,1,1),(782,'0105242','44853530','CARLOS LUCERO, JUAN WILMER',2,3,1,'jwcl44853530@gmail.com','blank.png',NULL,NULL,'',0,1,'2023-05-02 13:22:17',NULL,NULL,0,1),(783,'0105243','46278699','CARPIO QUIROZ, LILY CONSUELO',2,2,1,'carpiolily428@gmail.com','blank.png',NULL,NULL,'',0,1,'2023-05-02 13:22:17',NULL,NULL,0,1),(784,'0105244','46190682','HUAMAN SOTELO, CARMEN DEL PILAR',2,2,1,'carmen_17_0889@hotmail.com','blank.png',NULL,NULL,'',0,1,'2023-05-02 13:22:17',NULL,NULL,0,1),(785,'0105245','46051880','OSORIO ASTUQUIPAN, LIZET NISHELY',2,2,1,'liset_1224@hotmail.com','blank.png',NULL,NULL,'',0,1,'2023-05-02 13:22:17',NULL,NULL,0,1),(786,'0105246','71477648','PARIONA CARDENAS, DEYSI ROSAMEL',2,2,1,'deysi.rosamel29@gmail.com','blank.png',NULL,NULL,'',0,1,'2023-05-02 13:22:17',NULL,NULL,1,1),(787,'0105247','46543203','BARZOLA TITO, ABRAHAM ABEL',2,2,1,'abel_1014@hotmail.com','blank.png',NULL,NULL,'',0,1,'2023-05-02 13:22:17',NULL,NULL,0,1),(788,'0105249','45471790','MAGUIÑA HUAMAN, ROCIO VERONICA',2,2,1,'rocio.maguina.h@upch.pe','blank.png',NULL,NULL,'',0,1,'2023-05-02 13:22:17',NULL,NULL,1,1),(789,'0105251','71462689','ANDIA PULLO, RUTH JANETH',2,2,1,'ruty_2312@hotmail.com','blank.png',NULL,NULL,'',0,1,'2023-05-02 13:22:17',NULL,NULL,1,1),(790,'0105252','60300955','CONTRERAS BONIFACIO, THALIA JANET',2,3,1,'thalia.jcb.15@gmail.com','blank.png',NULL,NULL,'',0,1,'2023-05-02 13:22:17',NULL,NULL,0,1),(791,'0105253','004667752','ARRIETA JIMÉNEZ, NEREIDA MAYELIN',2,3,2,'nereidaarrieta010@gmail.com','blank.png',NULL,NULL,'',0,1,'2023-05-02 13:22:17',NULL,NULL,0,1),(792,'0105254','10818004','TOLEDO VEGA, JIMMY ALEXANDER',2,3,1,'jimmito77@hotmail.com','blank.png',NULL,NULL,'',0,1,'2023-05-02 13:22:17',NULL,NULL,0,1),(793,'0105255','004303952','DIAZ , DAINHUS DEL VALLE',2,3,2,'dainhusdelvallediaz@gmail.com','blank.png',NULL,NULL,'',0,1,'2023-05-02 13:22:17',NULL,NULL,0,1),(794,'0105256','003151667','MENDEZ RUIZ, LEONARDO JOSE',1,1,2,'leomendez1886@gmail.com','blank.png',NULL,NULL,'',0,1,'2023-05-02 13:22:17',NULL,NULL,1,1),(795,'0105257','002334125','TORO GARCÍA, SORANGEL CAROLINA',2,3,2,'soriyaire@gmail.com','blank.png',NULL,NULL,'',0,1,'2023-05-02 13:22:17',NULL,NULL,0,1),(796,'0105258','46069648','CHERO SANTISTEBAN, MONICA JANETH',2,2,1,'monicajchs@gmail.com','blank.png',NULL,NULL,'',0,1,'2023-05-02 13:22:17',NULL,NULL,0,1),(797,'0105259','72209357','CHIRINOS TORRES, DIANA ELIZABETH',2,3,1,'dianachirinostorres@gmail.com','blank.png',NULL,NULL,'',0,1,'2023-05-02 13:22:17',NULL,NULL,0,1),(798,'0105260','71851003','HALANOCA CHAMBI, ANALY MAYUMI',2,2,1,'analy.mhc@gmail.com','blank.png',NULL,NULL,'',0,1,'2023-05-02 13:22:17',NULL,NULL,1,1),(799,'0105262','41409197','ROJAS RAMOS, EVELYN LISSETTE',2,2,1,'rojasramosevelyn@gmail.com','blank.png',NULL,NULL,'',0,1,'2023-05-02 13:22:17',NULL,NULL,1,1),(800,'0105263','44512241','VEGA CHAVEZ, SUSAN CAROL',2,3,1,'susanvegacha@gmail.com','blank.png',NULL,NULL,'',0,1,'2023-05-02 13:22:17',NULL,NULL,0,1),(801,'0105269','46321626','MURILLO SANCHEZ, STEFANY ZENAIDA',2,2,1,'stefanymurillos@gmail.com','blank.png',NULL,NULL,'',0,1,'2023-05-02 13:22:17',NULL,NULL,1,1),(802,'0105270','70066036','MANCHEGO QUISPE, MILAGROS SOLEDAD',2,2,1,'milagrosmanchego17@gmail.com','blank.png',NULL,NULL,'',0,1,'2023-05-02 13:22:17',NULL,NULL,1,1),(803,'0105271','45508289','MURGUIA OBANDO, CINDY MILAGROS',2,2,1,'cindymurguiaobando@gmail.com','blank.png',NULL,NULL,'',0,1,'2023-05-02 13:22:17',NULL,NULL,1,1),(804,'0105273','71921830','SOSA ORIUNDO, LUCERO GUIANELA',2,3,1,'lsosaoriundo@gmail.com','blank.png',NULL,NULL,'',0,1,'2023-05-02 13:22:17',NULL,NULL,0,1),(805,'0105274','46437222','TAYA BARON, CYNTHIA LUCIA',2,2,1,'cynthiatb84@gmail.com','blank.png',NULL,NULL,'',0,1,'2023-05-02 13:22:17',NULL,NULL,1,1),(806,'0105275','48457219','ORTIZ ALBITES, THALIA MAYLI',2,3,1,'caprythali1994@gmail.com','blank.png',NULL,NULL,'',0,1,'2023-05-02 13:22:17',NULL,NULL,0,1),(807,'0105276','46797335','HUAMANCHUMO LOPEZ, JULISSA FATIMA',2,3,1,'fatymehl2@gmail.com','blank.png',NULL,NULL,'',0,1,'2023-05-02 13:22:17',NULL,NULL,0,1),(808,'0105283','07764973','ROMERO CORREA, RUBEN ARTURO',NULL,16,1,'ruben.romero.correa1@gmail.com','blank.png',NULL,NULL,'',0,1,'2023-05-02 13:22:17',NULL,NULL,1,1),(809,'0105286','44789330','ASCONA TAPIAZA, GUILLERMO SIXTO',2,3,1,'guill3shura@gmail.com','blank.png',NULL,NULL,'',0,1,'2023-05-02 13:22:17',NULL,NULL,0,1),(810,'0105287','47247393','FACUNDO SALDAÑA, MAYTZA MELISSA',2,2,1,'maytza07@gmail.com','blank.png',NULL,NULL,'',0,1,'2023-05-02 13:22:17',NULL,NULL,0,1),(811,'0105288','42462847','GOMEZ ANANCULI, CARLOS EDUARDO',2,2,1,'carloskael88@gmail.com','blank.png',NULL,NULL,'',0,1,'2023-05-02 13:22:17',NULL,NULL,1,1),(812,'0105289','44617537','OSTERLOH PARRALES, KIMBERLY MELISSA',2,2,1,'kimberlyosterloh@gmail.com','blank.png',NULL,NULL,'',0,1,'2023-05-02 13:22:17',NULL,NULL,1,1),(813,'0105290','15436612','TORRES SANCHEZ, EVELYN JULIANA',2,2,1,'evelynjulianat@gmail.com','blank.png',NULL,NULL,'',0,1,'2023-05-02 13:22:17',NULL,NULL,0,1),(814,'0105292','003230620','VELASQUEZ , EDGARDO ALFONZO',2,3,2,'edgardo.alfonzo1086@gmail.com','blank.png',NULL,NULL,'',0,1,'2023-05-02 13:22:17',NULL,NULL,1,1),(815,'0105293','71009849','VARGAS BALDEON, BRILLITH YEIMI',2,3,1,'brillith.vb@gmail.com','blank.png',NULL,NULL,'',0,1,'2023-05-02 13:22:17',NULL,NULL,0,1),(816,'0105294','44253102','RUIZ CORNEJO, FIORELLA ESTEFANIA',2,3,1,'fiorellaruiz144@gmail.com','blank.png',NULL,NULL,'',0,1,'2023-05-02 13:22:17',NULL,NULL,0,1),(817,'0105295','72385681','PEREZ VASQUEZ, JHOANA',2,2,1,'jhoanapv12@gmail.com','blank.png',NULL,NULL,'',0,1,'2023-05-02 13:22:17',NULL,NULL,1,1),(818,'0105297','71378566','BANCAYAN CORDOVA, CRISTIN DEL ROCIO',2,2,1,'cristin147.cb@gmail.com','blank.png',NULL,NULL,'',0,1,'2023-05-02 13:22:17',NULL,NULL,1,1),(819,'0105298','45686787','MEDINA JULON, LUZ ANITA',2,2,1,'luzmedina021989@gmail.com','blank.png',NULL,NULL,'',0,1,'2023-05-02 13:22:17',NULL,NULL,0,1),(820,'0105299','42143071','HUASASQUICHE ENCISO, RONALD ANGEL',2,2,1,'ronald00mmmm@gmail.com','blank.png',NULL,NULL,'',0,1,'2023-05-02 13:22:17',NULL,NULL,0,1),(821,'0105300','003115968','SOSA OBERMEJIAS, ENEYDA THAIS',2,3,2,'eneydasosa10@gmail.com','blank.png',NULL,NULL,'',0,1,'2023-05-02 13:22:17',NULL,NULL,1,1),(822,'0105303','70068186','MALLQUI BENAVENTE, SARA GUADALUPE',2,2,1,'smallqui94@gmail.com','blank.png',NULL,NULL,'',0,1,'2023-05-02 13:22:17',NULL,NULL,1,1),(823,'0105304','43756622','PEREZ BECERRA, MARIA',2,2,1,'maryperezbecerra15@gmail.com','blank.png',NULL,NULL,'',0,1,'2023-05-02 13:22:17',NULL,NULL,0,1),(824,'0105306','72305753','ORIHUELA MENDOZA, KREHEMBLIN YELTSIN',2,3,1,'krehemblin@gmail.com','blank.png',NULL,NULL,'',0,1,'2023-05-02 13:22:17',NULL,NULL,0,1),(825,'0105307','40823238','HUAYANAY MAYON, DELIA',2,2,1,'deliahuayanaymayon@gmail.com','blank.png',NULL,NULL,'',0,1,'2023-05-02 13:22:17',NULL,NULL,0,1),(826,'0105308','76170464','HUAMAN TANTA, MARITZA GISSELA',2,2,1,'izziemaritza@gmail.com','blank.png',NULL,NULL,'',0,1,'2023-05-02 13:22:17',NULL,NULL,0,1),(827,'0105312','72875003','FLORES SOLANO, JUANITA MISHKICHAY',2,3,1,'juanitafloressolano@gmail.com','blank.png',NULL,NULL,'',0,1,'2023-05-02 13:22:17',NULL,NULL,0,1),(828,'0105313','72846156','TUPIA PLASENCIA, ROXANA MARIA',2,2,1,'roxanatupia@gmail.com','blank.png',NULL,NULL,'',0,1,'2023-05-02 13:22:17',NULL,NULL,1,1),(829,'0105315','47255064','CARDENAS ESTRELLA, JULIA PATRICIA',2,2,1,'paticardenasestrella@gmail.com','blank.png',NULL,NULL,'',0,1,'2023-05-02 13:22:17',NULL,NULL,0,1),(830,'0105316','47471909','RODRIGUEZ IZQUIERDO, DORIS MARILU',2,2,1,'rodriguezizquierdodoris@gmail.com','blank.png',NULL,NULL,'',0,1,'2023-05-02 13:22:17',NULL,NULL,0,1),(831,'0105317','43248892','PACHERRES GUZMAN, CYNTHIA JOSEFINA',2,2,1,'cynthia1835@hotmail.com','blank.png',NULL,NULL,'',0,1,'2023-05-02 13:22:17',NULL,NULL,0,1),(832,'0105318','70440515','NUÑOVERO ACUÑA, CARLOS JESÚS',2,2,1,'nunoverocarlos@gmail.com','blank.png',NULL,NULL,'',0,1,'2023-05-02 13:22:17',NULL,NULL,1,1),(833,'0105319','43868941','SANTIAGO SANTIAGO, KATHERINE ROSS',2,3,1,'katherinerosssantiago@gmail.com','blank.png',NULL,NULL,'',0,1,'2023-05-02 13:22:17',NULL,NULL,0,1),(834,'0105320','002842482','SANCHEZ RIVERA, KARINA BEATRIZ',2,3,2,'karinabeatrizsanchezrivera@gmail.com','blank.png',NULL,NULL,'',0,1,'2023-05-02 13:22:17',NULL,NULL,0,1),(835,'0105322','44430498','RUELAS CENTENO, ELLUZ KELLY',2,2,1,'elluz321307@gmail.com','blank.png',NULL,NULL,'',0,1,'2023-05-02 13:22:17',NULL,NULL,1,1),(836,'0105326','71441001','ARROYO RAMOS, ESMERCY JULIANA',2,3,1,'esmercyarroyoramos43@gmail.com','blank.png',NULL,NULL,'',0,1,'2023-05-02 13:22:17',NULL,NULL,1,1),(837,'0105327','47716272','PARCO ALARCON, ROSIO YANETT',2,3,1,'rosio.parco.a@gmail.com','blank.png',NULL,NULL,'',0,1,'2023-05-02 13:22:17',NULL,NULL,0,1),(838,'0105328','48235394','NINA OSCCO, NANCY ROSALIA',2,3,1,'nancyninaoscco.1@gmail.com','blank.png',NULL,NULL,'',0,1,'2023-05-02 13:22:17',NULL,NULL,0,1),(839,'0105329','47854650','PERALTA CCAHUANA, CAROL LIZETH',2,3,1,'cp204582@gmail.com','blank.png',NULL,NULL,'',0,1,'2023-05-02 13:22:17',NULL,NULL,1,1),(840,'0105332','46798081','AGUILAR ALLAUCA, SILVIA',2,3,1,'silvia.01.05.21@gmail.com','blank.png',NULL,NULL,'',0,1,'2023-05-02 13:22:17',NULL,NULL,0,1),(841,'0105333','77179551','ARROYO BENITO, JUANA LORENA',2,3,1,'lorenarroyo1994@gmail.com','blank.png',NULL,NULL,'',0,1,'2023-05-02 13:22:17',NULL,NULL,0,1),(842,'0105334','45960713','PIMENTEL AGURTO, SUSY BEATRIZ',2,2,1,'beasilvi15@gmail.com','blank.png',NULL,NULL,'',0,1,'2023-05-02 13:22:17',NULL,NULL,0,1),(843,'0105335','47036732','ABAD VENTURA, ERIKA JEYMITH',2,2,1,'jeymithabadventura@gmail.com','blank.png',NULL,NULL,'',0,1,'2023-05-02 13:22:17',1,'2024-02-03 00:34:09',1,1),(844,'0105336','40920169','JURADO ORDOÑEZ, YESSI',2,2,1,'yjurado.or@gmail.com','blank.png',NULL,NULL,'',0,1,'2023-05-02 13:22:17',NULL,NULL,1,1),(845,'0105338','72016634','GUTIERREZ LENGUA, PIERINA PAOLA',2,3,1,'pierina.g.26@gmail.com','blank.png',NULL,NULL,'',0,1,'2023-05-02 13:22:17',NULL,NULL,1,1),(846,'0105339','76956924','ALMIDON ALLCCA, DIANA FLOR',2,3,1,'fuenteinfinitadeamor14@gmail.com','blank.png',NULL,NULL,'',0,1,'2023-05-02 13:22:17',NULL,NULL,0,1),(847,'0105340','15738908','TORRES LA ROSA, HAYDEE',2,2,1,'haydeetorres573@gmail.com','blank.png',NULL,NULL,'',0,1,'2023-05-02 13:22:17',NULL,NULL,1,1),(848,'0105341','44441596','MARTINEZ MIRANDA, MELISSA GEORGINA',2,2,1,'melimartinezmiranda@gmail.com','blank.png',NULL,NULL,'',0,1,'2023-05-02 13:22:17',NULL,NULL,1,1),(849,'0105342','44398220','APAGUEÑO ORTIZ, CYNTHIA LYNETTE',2,2,1,'lynaclao1986@gmail.com','blank.png',NULL,NULL,'',0,1,'2023-05-02 13:22:17',NULL,NULL,1,1),(850,'0105344','72185371','LAVERIAN OTERO, DIANA ELIZABETH',2,3,1,'yasikov12345@gmail.com','blank.png',NULL,NULL,'',0,1,'2023-05-02 13:22:17',NULL,NULL,0,1),(851,'0105345','42593500','RODAS MEDINA, CARLA ROSARIO',2,2,1,'carlarodasmedina17@gmail.com','blank.png',NULL,NULL,'',0,1,'2023-05-02 13:22:17',NULL,NULL,0,1),(852,'0105346','46578244','RAMOS ORBEZO, GLODIA',2,2,1,'glodia.sofia@gmail.com','blank.png',NULL,NULL,'',0,1,'2023-05-02 13:22:17',NULL,NULL,1,1),(853,'0105348','42896963','CABELLO BLAS, LUCIA',2,3,1,'lcabello363@gmail.com','blank.png',NULL,NULL,'',0,1,'2023-05-02 13:22:17',NULL,NULL,0,1),(854,'0105349','42995198','CHAVEZ PACHAS, MAURA SOLANGE',2,3,1,'maurasol24@gmail.com','blank.png',NULL,NULL,'',0,1,'2023-05-02 13:22:17',NULL,NULL,0,1),(855,'0105350','43604300','QUISPE APAZA, NADIA ROXANA',2,3,1,'nadia.quispe1829@gmail.com','blank.png',NULL,NULL,'',0,1,'2023-05-02 13:22:17',NULL,NULL,1,1),(856,'0105351','41092422','VELASQUEZ PORRAS, ESTHER GIOVANA',2,2,1,'giovisvp@gmail.com','blank.png',NULL,NULL,'',0,1,'2023-05-02 13:22:17',NULL,NULL,0,1),(857,'0105352','46588865','LOAYZA QUEQUEJANA, LILIAN WENDY',2,2,1,'lwlq191015@gmail.com','blank.png',NULL,NULL,'',0,1,'2023-05-02 13:22:17',NULL,NULL,0,1),(858,'0105353','46054623','SURICHAQUI SUAREZ, MARIA ISABEL',2,2,1,'msurichaqui89@gmail.com','blank.png',NULL,NULL,'',0,1,'2023-05-02 13:22:17',NULL,NULL,1,1),(859,'0105355','42507963','ASTETE MEDRANO, JOSE ALFREDO',2,2,1,'astt454@gmail.com','blank.png',NULL,NULL,'',0,1,'2023-05-02 13:22:17',NULL,NULL,0,1),(860,'0105358','47238112','OLIVARES MASGO, LUIS ENRIQUE',2,3,1,'fakenewsftw@gmail.com','blank.png',NULL,NULL,'',0,1,'2023-05-02 13:22:17',NULL,NULL,1,1),(861,'0105359','46010437','SALOME OLIVERA, MAYRA KAREN',2,2,1,'mayris1489@gmail.com','blank.png',NULL,NULL,'',0,1,'2023-05-02 13:22:17',NULL,NULL,0,1),(862,'0105360','15441674','VALVERDE LEON, MARCIA SILVIA',2,2,1,'silviavalverdeleon@gmail.com','blank.png',NULL,NULL,'',0,1,'2023-05-02 13:22:17',NULL,NULL,0,1),(863,'0105361','42538458','PEÑARANDA CASILDO, FIORELLA ELIZABETH',2,2,1,'fiorellapeca1984@gmail.com','blank.png',NULL,NULL,'',0,1,'2023-05-02 13:22:17',NULL,NULL,0,1),(864,'0105362','44132357','VIVAS RICRA, YESSICA MARGOT',2,2,1,'yemaviri@gmail.com','blank.png',NULL,NULL,'',0,1,'2023-05-02 13:22:17',NULL,NULL,1,1),(865,'0105363','70970839','VASQUEZ SALAZAR, RICARDO JUNIOR',2,2,1,'ricardojuniorvasquezsalazar@gmail.com','blank.png',NULL,NULL,'',0,1,'2023-05-02 13:22:17',NULL,NULL,1,1),(866,'0105364','40326773','VALLEJOS CULQUI, ALEIDA',2,2,1,'aleculqui35@gmail.com','blank.png',NULL,NULL,'',0,1,'2023-05-02 13:22:17',NULL,NULL,0,1),(867,'0105365','41412483','RAMIREZ ALFARO, MARYURIE ESTHER',2,3,1,'maryest084@gmail.com','blank.png',NULL,NULL,'',0,1,'2023-05-02 13:22:17',NULL,NULL,0,1),(868,'0105366','70060947','SALAS PISCO, JESSICA',2,2,1,'jesalaspisco@gmail.com','blank.png',NULL,NULL,'',0,1,'2023-05-02 13:22:17',NULL,NULL,1,1),(869,'0105367','003147947','ACUÑA BELISARIO, VIAMNEYS DE LOS ANGELES',2,3,2,'viamneysacu@gmail.com','blank.png',NULL,NULL,'',0,1,'2023-05-02 13:22:17',NULL,NULL,1,1),(870,'0105370','46995069','QUISPE JUAREZ, KARINA INES',2,3,1,'qjuarezkarina13@gmail.com','blank.png',NULL,NULL,'',0,1,'2023-05-02 13:22:17',NULL,NULL,0,1),(871,'0105371','71656356','CABALLERO CABELLO, GIANELLA YOLANDA',2,3,1,'giacaballero1996@gmail.com','blank.png',NULL,NULL,'',0,1,'2023-05-02 13:22:17',NULL,NULL,0,1),(872,'0105372','61277336','VARGAS CHANCHARI, MARIA MARLENI',2,2,1,'mvargas.mmvc@gmail.com','blank.png',NULL,NULL,'',0,1,'2023-05-02 13:22:17',NULL,NULL,0,1),(873,'0105373','47933816','ALEJO PEREZ, LEONOR VICENTA',2,1,1,'lalejoperez93@gmail.com','blank.png',NULL,NULL,'',0,1,'2023-05-02 13:22:17',NULL,NULL,1,1),(874,'0105380','003736806','BELISARIO AUÑON, XAVIER ALEXANDER',2,3,2,'xavibelisario90@gmail.com','blank.png',NULL,NULL,'',0,1,'2023-05-02 13:22:17',NULL,NULL,0,1),(875,'0105381','45300132','CHAVEZ JIMENEZ, JOHAN REDSON',2,2,1,'johanchavezjimenez4@gmail.com','blank.png',NULL,NULL,'',0,1,'2023-05-02 13:22:17',NULL,NULL,1,1),(876,'0105382','003712863','SISO CAMPOS, MICHELLY JOSE',2,3,2,'michy.siso@gmail.com','blank.png',NULL,NULL,'',0,1,'2023-05-02 13:22:17',NULL,NULL,0,1),(877,'0105386','72423150','PEQUEÑA JOYA, PAMELA FIORELA',2,3,1,'pamela270399@gmail.com','blank.png',NULL,NULL,'',0,1,'2023-05-02 13:22:17',NULL,NULL,0,1),(878,'0105395','45962979','VASQUEZ NUÑEZ, ISABEL TATIANA',2,2,1,'istavanu10@gmail.com','blank.png',NULL,NULL,'',0,1,'2023-05-02 13:22:17',NULL,NULL,1,1),(879,'0105410','15649003','ZUÑIGA CAVELLO, EVELIN NORMA',2,6,1,'evelinnorma40@gmail.com','blank.png',NULL,NULL,'',0,1,'2023-05-02 13:22:17',NULL,NULL,1,1),(880,'0105411','41849604','VILLACORTA SUAREZ, DANIEL BRATSON',2,2,1,'bratsonvsuarez@gmail.com','blank.png',NULL,NULL,'',0,1,'2023-05-02 13:22:17',NULL,NULL,1,1),(881,'0105417','42244534','CARBAJAL MANTARI, JUDITH KARINA',2,2,1,'judithcarbajal.kcm@gmail.com','blank.png',NULL,NULL,'',0,1,'2023-05-02 13:22:17',NULL,NULL,1,1),(882,'0105420','47788766','GUTIERREZ YALI, RENZO YVAN',2,2,1,'renzo3yali@gmail.com','blank.png',NULL,NULL,'',0,1,'2023-05-02 13:22:17',NULL,NULL,1,1),(883,'0105421','71295948','ARELLANO VILELA, JAINE JOAQUIN',2,3,1,'jainecrp12@gmail.com','blank.png',NULL,NULL,'',0,1,'2023-05-02 13:22:17',NULL,NULL,0,1),(884,'0105422','45160344','RUIZ PAREDES, YASHTMY ZULLY',2,2,1,'yashtmyzully@gmail.com','blank.png',NULL,NULL,'',0,1,'2023-05-02 13:22:17',NULL,NULL,1,1),(885,'0105423','70542472','VILLACORTA SARAVIA, LEIDLY NINOSKA',2,3,1,'lvillacortasaravia@gmail.com','blank.png',NULL,NULL,'',0,1,'2023-05-02 13:22:17',NULL,NULL,0,1),(886,'0105424','45574656','BLANCO CHAMORRO, PATSY LY MAURA',2,2,1,'patsyly20@gmail.com','blank.png',NULL,NULL,'',0,1,'2023-05-02 13:22:17',NULL,NULL,0,1),(887,'0105428','74565013','MIRANDA FLORES, MICAELA',2,3,1,'almiser2230@gmail.com','blank.png',NULL,NULL,'',0,1,'2023-05-02 13:22:17',NULL,NULL,1,1),(888,'0105429','76573804','VILLAGARAY HUAROTO, KAREN BRIYIT',2,2,1,'briyitv25@gmail.com','blank.png',NULL,NULL,'',0,1,'2023-05-02 13:22:17',NULL,NULL,0,1),(889,'0105438','45267686','YANA CCALLO, NOHEMI',2,3,1,'nohemiyana28@gmail.com','blank.png',NULL,NULL,'',0,1,'2023-05-02 13:22:17',NULL,NULL,0,1),(890,'0105439','46613916','CARLOS MAMANI, KAREN DIANNE',2,3,1,'karendiannecarlosmamani@gmail.com','blank.png',NULL,NULL,'',0,1,'2023-05-02 13:22:17',NULL,NULL,0,1),(891,'0105440','72578398','URBANO GAMARRA, CARLA ESTEFANI',2,3,1,'urbanocarla79@gmail.com','blank.png',NULL,NULL,'',0,1,'2023-05-02 13:22:17',NULL,NULL,0,1),(892,'0105443','46551813','GRANDEZ GARCIA, ANGELA CATIUSCA',2,3,1,'angelita.grandezg@gmail.com','blank.png',NULL,NULL,'',0,1,'2023-05-02 13:22:17',NULL,NULL,0,1),(893,'0105444','46688702','NAVARRO YURIVILCA, JULIO EDUARDO',2,3,1,'julioeduard30@gmail.com','blank.png',NULL,NULL,'',0,1,'2023-05-02 13:22:17',NULL,NULL,1,1),(894,'0105448','45941269','GARCIA VARGAS, DIANA CAROLINA',2,2,1,'dianagv2389@gmail.com','blank.png',NULL,NULL,'',0,1,'2023-05-02 13:22:17',NULL,NULL,1,1),(895,'0105449','70255353','VELASQUEZ MARCA, GABRIEL',2,3,1,'gabrielvm478@gmail.com','blank.png',NULL,NULL,'',0,1,'2023-05-02 13:22:17',NULL,NULL,0,1),(896,'0105450','44575187','ALIAGA YUPANQUI, ANAIS MELISSA',2,2,1,'leska25052019@gmail.com','blank.png',NULL,NULL,'',0,1,'2023-05-02 13:22:17',NULL,NULL,1,1),(897,'0105451','46685785','BURGA JULCA, RUT MAGALI',2,3,1,'ruthmagaliburga@gmail.com','blank.png',NULL,NULL,'',0,1,'2023-05-02 13:22:17',NULL,NULL,0,1),(898,'0105452','72801022','GONZALES GUERRERO, CESAR RODRIGO',2,3,1,'cesarrodr928@gmail.com','blank.png',NULL,NULL,'',0,1,'2023-05-02 13:22:17',NULL,NULL,0,1),(899,'0105453','70222333','CARRANZA DEL RIO, DAYANA YERALDI',2,3,1,'dcarranzadelrio@gmail.com','blank.png',NULL,NULL,'',0,1,'2023-05-02 13:22:17',NULL,NULL,0,1),(900,'0105456','47722627','JIRON ROLDAN, MARLY MALU',2,3,1,'mjironroldan@gmail.com','blank.png',NULL,NULL,'',0,1,'2023-05-02 13:22:17',NULL,NULL,0,1),(901,'0105464','70327299','LLUNCOR MORE DE PAUCAR, INGRID MARICRUZ',2,3,1,'aries310394@gmail.com','blank.png',NULL,NULL,'',0,1,'2023-05-02 13:22:17',NULL,NULL,1,1),(902,'0105465','42729411','PRADO PRADO, HORTENCIA ISABEL',2,3,1,'isabelprado822@gmail.com','blank.png',NULL,NULL,'',0,1,'2023-05-02 13:22:17',NULL,NULL,0,1),(903,'0105466','73385364','MOGROVEJO GUTIERREZ, MARICATHIA',2,3,1,'maricathia1@gmail.com','blank.png',NULL,NULL,'',0,1,'2023-05-02 13:22:17',NULL,NULL,1,1),(904,'0105467','72668750','REYES TORRES, KEREN YEMINA',2,3,1,'kerenyemina.12@gmail.com','blank.png',NULL,NULL,'',0,1,'2023-05-02 13:22:17',NULL,NULL,0,1),(905,'0105469','74768459','ZAPATA MENDOZA, LUCERO BRIGGITE',2,3,1,'zapatamendozalucero@gmail.com','blank.png',NULL,NULL,'',0,1,'2023-05-02 13:22:17',NULL,NULL,0,1),(906,'0105470','72016418','GARCIA CORDOVA, JUAN CARLOS',1,1,1,'juancarlosgarciacordova22@gmail.com','blank.png',NULL,NULL,'',0,1,'2023-05-02 13:22:17',NULL,NULL,1,1),(907,'0105471','75478080','ALMESTAR CIEZA, DENIS JHOANY',1,1,1,'jh.13ac@gmail.com','blank.png',NULL,NULL,'',0,1,'2023-05-02 13:22:17',NULL,NULL,1,1),(908,'0105473','74712728','ALVA PAREDES, BILLY MARTIN',1,1,1,'billyalvaparedes@gmail.com','blank.png',NULL,NULL,'',0,1,'2023-05-02 13:22:17',NULL,NULL,1,1),(909,'0105479','71590441','RODRIGUEZ ROQUE, MARIA ANGELICA',2,3,1,'mariaangelicarodriguezroque@gmail.com','blank.png',NULL,NULL,'',0,1,'2023-05-02 13:22:17',NULL,NULL,0,1),(910,'0105480','45904247','PASTOR CHAHUA, MAYRA ALEJANDRA',2,3,1,'mayitapastor@gmail.com','blank.png',NULL,NULL,'',0,1,'2023-05-02 13:22:17',NULL,NULL,0,1),(911,'0105481','74411749','TINEO TINEO, HELFER HELI',1,1,1,'helferheli97@gmail.com','blank.png',NULL,NULL,'',0,1,'2023-05-02 13:22:17',NULL,NULL,1,1),(912,'0105483','44076277','ASPILCUETA GOMEZ, VLADIMIR DARIO',1,1,1,'vaspilcuetagomez@gmail.com','blank.png',NULL,NULL,'',0,1,'2023-05-02 13:22:17',NULL,NULL,0,1),(913,'0105490','46797229','CASAVILCA MENDOZA, ELSA',2,3,1,'mendozaelsa123@gmail.com','blank.png',NULL,NULL,'',0,1,'2023-05-02 13:22:17',NULL,NULL,0,1),(914,'0105491','46127983','VINCES TENORIO, BRISAYDA MELISSA',2,3,1,'m.vincestenorio@gmail.com','blank.png',NULL,NULL,'',0,1,'2023-05-02 13:22:17',NULL,NULL,0,1),(915,'0105492','003383536','TORRES DELGADO, GREDA MARIA AUXILIADORA',2,3,2,'gredamaria6@gmail.com','blank.png',NULL,NULL,'',0,1,'2023-05-02 13:22:17',NULL,NULL,0,1),(916,'0105496','42465208','ARAUJO CCOCHACHI, GERARDA',2,3,1,'geidiacc@gmail.com','blank.png',NULL,NULL,'',0,1,'2023-05-02 13:22:17',NULL,NULL,0,1),(917,'0105497','45880962','CHILENO LLERENA, CINTHYA',2,3,1,'cinthyachileno@gmail.com','blank.png',NULL,NULL,'',0,1,'2023-05-02 13:22:17',NULL,NULL,0,1),(918,'0105498','71020220','GONZALES CALIXTO, THALIA NATALY',2,3,1,'nattycalixto24@gmail.com','blank.png',NULL,NULL,'',0,1,'2023-05-02 13:22:17',NULL,NULL,0,1),(919,'0105500','42297870','POVIS MAYHUASCA, IRIS ROSARIO',2,3,1,'irisrosario2029@gmail.com','blank.png',NULL,NULL,'',0,1,'2023-05-02 13:22:17',NULL,NULL,0,1),(920,'0105501','70774713','HERNANDEZ ESPINOZA, CARLOS ALBERTO JOSE',2,3,1,'carlosajhe@gmail.com','blank.png',NULL,NULL,'',0,1,'2023-05-02 13:22:17',NULL,NULL,0,1),(921,'0105502','003865525','NAGUANAGUA GUZMAN, GENESIS CAROLINA',2,3,2,'neneni0218@gmail.com','blank.png',NULL,NULL,'',0,1,'2023-05-02 13:22:17',NULL,NULL,1,1),(922,'0171428','45344879','DIAZ AGUIRRE, ROCIO MILAGROS',4,10,1,'rociodiaz1614@hotmail.com','blank.png',NULL,NULL,'',0,1,'2023-05-02 13:22:17',NULL,NULL,1,1),(923,'0171430','71851709','SOTO COLQUI, VIVIANA JENNIFER',4,10,1,'deysy.silvia@hotmail.com','blank.png',NULL,NULL,'',0,1,'2023-05-02 13:22:17',NULL,NULL,1,1),(924,'0171431','47238112','OLIVARES MASGO, LUIS ENRIQUE',4,10,1,'fakenewsftw@gmail.com','blank.png',NULL,NULL,'',0,1,'2023-05-02 13:22:17',NULL,NULL,1,1),(925,'0171434','71428293','ARANGO SANCHEZ, ROSA ELENA',4,10,1,'arango.elena98@gmail.com','blank.png',NULL,NULL,'',0,1,'2023-05-02 13:22:17',NULL,NULL,1,1),(926,'0171440','47159108','CHIPANA NOA, JULIA MARLENE',5,11,1,'marlechipana.n@gmail.com','blank.png',NULL,NULL,'',0,1,'2023-05-02 13:22:17',NULL,NULL,1,1),(927,'0171441','76827783','CORNELIO TORRES, EVELYN DIANA',5,11,1,'cornelioevelyn09@gmail.com','blank.png',NULL,NULL,'',0,1,'2023-05-02 13:22:17',NULL,NULL,1,1),(928,'0171443','70119936','LLANOS AREVALO, ERICA JAILITH',5,11,1,'ericallanos61@gmail.com','blank.png',NULL,NULL,'',0,1,'2023-05-02 13:22:17',NULL,NULL,1,1),(929,'0171444','71560699','NARVAEZ CHAVARRI, SAYURI LUCERO',5,11,1,'sayunarvaezch@gmail.com','blank.png',NULL,NULL,'',0,1,'2023-05-02 13:22:17',NULL,NULL,1,1),(930,'0171445','73872323','PIZARRO BANCES, MARIA ALESSANDRA',5,11,1,'alepizarrobances@gmail.com','blank.png',NULL,NULL,'',0,1,'2023-05-02 13:22:17',NULL,NULL,1,1),(931,'0171446','72287051','PUJAY RAMOS, MAILI',5,11,1,'pujaymaili87@gmail.com','blank.png',NULL,NULL,'',0,1,'2023-05-02 13:22:17',NULL,NULL,1,1),(932,'0171448','76589912','RAYMUNDES MORALES, LADY ISABEL',5,11,1,'ladyk2915@gmail.com','blank.png',NULL,NULL,'',0,1,'2023-05-02 13:22:17',NULL,NULL,1,1),(933,'0171451','76358098','LAVARELLO PANEBRA, JOSELYN LUCRECIA',5,11,1,'joselynlavarello13@gmail.com','blank.png',NULL,NULL,'',0,1,'2023-05-02 13:22:17',NULL,NULL,1,1),(934,'0171477','48864596','SIMON GONZALEZ, MARGARETH MICHELL',5,11,1,'simon.margareth.m@gmail.com','blank.png',NULL,NULL,'',0,1,'2023-05-02 13:22:17',NULL,NULL,1,1),(935,'0171480','74626543','VALENCIA JAUREGUI, ELISA TERESA',4,10,1,'valencia1002942@gmail.com','blank.png',NULL,NULL,'',0,1,'2023-05-02 13:22:17',NULL,NULL,1,1),(936,'0171481','77223656','ROQUE CONDORI, ROSA MARIA',4,10,1,'rosamariaroquecondori@gmail.com','blank.png',NULL,NULL,'',0,1,'2023-05-02 13:22:17',NULL,NULL,1,1),(937,'0171482','71712277','AGUILAR VILLAVICENCIO, FATIMA ATENEA',4,10,1,'fatimaaguilarvillavicencio@gmail.com','blank.png',NULL,NULL,'',0,1,'2023-05-02 13:22:17',NULL,NULL,1,1),(938,'0171483','70103151','ASMAT SOSA, KATTYUSKA MARISOL',4,10,1,'kattyusasmat@gmail.com','blank.png',NULL,NULL,'',0,1,'2023-05-02 13:22:17',NULL,NULL,1,1),(939,'0171484','41745802','DE LA CRUZ CASTILLO, SORAYDA EUGENIA',4,10,1,'eugenia14_82@hotmail.com','blank.png',NULL,NULL,'',0,1,'2023-05-02 13:22:17',NULL,NULL,1,1),(940,'0171485','72494009','PALOMINO POMASUNCO, JOSEMARIA',4,10,1,'josemaria.palomino.18@gmail.com','blank.png',NULL,NULL,'',0,1,'2023-05-02 13:22:17',NULL,NULL,1,1),(941,'0171486','61239153','SILVA ESPINOZA, JEFRIN EDINSON',5,11,1,'jefrinsilva09@gmail.com','blank.png',NULL,NULL,'',0,1,'2023-05-02 13:22:17',NULL,NULL,1,1),(942,'0171487','76861451','HUARANGA NARCISO, JUAN VICTOR',5,11,1,'huaranga_@hotmail.com','blank.png',NULL,NULL,'',0,1,'2023-05-02 13:22:17',NULL,NULL,1,1),(943,'0171488','72555197','RUIZ PACHECO, LEONELA SHANTAL',5,11,1,'leonela.s.p.r18@gmail.com','blank.png',NULL,NULL,'',0,1,'2023-05-02 13:22:17',NULL,NULL,1,1),(944,'0171491','48970027','FIGUEROA TORRES, POOL ALEXANDER',5,11,1,'alexanderskate95@gmail.com','blank.png',NULL,NULL,'',0,1,'2023-05-02 13:22:17',NULL,NULL,1,1),(945,'0171492','73500719','ALARCON DIAZ, KEVIN JUNIOR',5,11,1,'alarconk181@gmail.com','blank.png',NULL,NULL,'',0,1,'2023-05-02 13:22:17',NULL,NULL,1,1),(946,'0171493','73117311','LLAMOCCA GAVANCHO, JOEL DAVID',5,11,1,'joel_david_llamocca@hotmail.com','blank.png',NULL,NULL,'',0,1,'2023-05-02 13:22:17',NULL,NULL,1,1),(947,'0171494','05640887','CALLE BERRU, LUCINDA',4,10,1,'lucinda.calle.berro@gmail.com','blank.png',NULL,NULL,'',0,1,'2023-05-02 13:22:17',NULL,NULL,1,1),(948,'0171495','47933816','ALEJO PEREZ, LEONOR VICENTA',2,10,1,'lalejoperez93@gmail.com','blank.png',NULL,NULL,'',0,1,'2023-05-02 13:22:17',NULL,NULL,1,1),(949,'0171496','45092611','ALVAREZ YANA, DAYSI MARIA DEL ROSARIO',4,10,1,'daysi_maria29@hotmail.com','blank.png',NULL,NULL,'',0,1,'2023-05-02 13:22:17',NULL,NULL,1,1),(950,'0171497','47922398','CAHUANA MANCILLA, JOSE LUIS',4,10,1,'joseluiscahuanamancilla@gmail.com','blank.png',NULL,NULL,'',0,1,'2023-05-02 13:22:17',NULL,NULL,1,1),(951,'0171498','73593294','COLLADO COTAQUISPE, NATALY JAZMIN',4,10,1,'cnatlyjazmin@gmail.com','blank.png',NULL,NULL,'',0,1,'2023-05-02 13:22:17',NULL,NULL,1,1),(952,'0171499','44010544','FERNANDEZ SUXE, GLADIS',4,10,1,'gladisfermc@gmail.com','blank.png',NULL,NULL,'',0,1,'2023-05-02 13:22:17',NULL,NULL,1,1),(953,'0171500','75705792','HINOSTROZA YANTAS, INGRID SUSAN',4,10,1,'insuhiya1908@gmail.com','blank.png',NULL,NULL,'',0,1,'2023-05-02 13:22:17',NULL,NULL,1,1),(954,'0171501','72266374','HOYOS CATPO, JOSELYN ANAIS',4,10,1,'joselyn.288.24.97@gmail.com','blank.png',NULL,NULL,'',0,1,'2023-05-02 13:22:17',NULL,NULL,1,1),(955,'0171502','45625933','JAIMES MARCACUZCO, PAMELA MERARI',4,10,1,'pjaimem.293@gmail.com','blank.png',NULL,NULL,'',0,1,'2023-05-02 13:22:17',NULL,NULL,1,1),(956,'0171503','73937159','JARAMILLO TRUJILLO, EUSEBIA GIANINA',4,10,1,'gianinajaramillo14@gmail.com','blank.png',NULL,NULL,'',0,1,'2023-05-02 13:22:17',NULL,NULL,1,1),(957,'0171504','70559064','LINO CABANILLAS, FERNANDO RUDY',4,10,1,'nanditolcr@gmail.com','blank.png',NULL,NULL,'',0,1,'2023-05-02 13:22:17',NULL,NULL,1,1),(958,'0171505','48052718','LLAZA TOMAYA, ARLYN',4,10,1,'arlyn.llazatomaya9@gmail.com','blank.png',NULL,NULL,'',0,1,'2023-05-02 13:22:17',NULL,NULL,1,1),(959,'0171506','74097574','MENDOZA LORENZO, KARLA ELENA',4,10,1,'karlamendozalorenzo@gmail.com','blank.png',NULL,NULL,'',0,1,'2023-05-02 13:22:18',NULL,NULL,1,1),(960,'0171507','46493509','ORTIZ CIEZA, ORTENCIA',4,10,1,'oortizcieza@gmail.com','blank.png',NULL,NULL,'',0,1,'2023-05-02 13:22:18',NULL,NULL,1,1),(961,'0171508','72508228','PEÑA MEZA, ANA NICOLE',4,10,1,'nicole131958@gmail.com','blank.png',NULL,NULL,'',0,1,'2023-05-02 13:22:18',NULL,NULL,1,1),(962,'0171509','72953373','PONCE BAYLON, PATRICIA FIORELLA',4,10,1,'patriciaponce2503@gmail.com','blank.png',NULL,NULL,'',0,1,'2023-05-02 13:22:18',NULL,NULL,1,1),(963,'0171510','70886866','QUISPE LEYVA, REBECA TATIANA',4,10,1,'kardigan.tatiana.96@gmail.com','blank.png',NULL,NULL,'',0,1,'2023-05-02 13:22:18',NULL,NULL,1,1),(964,'0171511','27081244','RODRIGUEZ LOPEZ, ROCIO MARITZA',4,10,1,'bellagema77@gmail.com','blank.png',NULL,NULL,'',0,1,'2023-05-02 13:22:18',NULL,NULL,1,1),(965,'0171512','45188951','ROJAS FABIAN, BEATRIZ YOLANDA',4,10,1,'china.sac12@gmail.com','blank.png',NULL,NULL,'',0,1,'2023-05-02 13:22:18',NULL,NULL,1,1),(966,'0171513','72049398','ROSALES SICHE, LESLIE NICOLLE',4,10,1,'leslie.n.rosales@gmail.com','blank.png',NULL,NULL,'',0,1,'2023-05-02 13:22:18',NULL,NULL,1,1),(967,'0171514','47674257','SANCHEZ RUPAYLLA, XUXA ELIZABETH',4,10,1,'elizsanru@gmail.com','blank.png',NULL,NULL,'',0,1,'2023-05-02 13:22:18',NULL,NULL,1,1),(968,'0171515','75112757','SUAREZ JARA, JULIA SOFIA',4,10,1,'suarezjarajulia@gmail.com','blank.png',NULL,NULL,'',0,1,'2023-05-02 13:22:18',NULL,NULL,1,1),(969,'0171516','77068652','YARMA AVILA, MARIA DE LOS ANGELES THALIA',4,10,1,'mariayarma08@gmail.com','blank.png',NULL,NULL,'',0,1,'2023-05-02 13:22:18',NULL,NULL,1,1),(970,'0171517','73297663','OSCO ROJAS, YESSENIA MILAGROS',4,10,1,'yesse.mila20@gmail.com','blank.png',NULL,NULL,'',0,1,'2023-05-02 13:22:18',NULL,NULL,1,1),(971,'0171518','72929268','VILCHEZ VASCONZUELO, MILUSKA FIORELLA',4,10,1,'miluska.2495@gmail.com','blank.png',NULL,NULL,'',0,1,'2023-05-02 13:22:18',NULL,NULL,1,1),(972,'0171519','07639499','ABAZALO DIAZ, NANCY ESMERALDA',4,10,1,'nancyabazalo1956@gmail.com','blank.png',NULL,NULL,'',0,1,'2023-05-02 13:22:18',NULL,NULL,1,1),(973,'0171520','72529394','SANCHEZ YALAN, ROSA MARIA',4,10,1,'beautifulliar942@gmail.com','blank.png',NULL,NULL,'',0,1,'2023-05-02 13:22:18',NULL,NULL,1,1),(974,'0171521','47869427','BULLON MAYTAN, AUGUSTO CHRISTIAN',4,10,1,'augustobullonmaytan@gmail.com','blank.png',NULL,NULL,'',0,1,'2023-05-02 13:22:18',NULL,NULL,1,1),(975,'0171522','40155274','REATEGUI ROMERO, KATHERINE JUDITH',4,10,1,'katherinejudithreategui@gmail.com','blank.png',NULL,NULL,'',0,1,'2023-05-02 13:22:18',NULL,NULL,1,1),(976,'0171523','70346532','ASCON JIMENEZ, ROLANDO MARTIN',5,7,1,'rolando.ascon@pucp.pe','blank.png',NULL,NULL,'',0,1,'2023-05-02 13:22:18',NULL,NULL,1,1),(977,'0171526','61010296','COTRINA VERA, ALEJANDRA ISABEL',5,7,1,'alejandracotrina77@gmail.com','blank.png',NULL,NULL,'',0,1,'2023-05-02 13:22:18',NULL,NULL,1,1),(978,'0171527','72621681','ROMAN CARRION, GIULIANA PAOLA',4,10,1,'guly280395@gmail.com','blank.png',NULL,NULL,'',0,1,'2023-05-02 13:22:18',NULL,NULL,1,1),(979,'0171528','72844643','CARRANZA PARRILLA, ALESSANDRA MELANNIE',4,10,1,'melannie2197@gmail.com','blank.png',NULL,NULL,'',0,1,'2023-05-02 13:22:18',NULL,NULL,1,1),(980,'0171529','73005600','RIVAS MALLQUI, GABRIELA DE JESUS',4,10,1,'gabrielajrivasm@gmail.com','blank.png',NULL,NULL,'',0,1,'2023-05-02 13:22:18',NULL,NULL,1,1),(981,'0171530','72536166','SANCHEZ GARCIA, KATTY MILAGROS',4,10,1,'katymila15@gmail.com','blank.png',NULL,NULL,'',0,1,'2023-05-02 13:22:18',NULL,NULL,1,1),(982,'0171531','72015659','HUAMANYALLI CASTILLON, HELEN THALIA',4,10,1,'thalia19930403@gmail.com','blank.png',NULL,NULL,'',0,1,'2023-05-02 13:22:18',NULL,NULL,1,1),(983,'0171532','73653334','CCOMPI VICTORINO, KARLA MILAGROS',5,11,1,'karlaccompi06@gmail.com','blank.png',NULL,NULL,'',0,1,'2023-05-02 13:22:18',NULL,NULL,1,1),(984,'0171533','74060006','GUTIERREZ OLORTEGUI, GLICET LIA',5,11,1,'glicet.gutierrez.o@gmail.com','blank.png',NULL,NULL,'',0,1,'2023-05-02 13:22:18',NULL,NULL,1,1),(985,'0171534','74604605','QUISPE PAUCCA, ELIZABETH VICTORIA',5,11,1,'elizabethvictoria2299@gmail.com','blank.png',NULL,NULL,'',0,1,'2023-05-02 13:22:18',NULL,NULL,1,1),(986,'0171535','71612540','MEDINA OLAZA, DANNERY LEONELLA',5,11,1,'dmedinaolaza@gmail.com','blank.png',NULL,NULL,'',0,1,'2023-05-02 13:22:18',NULL,NULL,1,1),(987,'0171536','72873860','VALENCIA FLORES, EDITH MILAGROS',5,11,1,'edithvalencia.enfermeria@gmail.com','blank.png',NULL,NULL,'',0,1,'2023-05-02 13:22:18',NULL,NULL,1,1),(988,'0171537','71061510','ARANDA HERRERA, ALISSON PATRICIA',5,11,1,'alissonah123@gmail.com','blank.png',NULL,NULL,'',0,1,'2023-05-02 13:22:18',NULL,NULL,1,1),(989,'0171538','75153336','PRIAS ALVA, NORKA ALDANA',5,11,1,'norkaprias98@gmail.com','blank.png',NULL,NULL,'',0,1,'2023-05-02 13:22:18',NULL,NULL,1,1),(990,'0171539','72559990','SILVESTRE HUANCAYA, JENNYFER KATHERINE',5,11,1,'silvestrehuancayaj@gmail.com','blank.png',NULL,NULL,'',0,1,'2023-05-02 13:22:18',NULL,NULL,1,1),(991,'0171541','76371713','BARRIENTOS PERALTA, MARIA MORELIA',5,11,1,'peraltamorelia3@gmail.com','blank.png',NULL,NULL,'',0,1,'2023-05-02 13:22:18',NULL,NULL,1,1),(992,'0171542','70281177','BENITES LARA, ANAYELI KATHERINE',5,11,1,'larabenitesk@gmail.com','blank.png',NULL,NULL,'',0,1,'2023-05-02 13:22:18',NULL,NULL,1,1),(993,'0171543','74974313','TENA PORRAS, JOB JULIO',5,11,1,'tenajob1@gmail.com','blank.png',NULL,NULL,'',0,1,'2023-05-02 13:22:18',NULL,NULL,1,1),(994,'0171544','76793289','GUILLEN HUALLA, JAIRO JOAQUIN',5,11,1,'guillenjairo83@gmail.com','blank.png',NULL,NULL,'',0,1,'2023-05-02 13:22:18',NULL,NULL,1,1),(995,'0171545','72535085','BOCANEGRA CRUZ, APOLINAR',4,10,1,'cruz.apolinar1999@gmail.com','blank.png',NULL,NULL,'',0,1,'2023-05-02 13:22:18',NULL,NULL,1,1),(996,'0171546','74738288','CHAMBI GONZALES, STEPHANI LIDIA KATIUSHKA',4,10,1,'slik.03blue@gmail.com','blank.png',NULL,NULL,'',0,1,'2023-05-02 13:22:18',NULL,NULL,1,1),(997,'0171547','72076031','CONDORI MACHACA, DIANA LEANDRA',4,10,1,'condorimachacadiana@gmail.com','blank.png',NULL,NULL,'',0,1,'2023-05-02 13:22:18',NULL,NULL,1,1),(998,'0171548','71533925','CRUCES LAVA, YANIREE YESENIA',4,10,1,'yaniree123@gmail.com','blank.png',NULL,NULL,'',0,1,'2023-05-02 13:22:18',NULL,NULL,1,1),(999,'0171549','72778683','GONZALES ORTEGA, SHIRLEY DOMINIQUE',4,10,1,'shirleydominique94@gmail.com','blank.png',NULL,NULL,'',0,1,'2023-05-02 13:22:18',NULL,NULL,1,1),(1000,'0171550','72931510','GUTIERREZ ARELLANO, LESLIE KARINA',4,10,1,'laliarellano012@gmail.com','blank.png',NULL,NULL,'',0,1,'2023-05-02 13:22:18',NULL,NULL,1,1),(1001,'0171551','47129651','ROJAS RUA, MARIA DEL CARMEN',4,10,1,'mariadelcarmenrojasrua25@gmail.com','blank.png',NULL,NULL,'',0,1,'2023-05-02 13:22:18',NULL,NULL,1,1),(1002,'0171552','48004045','SANCHEZ BERROCAL, RENZO',4,10,1,'renzo.sanchez.berrocal@gmail.com','blank.png',NULL,NULL,'',0,1,'2023-05-02 13:22:18',NULL,NULL,1,1),(1003,'0171553','71885918','SUAREZ CARNERO, SYNDY MARYURY',4,10,1,'syndysc@gmail.com','blank.png',NULL,NULL,'',0,1,'2023-05-02 13:22:18',NULL,NULL,1,1),(1004,'0171554','77157215','VILCAMANGO PACHAS, BRIGGIT MARIA',4,10,1,'briggitvilcamangopachas@gmail.com','blank.png',NULL,NULL,'',0,1,'2023-05-02 13:22:18',NULL,NULL,1,1),(1005,'0171555','47434552','VIERA CUNYA, EUNICE MARIENELA',4,10,1,'euniceviera1994@gmail.com','blank.png',NULL,NULL,'',0,1,'2023-05-02 13:22:18',NULL,NULL,1,1),(1006,'0171556','74067231','LAGUNA HUAMANI, YENSU NICOL',4,10,1,'yensunicolelagunahuamani0@gmail.com','blank.png',NULL,NULL,'',0,1,'2023-05-02 13:22:18',NULL,NULL,1,1),(1007,'0171557','72713236','ARANA LLACZA, VILMA ASTRID',5,11,1,'varana602@gmail.com','blank.png',NULL,NULL,'',0,1,'2023-05-02 13:22:18',NULL,NULL,1,1),(1008,'0171559','76036512','ETCHEBARNE ZAVALA, NORKA MITCHELL',4,10,1,'norkaetchebarnezavala@gmail.com','blank.png',NULL,NULL,'',0,1,'2023-05-02 13:22:18',NULL,NULL,1,1),(1009,'0171560','73243595','LINDERMAN COCHACHIN, FIORELLA MERCEDES',4,10,1,'fiorellalinderman9@gmail.com','blank.png',NULL,NULL,'',0,1,'2023-05-02 13:22:18',NULL,NULL,1,1),(1010,'0171561','75812007','NOLORBE BANCHO, DILA XIMENA',4,10,1,'ximenanolorbe13@gmail.com','blank.png',NULL,NULL,'',0,1,'2023-05-02 13:22:18',NULL,NULL,1,1),(1011,'0171562','70587319','PORTELLA SANTIAGO, ROCIO CARMEN',4,10,1,'rociocarmensantiago@gmail.com','blank.png',NULL,NULL,'',0,1,'2023-05-02 13:22:18',NULL,NULL,1,1),(1012,'0171563','45348351','SILVA NIMA, CLARA PAMELA',4,10,1,'claranima88@gmail.com','blank.png',NULL,NULL,'',0,1,'2023-05-02 13:22:18',NULL,NULL,1,1),(1013,'0171564','70899185','TOLENTINO QUISPE, BREICA JAIRA',4,10,1,'breicatolentino2000@gmail.com','blank.png',NULL,NULL,'',0,1,'2023-05-02 13:22:18',NULL,NULL,1,1),(1014,'0171565','73867880','LOZANO SOLANO, GIANELLA LUCERO',5,7,1,'gianellalucero.lozanos@gmail.com','blank.png',NULL,NULL,'',0,1,'2023-05-02 13:22:18',NULL,NULL,1,1),(1015,'0171566','41951350','HUERTA MINAYA, EMMA LOURDES',5,11,1,'milurhuerta@gmail.com','blank.png',NULL,NULL,'',0,1,'2023-05-02 13:22:18',NULL,NULL,1,1),(1016,'0171567','76374940','FLORES JAMANCA, RENZO ALFREDO',5,11,1,'renzo.flores.2906@gmail.com','blank.png',NULL,NULL,'',0,1,'2023-05-02 13:22:18',NULL,NULL,1,1),(1017,'0171569','48221994','ROJAS HUAMANI DE ZAMBRANO, ROXANA',5,11,1,'rojashuamaniroxana253@gmail.com','blank.png',NULL,NULL,'',0,1,'2023-05-02 13:22:18',NULL,NULL,1,1),(1018,'0171570','74723481','ZARATE VARGAS, DANIELA JIMENA',5,11,1,'zaratevargasdj@gmail.com','blank.png',NULL,NULL,'',0,1,'2023-05-02 13:22:18',NULL,NULL,1,1),(1019,'0171574','71985369','CHAVEZ FLORES, KEVIN LEONEL',4,10,1,'kc9907113@gmail.com','blank.png',NULL,NULL,'',0,1,'2023-05-02 13:22:18',NULL,NULL,1,1),(1020,'0171575','46089906','GIL REQUEÑO, FRANCHESCA ERIKA',4,10,1,'chescaegr@gmail.com','blank.png',NULL,NULL,'',0,1,'2023-05-02 13:22:18',NULL,NULL,1,1),(1021,'0171576','74288744','HALANOCA CURO, MARICIELO LOURDES',4,10,1,'halanocamaricielo@gmail.com','blank.png',NULL,NULL,'',0,1,'2023-05-02 13:22:18',NULL,NULL,1,1),(1022,'0171577','75572451','LOPEZ RIVAS, ERIXSON JOSEPH',4,10,1,'lopezrivaserixsonjoseph@gmail.com','blank.png',NULL,NULL,'',0,1,'2023-05-02 13:22:18',NULL,NULL,1,1),(1023,'0171578','75702619','QUISPE PAREDES, NOEMI LESLIE',4,10,1,'lhesliequispe@gmail.com','blank.png',NULL,NULL,'',0,1,'2023-05-02 13:22:18',NULL,NULL,1,1),(1024,'0171579','72179302','REYES BARRENECHEA, ANGELICA VERONICA',4,10,1,'reyesbarrenechea.veronica@gmail.com','blank.png',NULL,NULL,'',0,1,'2023-05-02 13:22:18',NULL,NULL,1,1),(1025,'0171580','75930955','SALAZAR ARCE, RAQUEL LILIANA',4,10,1,'mafer98lili@gmail.com','blank.png',NULL,NULL,'',0,1,'2023-05-02 13:22:18',NULL,NULL,1,1),(1026,'0171581','47595454','SANCHEZ VILLANUEVA, KATHERINE VANESSA',4,10,1,'kvillanuevasanchez@gmail.com','blank.png',NULL,NULL,'',0,1,'2023-05-02 13:22:18',NULL,NULL,1,1),(1027,'0171583','77068653','YARMA AVILA, SARAI DE LOS ANGELES ISABEL',4,10,1,'syarmaavila@gmail.com','blank.png',NULL,NULL,'',0,1,'2023-05-02 13:22:18',NULL,NULL,1,1),(1028,'0171584','70251511','CARRANZA RODRIGUEZ, GIAN FRANCO PAUL',5,11,1,'gianfranco.cr15360@gmail.com','blank.png',NULL,NULL,'',0,1,'2023-05-02 13:22:18',NULL,NULL,1,1),(1029,'0171585','70305887','MARIN SANTANA, MARIA DEL PILAR',5,11,1,'mapi99santana@gmail.com','blank.png',NULL,NULL,'',0,1,'2023-05-02 13:22:18',NULL,NULL,1,1),(1030,'0171586','74568320','VILLANUEVA SALAS, BRENDA OTILANA',4,10,1,'brendavillanuevasalas@gmail.com','blank.png',NULL,NULL,'',0,1,'2023-05-02 13:22:18',NULL,NULL,1,1),(1031,'0171588','73813918','FUENTES GALIANO, VERONICA ELIZABETH',5,11,1,'elizabethfuentesgaliano@gmail.com','blank.png',NULL,NULL,'',0,1,'2023-05-02 13:22:18',NULL,NULL,1,1),(1032,'0171589','47347177','CARDENAS BENITES, LUCY',4,10,1,'cardenasblucy@gmail.com','blank.png',NULL,NULL,'',0,1,'2023-05-02 13:22:18',NULL,NULL,1,1),(1033,'0171590','44634756','TOVAR OJEDA, ALLISON VIOLETA',4,10,1,'allisontovar.avto@gmail.com','blank.png',NULL,NULL,'',0,1,'2023-05-02 13:22:18',NULL,NULL,1,1),(1034,'0171591','42470590','TOVAR TAIPE, WILDER ALEXANDER',4,10,1,'maxsalas086@gmail.com','blank.png',NULL,NULL,'',0,1,'2023-05-02 13:22:18',NULL,NULL,1,1),(1035,'0171593','71660996','CASTILLA GRIJALBA, DEISY GELI',4,10,1,'deisycastillagrijalba@gmail.com','blank.png',NULL,NULL,'',0,1,'2023-05-02 13:22:18',NULL,NULL,1,1),(1036,'0171594','72622346','SUAREZ CUBA, JIMMY BARTOLOME',4,10,1,'onlyjames00s@gmail.com','blank.png',NULL,NULL,'',0,1,'2023-05-02 13:22:18',NULL,NULL,1,1),(1037,'0171595','71957325','TIBURCIO PULIDO, CONSUELO JUDITH',4,10,1,'consuelotiburciopulido261@gmail.com','blank.png',NULL,NULL,'',0,1,'2023-05-02 13:22:18',NULL,NULL,1,1),(1038,'0171596','71913510','CURIPACO SOTO, ESPERANZA',5,11,1,'esperanzacuripaco0@gmail.com','blank.png',NULL,NULL,'',0,1,'2023-05-02 13:22:18',NULL,NULL,1,1),(1039,'0171597','71331958','BELTRAN GAGO, JHONATAN EDGAR',5,7,1,'jhonatanbg12@gmail.com','blank.png',NULL,NULL,'',0,1,'2023-05-02 13:22:18',NULL,NULL,1,1),(1040,'0171598','74280851','AREVALO AGUIRRE, GRACE LIZBETH',4,10,1,'arevalo.agui@gmail.com','blank.png',NULL,NULL,'',0,1,'2023-05-02 13:22:18',NULL,NULL,1,1),(1041,'0171599','73666153','CASTILLO CARMEN, LISET MERCEDES',4,10,1,'lis.cc0803@gmail.com','blank.png',NULL,NULL,'',0,1,'2023-05-02 13:22:18',NULL,NULL,1,1),(1042,'0171600','72610481','NEYRA GUERRERO, MARIA ESTEFANY',4,10,1,'neyraguerreroestefany@gmail.com','blank.png',NULL,NULL,'',0,1,'2023-05-02 13:22:18',NULL,NULL,1,1),(1043,'0171601','72530083','RAMIREZ FLORES, HILDA ROSSMARY',4,10,1,'rosmeryramirezflor@gmail.com','blank.png',NULL,NULL,'',0,1,'2023-05-02 13:22:18',NULL,NULL,1,1),(1044,'0171602','70101013','SANCHEZ BRICEÑO, CLAUDIA LISSETTE',4,10,1,'claudialisetsanchezbriceno@gmail.com','blank.png',NULL,NULL,'',0,1,'2023-05-02 13:22:18',NULL,NULL,1,1),(1045,'0171603','73452144','VALENZUELA PAREDES, IVONNE DEL PILAR',4,10,1,'ivonvapa@gmail.com','blank.png',NULL,NULL,'',0,1,'2023-05-02 13:22:18',NULL,NULL,1,1),(1046,'0171604','47560785','VERGARA BALDEON, JASMINA YAQUELINE',4,10,1,'jasminavergara1@gmail.com','blank.png',NULL,NULL,'',0,1,'2023-05-02 13:22:18',NULL,NULL,1,1),(1047,'0171605','72760436','SAAVEDRA PARDO, KATTY ROSSMERIE',4,10,1,'saavedrapardo2018@gmail.com','blank.png',NULL,NULL,'',0,1,'2023-05-02 13:22:18',NULL,NULL,1,1),(1048,'0171606','47069075','GONZALES QUICAÑA, JAQUELINE JAQUELINE',4,10,1,'jaqui30358@gmail.com','blank.png',NULL,NULL,'',0,1,'2023-05-02 13:22:18',NULL,NULL,1,1),(1049,'0171607','73495000','NIETO POSTIGO, ALICIA SILVANA',4,10,1,'alicianietopostigo@gmail.com','blank.png',NULL,NULL,'',0,1,'2023-05-02 13:22:18',NULL,NULL,1,1),(1050,'0171608','72772006','SUPANTA BELTRAN, MELISSA VANESSA',4,10,1,'melissa1994svb@gmail.com','blank.png',NULL,NULL,'',0,1,'2023-05-02 13:22:18',NULL,NULL,1,1),(1051,'0171609','48019367','GAMARRA CAUSTO, IDALIA',4,10,1,'idaliagamarra1@gmail.com','blank.png',NULL,NULL,'',0,1,'2023-05-02 13:22:18',NULL,NULL,1,1),(1052,'0171610','47541981','CALLE VICENCIO, ANGELA DANIELA',4,10,1,'angelacv7591@gmail.com','blank.png',NULL,NULL,'',0,1,'2023-05-02 13:22:18',NULL,NULL,1,1),(1053,'0171614','76431176','HERRERA MORALES, DANNY',5,11,1,'herreradanny412@gmail.com','blank.png',NULL,NULL,'',0,1,'2023-05-02 13:22:18',NULL,NULL,1,1),(1054,'0171615','10623933','RIVERA GUEVARA, JOSE ANTONIO',5,11,1,'joseyordi2019@gmail.com','blank.png',NULL,NULL,'',0,1,'2023-05-02 13:22:18',NULL,NULL,1,1),(1055,'0171616','74754836','ESCOBAR BRICEÑO, MARIA FERNANDA',5,11,1,'escobarmafer19@gmail.com','blank.png',NULL,NULL,'',0,1,'2023-05-02 13:22:18',NULL,NULL,1,1),(1056,'0171617','61361564','POMASONCO GONZALES, CINTHYA MILAGROS',5,11,1,'cinthyagonzalez1110@gmail.com','blank.png',NULL,NULL,'',0,1,'2023-05-02 13:22:18',NULL,NULL,1,1),(1057,'0171618','48123205','SULLCA TORRES, ELISABETH YANINA',5,11,1,'2028yanina@gmail.com','blank.png',NULL,NULL,'',0,1,'2023-05-02 13:22:18',NULL,NULL,1,1),(1058,'0171619','71426017','BLANCO BELTRAN, VANESSA ALEJANDRA',5,11,1,'vanessablan674t@gmail.com','blank.png',NULL,NULL,'',0,1,'2023-05-02 13:22:18',NULL,NULL,1,1),(1059,'0171620','73898972','REATEGUI PAREDES, YESSENIA TERESA',5,11,1,'yessereategui@gmail.com','blank.png',NULL,NULL,'',0,1,'2023-05-02 13:22:18',NULL,NULL,1,1),(1060,'0171621','47685612','ALARCON GALLARDO, DEYSI YSELA',5,11,1,'yisela.alarcon1989@gmail.com','blank.png',NULL,NULL,'',0,1,'2023-05-02 13:22:18',NULL,NULL,1,1),(1061,'0171622','77042010','ORDINOLA CARRASCO, AYDE SARITA',5,11,1,'aydesarita@gmail.com','blank.png',NULL,NULL,'',0,1,'2023-05-02 13:22:18',NULL,NULL,1,1),(1062,'0171623','70567684','SORIANO VELA, CARMEN LUCIA',5,11,1,'sorianocarmen15@gmail.com','blank.png',NULL,NULL,'',0,1,'2023-05-02 13:22:18',NULL,NULL,1,1),(1063,'0171624','48518355','RIVERA CHAHUA, CRISTHIAN YUNIOR',5,11,1,'craura1994@gmail.com','blank.png',NULL,NULL,'',0,1,'2023-05-02 13:22:18',NULL,NULL,1,1),(1064,'0171626','72705104','ROJAS HUAMACTO, YANIRA EMILIA',4,10,1,'rhyanira29@gmail.com','blank.png',NULL,NULL,'',0,1,'2023-05-02 13:22:18',NULL,NULL,1,1),(1065,'0171627','41297649','RAMIREZ VALLE, FLOR DIANA',4,10,1,'diego.katina@gmail.com','blank.png',NULL,NULL,'',0,1,'2023-05-02 13:22:18',NULL,NULL,1,1),(1066,'0171628','74872138','HUAJAN HERRERA, MARCO ANTONIO',4,10,1,'m12hh07@gmail.com','blank.png',NULL,NULL,'',0,1,'2023-05-02 13:22:18',NULL,NULL,1,1),(1067,'0171629','75664799','CRUZ AYUDANTE, MARCIA FERNANDA',4,10,1,'marciaayudante@gmail.com','blank.png',NULL,NULL,'',0,1,'2023-05-02 13:22:18',NULL,NULL,1,1),(1068,'0171630','76210795','RAMOS MELGAREJO, JHONMY MERARI',4,10,1,'jhonmy.ramos@gmail.com','blank.png',NULL,NULL,'',0,1,'2023-05-02 13:22:18',NULL,NULL,1,1),(1069,'0171631','72844368','LOPEZ GALLARDO, YENNYFER',4,10,1,'yennyloga2308@gmail.com','blank.png',NULL,NULL,'',0,1,'2023-05-02 13:22:18',NULL,NULL,1,1),(1070,'0171632','74420306','ZAMORA QUIROZ, ANA DEL ROCIO',4,10,1,'rociozamoraquiroz@gmail.com','blank.png',NULL,NULL,'',0,1,'2023-05-02 13:22:18',NULL,NULL,1,1),(1071,'0171633','72039455','LLUNCOR DELGADO, CINTIA CRISTINA',4,10,1,'cristinadelago07@gmail.com','blank.png',NULL,NULL,'',0,1,'2023-05-02 13:22:18',NULL,NULL,1,1),(1072,'0171634','48127765','PEDRAZA CHOCCATA, DENNIS',4,10,1,'deny.101de@gmail.com','blank.png',NULL,NULL,'',0,1,'2023-05-02 13:22:18',NULL,NULL,1,1),(1073,'0171635','73184038','LAZO BENAVIDES, CARLA ALEXANDRA LIDIA',4,10,1,'alexandrasagi6@gmail.com','blank.png',NULL,NULL,'',0,1,'2023-05-02 13:22:18',NULL,NULL,1,1),(1074,'0171636','75285154','SALAZAR MORALES, ARLETH',4,10,1,'arlethsalazarmorales@gmail.com','blank.png',NULL,NULL,'',0,1,'2023-05-02 13:22:18',NULL,NULL,1,1),(1075,'0171637','72159974','INFANTES CARRASCO, MARIA GRACIELA',4,10,1,'graciela.infantes2708@gmail.com','blank.png',NULL,NULL,'',0,1,'2023-05-02 13:22:18',NULL,NULL,1,1),(1076,'0171638','74536545','CCASANI LUJAN, JHEINSY SOFIA',4,10,1,'soficlujan@gmail.com','blank.png',NULL,NULL,'',0,1,'2023-05-02 13:22:18',NULL,NULL,1,1),(1077,'0171639','74096496','LOPEZ PEREZ, BRITNEY BRIGTHY',4,10,1,'britneybrigthy.19@gmail.com','blank.png',NULL,NULL,'',0,1,'2023-05-02 13:22:18',NULL,NULL,1,1),(1078,'0171640','41953259','LLATA MACAZANA, SINTHIA JESSICA',4,10,1,'jessicallata228@gmail.com','blank.png',NULL,NULL,'',0,1,'2023-05-02 13:22:18',NULL,NULL,1,1),(1079,'0171641','71992913','GRANDEZ SINCHE, FRANCESCA ANGIE',4,10,1,'grandezfrancesca276@gmail.com','blank.png',NULL,NULL,'',0,1,'2023-05-02 13:22:18',NULL,NULL,1,1),(1080,'0171642','74370980','CASANOVA MESIAS, YADIRA ALESSANDRA',4,10,1,'yadiracasanova6@gmail.com','blank.png',NULL,NULL,'',0,1,'2023-05-02 13:22:18',NULL,NULL,1,1),(1081,'0171643','44792773','VILLARROEL VILLENA, KATIA ELIZABETH',4,10,1,'kvillarroelvillena@gmail.com','blank.png',NULL,NULL,'',0,1,'2023-05-02 13:22:18',NULL,NULL,1,1),(1082,'0171644','75416544','ACUÑA SOLIS, MAYLI SHIRLY',5,11,1,'shirleyacunasolis@gmail.com','blank.png',NULL,NULL,'',0,1,'2023-05-02 13:22:18',NULL,NULL,1,1),(1083,'0171645','72929816','VITON VASQUEZ, SHARON',4,10,1,'svitton05@gmail.com','blank.png',NULL,NULL,'',0,1,'2023-05-02 13:22:18',NULL,NULL,1,1),(1084,'0171646','75926017','VERGARAY VERGARA, MARCIA ROSITA',4,10,1,'marcia.vergaray@gmail.com','blank.png',NULL,NULL,'',0,1,'2023-05-02 13:22:18',NULL,NULL,1,1),(1085,'0171647','70647519','ORE LLANTOY, NAYDHU',4,10,1,'taegito1999@gmail.com','blank.png',NULL,NULL,'',0,1,'2023-05-02 13:22:18',NULL,NULL,1,1),(1086,'0171648','72399887','MORACHIMO VARGAS, YAMILI LISIDETH',4,10,1,'yamilivargas1472@gmail.com','blank.png',NULL,NULL,'',0,1,'2023-05-02 13:22:18',NULL,NULL,1,1),(1087,'0171649','73444452','MEDINA LLATAS, ANA PAOLA YOMAR',4,10,1,'paolamedinallatas@gmail.com','blank.png',NULL,NULL,'',0,1,'2023-05-02 13:22:18',NULL,NULL,1,1),(1088,'0171650','73312392','MILLA COLONIA, NAYELY NICOLL',4,10,1,'nayelymc.2810@gmail.com','blank.png',NULL,NULL,'',0,1,'2023-05-02 13:22:18',NULL,NULL,1,1),(1089,'0171651','74123730','HUILLCA DAVILA, VALERIA ALEJANDRA',4,10,1,'valeriaalejandrahuillcadavila@gmail.com','blank.png',NULL,NULL,'',0,1,'2023-05-02 13:22:18',NULL,NULL,1,1),(1090,'0171652','70251607','GUTIERREZ FLORES, PATRICK ZEEMAN',4,10,1,'gutierrezflorespatrick0@gmail.com','blank.png',NULL,NULL,'',0,1,'2023-05-02 13:22:18',NULL,NULL,1,1),(1091,'0171653','76245426','GOÑI RIOS, RAQUEL SARA',4,10,1,'rgonirios@gmail.com','blank.png',NULL,NULL,'',0,1,'2023-05-02 13:22:18',NULL,NULL,1,1),(1092,'0171654','77274880','CARRANZA LOPEZ, KATHELYN FIORELA',4,10,1,'fiocl.carranza@gmail.com','blank.png',NULL,NULL,'',0,1,'2023-05-02 13:22:18',NULL,NULL,1,1),(1093,'0171655','70091626','CASTILLO ARAUCO, FIORELLA ESTELA',4,10,1,'fiorellaarauco26@gmail.com','blank.png',NULL,NULL,'',0,1,'2023-05-02 13:22:18',NULL,NULL,1,1),(1094,'0171656','75651916','AGUILAR AÑO, ALANIS ALEXANDRA',4,10,1,'alanis.30.09.2001@gmail.com','blank.png',NULL,NULL,'',0,1,'2023-05-02 13:22:18',NULL,NULL,1,1),(1095,'0171657','46037721','AMORIN HEREDIA, SHARON ANDREINA',5,11,1,'sharonamorin2405@gmail.com','blank.png',NULL,NULL,'',0,1,'2023-05-02 13:22:18',NULL,NULL,1,1),(1096,'0171658','62768481','SUAREZ HUAYHUA, GUILLERMO',5,11,1,'gerardarias08@gmail.com','blank.png',NULL,NULL,'',0,1,'2023-05-02 13:22:18',NULL,NULL,1,1),(1099,'0100962','10653646','RONDON ELLIOTT, LISSBET CAROL',NULL,3,1,'lissbetcarolrondon@gmail.com','blank.png',NULL,NULL,NULL,0,1,'2024-01-30 15:12:50',NULL,NULL,1,1),(1100,'0104977','47691212','GARCIA  CONDOR , JOEL RAFAEL',NULL,1,1,'JOEL8092021@GMAIL.COM','blank.png',NULL,NULL,NULL,0,1,'2024-01-30 15:12:50',NULL,NULL,0,1),(1101,'0105003','002934553','CARDOZO MIJARES, COROMOTO DEL CARMEN',NULL,3,2,'LEANERLI@GMAIL.COM','blank.png',NULL,NULL,NULL,0,1,'2024-01-30 15:12:50',NULL,NULL,0,1),(1102,'0105013','47114405','APARI ROJAS, KATY',NULL,1,1,'KATYAPARIROJAS@GMAIL.COM','blank.png',NULL,NULL,NULL,0,1,'2024-01-30 15:12:50',NULL,NULL,0,1),(1103,'0105127','002566947','ORELLANA LINARES, YESSIBEL ALEJANDRA',NULL,3,2,'yessibel2580@gmail.com','blank.png',NULL,NULL,NULL,0,1,'2024-01-30 15:12:50',NULL,NULL,0,1),(1104,'0105284','40228195','MALDONADO NUÑEZ, MELISSA SUSAN',NULL,5,1,'susanmn4@gmail.com','blank.png',NULL,NULL,NULL,0,1,'2024-01-30 15:12:50',NULL,NULL,1,1),(1105,'0105285','47654688','QUISPE RIVAS, CRISTIAN LUIS',NULL,3,1,'crisxx9283@gmail.com','blank.png',NULL,NULL,NULL,0,1,'2024-01-30 15:12:50',NULL,NULL,0,1),(1106,'0105323','46830047','NUÑEZ CISNEROS, ISABEL NANCY',NULL,3,1,'nuneznanch@gmail.com','blank.png',NULL,NULL,NULL,0,1,'2024-01-30 15:12:50',NULL,NULL,0,1),(1107,'0105446','42841073','MAMANI PALLE, ROXANA REGINA',NULL,3,1,'roxreg04@gmail.com','blank.png',NULL,NULL,NULL,0,1,'2024-01-30 15:12:50',NULL,NULL,0,1),(1108,'0105458','43880391','BAL BOR, EUG',NULL,1,2,'elva.balabarca.borja@gmail.com','blank.png',NULL,NULL,NULL,0,1,'2024-01-30 15:12:50',NULL,NULL,0,1),(1109,'0105509','48274263','ZAVALA CJUMO, KARINA LIZBETH',NULL,1,1,'zavalita.kari13@gmail.com','blank.png',NULL,NULL,NULL,0,1,'2024-01-30 15:12:50',NULL,NULL,1,1),(1110,'0105511','43780514','FERNANDEZ PUMA, ELIZABETH',NULL,1,1,'fernandezeliza.081786@gmail.com','blank.png',NULL,NULL,NULL,0,1,'2024-01-30 15:12:50',NULL,NULL,0,1),(1111,'0105512','46212246','MENDOZA ABANTO, YERY HAROLD',NULL,1,1,'mendozaabantoyery@gmail.com','blank.png',NULL,NULL,NULL,0,1,'2024-01-30 15:12:50',NULL,NULL,1,1),(1112,'0105513','44630320','LAYA QUEVEDO, MAYRA ALEJANDRA',NULL,1,1,'mayralaya1213@gmail.com','blank.png',NULL,NULL,NULL,0,1,'2024-01-30 15:12:50',NULL,NULL,1,1),(1113,'0105514','002947407','DIAZ RODRIGUEZ, KARINIS DEL VALLE',NULL,3,2,'gonzalezkarinnys@gmail.com','blank.png',NULL,NULL,NULL,0,1,'2024-01-30 15:12:50',NULL,NULL,0,1),(1114,'0105515','47358386','QUEZADA ARIAS, MAXIMO MIGUEL',NULL,2,1,'quezadaucv@gmail.com','blank.png',NULL,NULL,NULL,0,1,'2024-01-30 15:12:50',NULL,NULL,0,1),(1115,'0105516','73499036','ECHEVARRIA CUSACANI, MELANY CRISTY',NULL,3,1,'mechevarriac10@gmail.com','blank.png',NULL,NULL,NULL,0,1,'2024-01-30 15:12:50',NULL,NULL,0,1),(1116,'0105517','47855134','COLQUEHUANCA OTAZU, DAMARIS YESENIA',NULL,3,1,'dariana9383@gmail.com','blank.png',NULL,NULL,NULL,0,1,'2024-01-30 15:12:50',NULL,NULL,0,1),(1117,'0105518','004647358','ALZURU DIAZ, ANGELIS KAREL',NULL,3,2,'alzuruangelis1@gmail.com','blank.png',NULL,NULL,NULL,0,1,'2024-01-30 15:12:50',NULL,NULL,1,1),(1118,'0105519','003285306','UTRERA MEDINA, ANAIS BETZABE',NULL,3,2,'anaisutreramedina@gmail.com','blank.png',NULL,NULL,NULL,0,1,'2024-01-30 15:12:50',NULL,NULL,0,1),(1119,'0105522','72104274','FLORES LUNA, SYLENA MERCEDES',NULL,2,1,'syluflo@gmail.com','blank.png',NULL,NULL,NULL,0,1,'2024-01-30 15:12:50',NULL,NULL,0,1),(1120,'0105523','44898378','MANAYAY NAVARRO, EDITH TRINIDAD',NULL,1,1,'edithtmn34@gmail.com','blank.png',NULL,NULL,NULL,0,1,'2024-01-30 15:12:50',NULL,NULL,0,1),(1121,'0105524','45342369','JIMENEZ ARRATEA, ELIZABETH',NULL,1,1,'elizabethjimenez1703@gmail.com','blank.png',NULL,NULL,NULL,0,1,'2024-01-30 15:12:50',NULL,NULL,1,1),(1122,'0105525','75477209','VILLEGAS VALLE, DANIELA ALEJANDRA',NULL,1,1,'danielaalejandravillegas@gmail.com','blank.png',NULL,NULL,NULL,0,1,'2024-01-30 15:12:50',NULL,NULL,0,1),(1123,'0105528','48194499','OJEDA DOMINGUEZ, HEIDY AREIKA',NULL,3,1,'heidy20.od@gmail.com','blank.png',NULL,NULL,NULL,0,1,'2024-01-30 15:12:50',NULL,NULL,1,1),(1124,'0105529','73867880','LOZANO SOLANO, GIANELLA LUCERO',NULL,4,1,'gianellalucero.lozanos@gmail.com','blank.png',NULL,NULL,NULL,0,1,'2024-01-30 15:12:50',NULL,NULL,1,1),(1125,'0105531','70035156','PONCE VALENTIN, BRIGITTE MERIDA',NULL,3,1,'brigitteponcevalentin95@gmail.com','blank.png',NULL,NULL,NULL,0,1,'2024-01-30 15:12:50',NULL,NULL,0,1),(1126,'0105532','73498292','PEREZ ALARCON, CAMILA GIANELLA',NULL,3,1,'giapeal18@gmail.com','blank.png',NULL,NULL,NULL,0,1,'2024-01-30 15:12:50',NULL,NULL,1,1),(1127,'0105533','005022248','GARCIA , DULCE YUSMARY',NULL,3,2,'dulceyusmary2018@gmail.com','blank.png',NULL,NULL,NULL,0,1,'2024-01-30 15:12:50',NULL,NULL,0,1),(1128,'0105534','003592776','BARRIOS VARGAS, GUSTAVO JOSE',NULL,1,2,'gustavo.barrios3@gmail.com','blank.png',NULL,NULL,NULL,0,1,'2024-01-30 15:12:50',NULL,NULL,1,1),(1129,'0105539','43397307','RAMIREZ RAMOS, ROSA MARIA',NULL,3,1,'mr6709952@gmail.com','blank.png',NULL,NULL,NULL,0,1,'2024-01-30 15:12:50',NULL,NULL,1,1),(1130,'0105540','46619003','ARMAS MORENO, KARLA ROSA',NULL,2,1,'karla.armas.m@upch.pe','blank.png',NULL,NULL,NULL,0,1,'2024-01-30 15:12:50',NULL,NULL,1,1),(1131,'0105541','46804569','CANDELA CUZCANO, KETTY ESTEFANIA',NULL,2,1,'sttefy0801@gmail.com','blank.png',NULL,NULL,NULL,0,1,'2024-01-30 15:12:50',NULL,NULL,0,1),(1132,'0105544','71650880','SANCHEZ PALOMINO, YENI LUCERO',NULL,3,1,'yenilucero22@gmail.com','blank.png',NULL,NULL,NULL,0,1,'2024-01-30 15:12:50',NULL,NULL,1,1),(1133,'0105545','74722489','BERNABE TAYPE, LUIS ALFONSO',NULL,3,1,'luisbernabe744@gmail.com','blank.png',NULL,NULL,NULL,0,1,'2024-01-30 15:12:50',NULL,NULL,0,1),(1134,'0105546','41799986','PAREDES ÑIQUE, MARIO JESUS',NULL,2,1,'mariojparedes82@gmail.com','blank.png',NULL,NULL,NULL,0,1,'2024-01-30 15:12:50',NULL,NULL,1,1),(1135,'0105547','44118903','GOMERO LARA, JUAN GABRIEL',NULL,2,1,'juangomero87@gmail.com','blank.png',NULL,NULL,NULL,0,1,'2024-01-30 15:12:50',NULL,NULL,1,1),(1136,'0105549','71941715','ROBLES NAPA, MILUSKA SELENE',NULL,3,1,'miluskaro29@gmail.com','blank.png',NULL,NULL,NULL,0,1,'2024-01-30 15:12:50',NULL,NULL,0,1),(1137,'0105550','43140678','SHUAN NIVIN, ESTHER JUDITH',NULL,2,1,'esthershuannivin@gmail.com','blank.png',NULL,NULL,NULL,0,1,'2024-01-30 15:12:50',NULL,NULL,1,1),(1138,'0105552','45653399','ARIAS RIOS, MIGUEL ANGEL',NULL,3,1,'ariasriosmiguelangel67@gmail.com','blank.png',NULL,NULL,NULL,0,1,'2024-01-30 15:12:50',NULL,NULL,0,1),(1139,'0105553','73524700','GAVINO CHALLO, MILGUARD DAVY',NULL,2,1,'shekler.davy@gmail.com','blank.png',NULL,NULL,NULL,0,1,'2024-01-30 15:12:50',NULL,NULL,0,1),(1140,'0105554','45648806','MARKY BAZAN, GIULIANA ANDREA',NULL,2,1,'giuliana.marky.bazan@gmail.com','blank.png',NULL,NULL,NULL,0,1,'2024-01-30 15:12:50',NULL,NULL,1,1),(1141,'0105555','73706927','MAYO ATACHAGUA, JOEL JOHNN',NULL,2,1,'dotmel.acua@gmail.com','blank.png',NULL,NULL,NULL,0,1,'2024-01-30 15:12:50',NULL,NULL,1,1),(1142,'0105556','44489599','COBOS SALAZAR, LISSETH MADELEIN',NULL,3,1,'lissethmadeleincobossalazar@gmail.com','blank.png',NULL,NULL,NULL,0,1,'2024-01-30 15:12:50',NULL,NULL,1,1),(1143,'0105558','75664169','CORIPUNA CHOCO, FIORELLA ARLETH',NULL,3,1,'coripunafiorella@gmail.com','blank.png',NULL,NULL,NULL,0,1,'2024-01-30 15:12:50',NULL,NULL,1,1),(1144,'0105559','44946839','MARTINEZ DIAZ, VERONICA LILIANA',NULL,2,1,'vlmd145@gmail.com','blank.png',NULL,NULL,NULL,0,1,'2024-01-30 15:12:50',NULL,NULL,1,1),(1145,'0105560','70032815','POMASONCCO BARRANTES, GUISELLA MARIBEL',NULL,3,1,'guisellapomasonccob@gmail.com','blank.png',NULL,NULL,NULL,0,1,'2024-01-30 15:12:50',NULL,NULL,1,1),(1146,'0105563','45389273','MILLA CONDEZO, DENISE',NULL,2,1,'milladen01@gmail.com','blank.png',NULL,NULL,NULL,0,1,'2024-01-30 15:12:50',NULL,NULL,0,1),(1147,'0105564','74817345','NIETO MAYORCA, SHARON NICOLE',NULL,3,1,'sharon.nieto.13@gmail.com','blank.png',NULL,NULL,NULL,0,1,'2024-01-30 15:12:50',NULL,NULL,1,1),(1148,'0105565','46777012','ORIHUELA MEDINA, PAMELA ALEXANDRA',NULL,2,1,'pamenf910@gmail.com','blank.png',NULL,NULL,NULL,0,1,'2024-01-30 15:12:50',NULL,NULL,0,1),(1149,'0105566','40796781','VILLALTA PINEDA, ROSA LISETTE',NULL,2,1,'rosavillalta81@gmail.com','blank.png',NULL,NULL,NULL,0,1,'2024-01-30 15:12:50',NULL,NULL,1,1),(1150,'0105568','47533609','JULCA PISCO, CROSBI BRILLITH',NULL,3,1,'crosbi.j.p@gmail.com','blank.png',NULL,NULL,NULL,0,1,'2024-01-30 15:12:50',NULL,NULL,0,1),(1151,'0105569','47135909','LOPEZ CRUZ, JACQUELINE PAMELA',NULL,3,1,'pam61044@gmail.com','blank.png',NULL,NULL,NULL,0,1,'2024-01-30 15:12:50',NULL,NULL,0,1),(1152,'0105571','70082717','QUISPE CHERO, CLAUDIA SOFIA',NULL,2,1,'claudiasofia.qch@gmail.com','blank.png',NULL,NULL,NULL,0,1,'2024-01-30 15:12:50',NULL,NULL,1,1),(1153,'0105572','72435843','REVILLA SALDAÑA, RUDIAR EDSON',NULL,2,1,'edsonrevilla09@gmail.com','blank.png',NULL,NULL,NULL,0,1,'2024-01-30 15:12:50',NULL,NULL,1,1),(1154,'0105573','72653430','RAMIREZ FIGUEROA, ANA CONSUELO',NULL,2,1,'any3128.ar@gmail.com','blank.png',NULL,NULL,NULL,0,1,'2024-01-30 15:12:50',NULL,NULL,1,1),(1155,'0105576','45172887','FLORES TOLEDO, MARICRUZ ADELA',NULL,3,1,'maricruzadft@gmail.com','blank.png',NULL,NULL,NULL,0,1,'2024-01-30 15:12:50',NULL,NULL,0,1),(1156,'0105577','48695724','YUCRA OCHOA, GABRIELA JANETH',NULL,3,1,'gabrielayucraochoa@gmail.com','blank.png',NULL,NULL,NULL,0,1,'2024-01-30 15:12:50',NULL,NULL,1,1),(1157,'0105578','72904856','ORTIZ MARENGO, LUZ MARIA',NULL,3,1,'l.mariaortizmarengo@gmail.com','blank.png',NULL,NULL,NULL,0,1,'2024-01-30 15:12:50',NULL,NULL,1,1),(1158,'0105579','75273994','MALDONADO YUCRA, RUTH MERY',NULL,3,1,'maldonadoruth76@gmail.com','blank.png',NULL,NULL,NULL,0,1,'2024-01-30 15:12:50',NULL,NULL,1,1),(1159,'0105580','44081396','CORNELIO AVILA, CRISTINA MILAGROS',NULL,2,1,'ccornelioa@gmail.com','blank.png',NULL,NULL,NULL,0,1,'2024-01-30 15:12:50',NULL,NULL,1,1),(1160,'0105581','43460822','CHAVEZ TACUCHE, ROSA AMPARO',NULL,3,1,'rosaamparo.chavez@gmail.com','blank.png',NULL,NULL,NULL,0,1,'2024-01-30 15:12:50',NULL,NULL,0,1),(1161,'0105583','75619419','RAMIREZ ZEGARRA, JORGE TOMAS',NULL,3,1,'jorge32183@gmail.com','blank.png',NULL,NULL,NULL,0,1,'2024-01-30 15:12:50',NULL,NULL,1,1),(1162,'0105584','002371457','RODRIGUEZ LOZANO, EILEEN JOSE',NULL,NULL,2,'eileenoyu8@gmail.com','blank.png',NULL,NULL,NULL,0,1,'2024-01-30 15:12:50',NULL,NULL,1,1),(1163,'0105590','72051249','LEON CHAVEZ, BRANDON LI',NULL,3,1,'blileon97@gmail.com','blank.png',NULL,NULL,NULL,0,1,'2024-01-30 15:12:50',NULL,NULL,1,1),(1164,'0105591','77067863','PICHILING PRADO, CARLA VICTORIA',NULL,3,1,'carlavictoriaprado@gmail.com','blank.png',NULL,NULL,NULL,0,1,'2024-01-30 15:12:50',NULL,NULL,1,1),(1165,'0105596','003622258','SANCHEZ VALLE, YERISMAR ROSSELINES',NULL,1,2,'yerismar.sanchez.sf@gmail.com','blank.png',NULL,NULL,NULL,0,1,'2024-01-30 15:12:50',NULL,NULL,1,1),(1166,'0105597','41296550','TANGOA MOREY, GADI',NULL,2,1,'gaditangoa@gmail.com','blank.png',NULL,NULL,NULL,0,1,'2024-01-30 15:12:50',NULL,NULL,1,1),(1167,'0105599','72566487','SULCACONDOR JARA, ALESSANDRA PAOLA',NULL,3,1,'alessandra.sulcacondor@gmail.com','blank.png',NULL,NULL,NULL,0,1,'2024-01-30 15:12:50',NULL,NULL,1,1),(1168,'0105600','47218687','TORALVA MONZON, SANTIAGO EMILIO',NULL,3,1,'toralva2011@gmail.com','blank.png',NULL,NULL,NULL,0,1,'2024-01-30 15:12:50',NULL,NULL,1,1),(1169,'0105603','72902100','URBINA CAMERO, SALY MILAGROS',NULL,3,1,'salyurbina@gmail.com','blank.png',NULL,NULL,NULL,0,1,'2024-01-30 15:12:50',NULL,NULL,1,1),(1170,'0105604','43836138','CUEVA LEZAMETA, EVELYN MILAGROS',NULL,2,1,'evelyn.c.lezameta@gmail.com','blank.png',NULL,NULL,NULL,0,1,'2024-01-30 15:12:50',NULL,NULL,1,1),(1171,'0105605','43064967','ROMERO CANCHANYA, PATRICIA ELENI',NULL,2,1,'romeroeleni3@gmail.com','blank.png',NULL,NULL,NULL,0,1,'2024-01-30 15:12:50',NULL,NULL,1,1),(1172,'0105606','45907990','MARCELO DE LA CRUZ, NOELIA LISSET',NULL,2,1,'noelis2503@gmail.com','blank.png',NULL,NULL,NULL,0,1,'2024-01-30 15:12:50',NULL,NULL,1,1),(1173,'0105615','46108638','ROBLES BALAREZO, JESSICA DANISSA',NULL,2,1,'danissita8926@gmail.com','blank.png',NULL,NULL,NULL,0,1,'2024-01-30 15:12:50',NULL,NULL,1,1),(1174,'0105616','47495161','ZUÑIGA ANGLES, LUZ RAQUEL',NULL,2,1,'kelita.zuan.1@gmail.com','blank.png',NULL,NULL,NULL,0,1,'2024-01-30 15:12:50',NULL,NULL,1,1),(1175,'0101716','07200131','OBANDO ZEGARRA, CHARO ASUNCION',NULL,NULL,NULL,'chobando@gmail.com','blank.png',NULL,NULL,NULL,0,1,'2024-02-23 16:21:39',NULL,NULL,1,1),(1176,'0101958','40623090','TERRAZO ATENCIO, JUANA AMELIA',NULL,1,NULL,'ameliata80.JaTa@gmail.com','blank.png',NULL,NULL,NULL,0,1,'2024-02-23 16:21:39',NULL,NULL,1,1),(1177,'1232131','12312312','babababa',3,3,4,'fawrwea@fawef.com',NULL,NULL,NULL,NULL,0,1,'2024-05-24 16:13:31',NULL,NULL,1,1);
/*!40000 ALTER TABLE `srd_usuarios` ENABLE KEYS */;
UNLOCK TABLES;

--
-- Dumping routines for database 'sirade'
--
/*!40103 SET TIME_ZONE=@OLD_TIME_ZONE */;

/*!40101 SET SQL_MODE=@OLD_SQL_MODE */;
/*!40014 SET FOREIGN_KEY_CHECKS=@OLD_FOREIGN_KEY_CHECKS */;
/*!40014 SET UNIQUE_CHECKS=@OLD_UNIQUE_CHECKS */;
/*!40101 SET CHARACTER_SET_CLIENT=@OLD_CHARACTER_SET_CLIENT */;
/*!40101 SET CHARACTER_SET_RESULTS=@OLD_CHARACTER_SET_RESULTS */;
/*!40101 SET COLLATION_CONNECTION=@OLD_COLLATION_CONNECTION */;
/*!40111 SET SQL_NOTES=@OLD_SQL_NOTES */;

-- Dump completed on 2024-11-29 16:44:12
